Peptides, PeptideUnique, RateConstants, Correlations, RootMeanRSS, AbsoluteIsotopeError, Charge, m/z(Sequence), NEH, Aboundance, NDP, Rsquared,sigma
LILEQMQK, Yes, 0.21542, 0.987957, 0.014664, 0.057538,  2,   501.78622,  15, 33554500.000000, 11.000000, 0.967532, 0.016746
AAALEFLNR, Yes, 0.29482, 0.989613, 0.031610, 0.152966,  2,   502.77979,  22, 21547284.000000, 11.000000, 0.880886, 0.036966
cMMAQYNR, Yes, 0.10614, 0.955749, 0.030708, 0.130428,  2,   537.21991,  17, 7197291.500000, 11.000000, 0.811159, 0.018441
LLEFQLALK, Yes, 0.21951, 0.992845, 0.019057, 0.093356,  2,   537.83148,  15, 16784912.000000, 11.000000, 0.961492, 0.022563
DPQALSEHLK, Yes, 0.22029, 0.988817, 0.020146, 0.086563,  2,   569.29858,  23, 17072654.000000, 11.000000, 0.964674, 0.018428
LDPQNHVLYSNR, Yes, 0.19563, 0.957457, 0.030977, 0.029791,  3,   485.91614,  23, 22008418.000000, 11.000000, 0.849816, 0.027836
ELIEQLQNKPSDLGTK, Yes, 0.26448, 0.990837, 0.013356, 0.083782,  3,   604.99487,  30, 13107530.000000, 11.000000, 0.974831, 0.018272
AMADPEVQQIMSDPAMR, Yes, 0.06166, 0.633038, 0.067681, 0.370214,  2,   945.43134,  43, 15891453.000000, 11.000000, 0.190134, 0.019219
ALSAGNIDDALQcYSEAIK, Yes, 0.09249, 0.613493, 0.064452, 0.019966,  2,  1019.99109,  42, 6412094.500000, 11.000000, -0.791063, 0.030356
ELDPTNMTYITNQAAVHFEK, Yes, 0.18719, 0.969775, 0.019608, 0.079681,  3,   774.70721,  36, 8589741.000000, 11.000000, 0.909002, 0.024269
LMDVGLIAIR, Yes, 0.17997, 0.979300, 0.021238, 0.062703,  2,   550.82843,  16, 28996564.000000, 11.000000, 0.918087, 0.019701


MeanRateConst/CorrCutOff, 0.222167, 0.900000


MedianRateConst/RMSSCutOff, 0.215422, 0.050000
StandDev/NumberPeptides, 0.039341, 8
TotalIonCurrent, 5.1601e+09
