Proteins,RateConstant,SD,CI lower bound,CI upper bound,Number of peptides,,Filters -> ,RMSE <= 0.05,pearson correlation value >= 0.9,Sigma <= 0.05,Rsquared >= 0.9,Abundance >= 20000000,NDP >= 4,AbsoluteIsotopeError <= 0.3
1433B_MOUSE,0.218235,0.0132841694214097,0.191666661157181,0.244803338842819,6
1433E_MOUSE,0.23183,0.0132221899273326,0.205385620145335,0.258274379854665,6
1433F_MOUSE,0.13661,0.0133200682837862,0.109969863432428,0.163250136567573,2
1433G_MOUSE,0.2265,0.0179085893303885,0.190682821339223,0.262317178660777,3
1433T_MOUSE,0.33005,0.0277464852427218,0.274557029514556,0.385542970485444,3
1433Z_MOUSE,0.2138,0.00948612983028136,0.194827740339437,0.232772259660563,7
2AAA_MOUSE,0.21902,0.0194823019423345,0.180055396115331,0.257984603884669,3
3BHS3_MOUSE,0.28435,0.0319707299145192,0.220408540170962,0.348291459829038,4
3BHS5_MOUSE,0,0,0,0,0
3BHS7_MOUSE,0.50492,0.042385,0.42015,0.58969,1
3HAO_MOUSE,0.17589,0.0108464016068593,0.154197196786281,0.197582803213719,10
3HIDH_MOUSE,0.101475,0.0046690947747581,0.0921368104504838,0.110813189549516,8
6PGD_MOUSE,0.14672,0.0103744772762396,0.125971045447521,0.167468954552479,7
6PGL_MOUSE,0.16763,0.00947608025386288,0.148677839492274,0.186582160507726,5
A16A1_MOUSE,0.16973,0.019851,0.130028,0.209432,1
A1AT1_MOUSE,0,0,0,0,0
A1AT2_MOUSE,0,0,0,0,0
A1AT3_MOUSE,0,0,0,0,0
A1AT4_MOUSE,0,0,0,0,0
A1AT5_MOUSE,0,0,0,0,0
A1CF_MOUSE,0.21763,0.0239378724843743,0.169754255031251,0.265505744968749,3
AAAD_MOUSE,0.26946,0.0256493265692367,0.218161346861527,0.320758653138473,3
AACS_MOUSE,0.26331,0.03886,0.18559,0.34103,1
AADAT_MOUSE,0.099415,0.00640213793938842,0.0866107241212232,0.112219275878777,4
AAKG1_MOUSE,0,0,0,0,0
AASS_MOUSE,0.12137,0.00769087936632962,0.105988241267341,0.136751758732659,19
AATC_MOUSE,0.14948,0.00910214951348754,0.131275700973025,0.167684299026975,15
AATM_MOUSE,0.10243,0.00451850169543403,0.0933929966091319,0.111467003390868,27
ABCA6_MOUSE,0,0,0,0,0
ABCB6_MOUSE,0,0,0,0,0
ABCB7_MOUSE,0,0,0,0,0
ABCBA_MOUSE,0.08232,0.005715,0.07089,0.09375,1
ABCBB_MOUSE,0.24238,0.0126112846378418,0.217157430724316,0.267602569275684,3
ABCD3_MOUSE,0.25078,0.0215125163963278,0.207754967207344,0.293805032792656,9
ABCE1_MOUSE,0,0,0,0,0
ABCG2_MOUSE,0.32061,0.035941,0.248728,0.392492,1
ABHDB_MOUSE,0.12756,0.008884,0.109792,0.145328,1
ABHEB_MOUSE,0.151365,0.00810732925525717,0.135150341489486,0.167579658510514,8
ABRAL_MOUSE,0,0,0,0,0
ACACA_MOUSE,0.26906,0.0249567477931453,0.219146504413709,0.318973495586291,2
ACACB_MOUSE,0,0,0,0,0
ACAD8_MOUSE,0.09028,0.00642607384400949,0.077427852311981,0.103132147688019,4
ACAD9_MOUSE,0,0,0,0,0
ACADL_MOUSE,0.10827,0.00536484428134216,0.0975403114373157,0.118999688562684,14
ACADM_MOUSE,0.17212,0.00957370773810659,0.152972584523787,0.191267415476213,15
ACADS_MOUSE,0.105195,0.00520631761530444,0.0947823647693911,0.115607635230609,16
ACADV_MOUSE,0.264295,0.0191179870777824,0.226059025844435,0.302530974155565,12
ACBD5_MOUSE,0.389875,0.0355843524303653,0.318706295139269,0.461043704860731,4
ACBP_MOUSE,0.16137,0.0103737784157601,0.14062244316848,0.18211755683152,7
ACD10_MOUSE,0.10554,0.0064119060813767,0.0927161878372466,0.118363812162753,2
ACD11_MOUSE,0.515925,0.0405810097423448,0.43476298051531,0.59708701948469,4
ACDSB_MOUSE,0.22823,0.0152918296915885,0.197646340616823,0.258813659383177,3
ACLY_MOUSE,0.2439,0.0195582243920433,0.204783551215913,0.283016448784087,20
ACO12_MOUSE,0.28032,0.0264939845111326,0.227332030977735,0.333307969022265,2
ACO13_MOUSE,0.11493,0.00849344968574023,0.0979431006285195,0.13191689937148,4
ACOC_MOUSE,0.15748,0.0110910125387999,0.1352979749224,0.1796620250776,24
ACON_MOUSE,0.11779,0.00720488882629739,0.103380222347405,0.132199777652595,27
ACOT1_MOUSE,0.14419,0.0105667193558705,0.123056561288259,0.165323438711741,4
ACOT2_MOUSE,0,0,0,0,0
ACOT3_MOUSE,0,0,0,0,0
ACOT4_MOUSE,0.26737,0.019839678812371,0.227690642375258,0.307049357624742,3
ACOX1_MOUSE,0.6805,0.0479582606799414,0.584583478640117,0.776416521359883,5
ACOX2_MOUSE,0.305925,0.0250963024884465,0.255732395023107,0.356117604976893,8
ACPM_MOUSE,0.12489,0.004993,0.114904,0.134876,1
ACSA_MOUSE,0.195935,0.0200898276966718,0.155755344606656,0.236114655393344,2
ACSF2_MOUSE,0.1397,0.00731843284420521,0.12506313431159,0.15433686568841,17
ACSF3_MOUSE,0,0,0,0,0
ACSL1_MOUSE,0.22804,0.0170358529814646,0.193968294037071,0.262111705962929,29
ACSL5_MOUSE,0.27376,0.0220513509365803,0.229657298126839,0.317862701873161,10
ACSM1_MOUSE,0.117025,0.00719500828479196,0.102634983430416,0.131415016569584,16
ACSM3_MOUSE,0.12024,0.0113577743567187,0.0975244512865626,0.142955548713437,2
ACSM5_MOUSE,0.12299,0.00593839315512555,0.111113213689749,0.134866786310251,3
ACSS3_MOUSE,0.16765,0.01956,0.12853,0.20677,1
ACTBL_MOUSE,0,0,0,0,0
ACTB_MOUSE,0.13724,0.00838725454088442,0.120465490918231,0.154014509081769,32
ACTC_MOUSE,0.14896,0.012474,0.124012,0.173908,1
ACTN1_MOUSE,0.16514,0.011313406782101,0.142513186435798,0.187766813564202,10
ACTN4_MOUSE,0.18178,0.0121076684413535,0.157564663117293,0.205995336882707,12
ACTS_MOUSE,0,0,0,0,0
ACTZ_MOUSE,0,0,0,0,0
ACY1_MOUSE,0.09847,0.008819,0.080832,0.116108,1
ACY3_MOUSE,0.1144,0.00889285297893469,0.0966142940421306,0.132185705957869,3
ADH1_MOUSE,0.13805,0.00929199185304604,0.119466016293908,0.156633983706092,35
ADH4_MOUSE,0.40579,0.03338,0.33903,0.47255,1
ADHX_MOUSE,0.14563,0.00859266475837375,0.128444670483253,0.162815329516747,13
ADK_MOUSE,0.21665,0.0122958530858766,0.192058293828247,0.241241706171753,13
ADPGK_MOUSE,0,0,0,0,0
ADRM1_MOUSE,0,0,0,0,0
ADRO_MOUSE,0,0,0,0,0
ADT1_MOUSE,0.12024,0.00599934330135042,0.108241313397299,0.132238686602701,8
ADT2_MOUSE,0.13623,0.00642192963369985,0.1233861407326,0.1490738592674,5
ADX_MOUSE,0,0,0,0,0
AEDO_MOUSE,0,0,0,0,0
AFAD_MOUSE,0,0,0,0,0
AFG1L_MOUSE,0,0,0,0,0
AFG32_MOUSE,0,0,0,0,0
AGFG2_MOUSE,0,0,0,0,0
AGM1_MOUSE,0.17419,0.011923,0.150344,0.198036,1
AGT2_MOUSE,0.09372,0.00659970688283779,0.0805205862343244,0.106919413765676,15
AIFM1_MOUSE,0.12205,0.00682717002989137,0.108395659940217,0.135704340059783,11
AIMP1_MOUSE,0,0,0,0,0
AIMP2_MOUSE,0,0,0,0,0
AK1A1_MOUSE,0.14743,0.00647072963211776,0.134488540735764,0.160371459264236,10
AK1CD_MOUSE,0.15023,0.00986240272329392,0.130505194553412,0.169954805446588,17
AK1D1_MOUSE,0.155165,0.0116792504860378,0.131806499027924,0.178523500972076,8
AKC1H_MOUSE,0.13907,0.0125422700227352,0.11398545995453,0.16415454004547,3
AKCL2_MOUSE,0.10824,0.009873,0.088494,0.127986,1
AL1A1_MOUSE,0.185225,0.0124249806566711,0.160375038686658,0.210074961313342,36
AL1A7_MOUSE,0.18263,0.0132088943272845,0.156212211345431,0.209047788654569,13
AL1B1_MOUSE,0.096505,0.00667418392113661,0.0831566321577268,0.109853367842273,8
AL1L1_MOUSE,0.21407,0.0130389173454888,0.187992165309022,0.240147834690978,54
AL3A2_MOUSE,0.192065,0.0112816906873504,0.169501618625299,0.214628381374701,22
AL4A1_MOUSE,0.11634,0.00578772323569105,0.104764553528618,0.127915446471382,18
AL7A1_MOUSE,0.134635,0.00696486614517436,0.120705267709651,0.148564732290349,16
AL8A1_MOUSE,0.1799,0.0124004923258609,0.155099015348278,0.204700984651722,18
AL9A1_MOUSE,0.15209,0.00944845874974002,0.13319308250052,0.17098691749948,17
ALAT1_MOUSE,0.28609,0.0221745842753166,0.241740831449367,0.330439168550633,10
ALAT2_MOUSE,0.30491,0.032934,0.239042,0.370778,1
ALBU_MOUSE,0.206125,0.0206004346225254,0.164924130754949,0.247325869245051,28
ALDH2_MOUSE,0.30102,0.0186268702709217,0.263766259458157,0.338273740541843,27
ALDOA_MOUSE,0.3098,0.0252937346384118,0.259212530723176,0.360387469276824,2
ALDOB_MOUSE,0.3103,0.0181865555083672,0.273926888983266,0.346673111016734,24
ALDR_MOUSE,0,0,0,0,0
ALKMO_MOUSE,0,0,0,0,0
AMACR_MOUSE,0.22212,0.0164156487251903,0.189288702549619,0.254951297450381,5
AMBP_MOUSE,0,0,0,0,0
AMPB_MOUSE,0,0,0,0,0
AMPE_MOUSE,0,0,0,0,0
AMPL_MOUSE,0.185825,0.0120761700900082,0.161672659819984,0.209977340180016,20
AMPN_MOUSE,0,0,0,0,0
AN32A_MOUSE,0.16042,0.0096386120314372,0.141142775937126,0.179697224062874,3
AN32B_MOUSE,0.24306,0.028708,0.185644,0.300476,1
AN32E_MOUSE,0,0,0,0,0
ANM5_MOUSE,0,0,0,0,0
ANR28_MOUSE,0,0,0,0,0
ANT3_MOUSE,0,0,0,0,0
ANX11_MOUSE,0,0,0,0,0
ANXA1_MOUSE,0,0,0,0,0
ANXA2_MOUSE,0.07141,0.00552241295241613,0.0603651740951677,0.0824548259048323,3
ANXA3_MOUSE,0,0,0,0,0
ANXA4_MOUSE,0.203905,0.0158625241434335,0.172179951713133,0.235630048286867,6
ANXA5_MOUSE,0.14801,0.00963427272364276,0.128741454552714,0.167278545447286,8
ANXA6_MOUSE,0.21849,0.0122976237141914,0.193894752571617,0.243085247428383,15
ANXA7_MOUSE,0.272375,0.0284933295707219,0.215388340858556,0.329361659141444,4
AOFA_MOUSE,0.13308,0.012652,0.107776,0.158384,1
AOFB_MOUSE,0.141415,0.00964963327991214,0.122115733440176,0.160714266559824,10
AOXA_MOUSE,0.29709,0.030574,0.235942,0.358238,1
AOXC_MOUSE,0.30964,0.0210408038592016,0.267558392281597,0.351721607718403,22
AP1B1_MOUSE,0.13199,0.00813684302908233,0.115716313941835,0.148263686058165,9
AP1M1_MOUSE,0,0,0,0,0
AP2A1_MOUSE,0.153555,0.0146134833754693,0.124328033249061,0.182781966750939,4
AP2A2_MOUSE,0.18318,0.0175413168252165,0.148097366349567,0.218262633650433,2
AP2B1_MOUSE,0.16833,0.021382,0.125566,0.211094,1
AP2M1_MOUSE,0,0,0,0,0
AP2S1_MOUSE,0,0,0,0,0
AP4A_MOUSE,0,0,0,0,0
APEH_MOUSE,0.17964,0.0232084430753323,0.133223113849335,0.226056886150665,2
APEX1_MOUSE,0,0,0,0,0
API5_MOUSE,0,0,0,0,0
APMAP_MOUSE,0,0,0,0,0
APOA1_MOUSE,0.26382,0.046284,0.171252,0.356388,1
APOA2_MOUSE,0,0,0,0,0
APOA4_MOUSE,0.18846,0.018365,0.15173,0.22519,1
APOA5_MOUSE,0,0,0,0,0
APOB_MOUSE,0,0,0,0,0
APOE_MOUSE,0,0,0,0,0
APOH_MOUSE,0,0,0,0,0
APT_MOUSE,0.1067,0.014618,0.077464,0.135936,1
AQP1_MOUSE,0.12494,0.018671,0.087598,0.162282,1
ARC1A_MOUSE,0.13501,0.011673,0.111664,0.158356,1
ARC1B_MOUSE,0,0,0,0,0
ARCH_MOUSE,0,0,0,0,0
ARF1_MOUSE,0.31811,0.0264360858213424,0.265237828357315,0.370982171642685,6
ARF4_MOUSE,0.31881,0.041861,0.235088,0.402532,1
ARF6_MOUSE,0.0682,0.00490279752026705,0.0583944049594659,0.0780055950405341,2
ARFG2_MOUSE,0,0,0,0,0
ARGI1_MOUSE,0.15224,0.00833499297782987,0.13557001404434,0.16890998595566,29
ARK72_MOUSE,0.15915,0.00715974551598252,0.144830508968035,0.173469491031965,7
ARL1_MOUSE,0,0,0,0,0
ARLY_MOUSE,0.19422,0.0110466071526074,0.172126785694785,0.216313214305215,21
ARP2_MOUSE,0.158035,0.0117391592073053,0.134556681585389,0.18151331841461,4
ARP3_MOUSE,0.12313,0.00810141701630196,0.106927165967396,0.139332834032604,3
ARP5L_MOUSE,0.12177,0.010516,0.100738,0.142802,1
ARPC2_MOUSE,0.09273,0.006051,0.080628,0.104832,1
ARPC3_MOUSE,0.17483,0.0128200208241678,0.149189958351664,0.200470041648336,2
ARPC4_MOUSE,0.095465,0.0103019720164609,0.0748610559670782,0.116068944032922,2
ARPC5_MOUSE,0,0,0,0,0
ARSB_MOUSE,0,0,0,0,0
ARY2_MOUSE,0,0,0,0,0
AS3MT_MOUSE,0,0,0,0,0
ASAH1_MOUSE,0.16774,0.00743452409438352,0.152870951811233,0.182609048188767,2
ASGL1_MOUSE,0,0,0,0,0
ASGR1_MOUSE,0,0,0,0,0
ASPD_MOUSE,0.12114,0.00976795726578901,0.101604085468422,0.140675914531578,5
ASPG_MOUSE,0,0,0,0,0
ASPH_MOUSE,0,0,0,0,0
ASSY_MOUSE,0.17446,0.011135736368261,0.152188527263478,0.196731472736522,42
AT11C_MOUSE,0.160355,0.0126506231860415,0.135053753627917,0.185656246372083,4
AT131_MOUSE,0.06663,0.015445,0.03574,0.09752,1
AT1A1_MOUSE,0.134775,0.00947744839754002,0.11582010320492,0.15372989679508,10
AT1B1_MOUSE,0.13217,0.006151,0.119868,0.144472,1
AT1B3_MOUSE,0.0973,0.012934,0.071432,0.123168,1
AT2A2_MOUSE,0.217685,0.0211345062221715,0.175415987555657,0.259954012444343,2
AT2L1_MOUSE,0,0,0,0,0
AT5F1_MOUSE,0.096415,0.00451833386478904,0.0873783322704219,0.105451667729578,10
ATAD3_MOUSE,0.129555,0.00982410157844944,0.109906796843101,0.149203203156899,2
ATG3_MOUSE,0,0,0,0,0
ATG7_MOUSE,0,0,0,0,0
ATLA2_MOUSE,0,0,0,0,0
ATLA3_MOUSE,0.29741,0.027469,0.242472,0.352348,1
ATOX1_MOUSE,0.25625,0.0156311967048055,0.224987606590389,0.287512393409611,2
ATP5E_MOUSE,0.07617,0.002912,0.070346,0.081994,1
ATP5H_MOUSE,0.09436,0.00420732575162647,0.0859453484967471,0.102774651503253,10
ATP5I_MOUSE,0.10165,0.0044521735863235,0.092745652827353,0.110554347172647,2
ATP5J_MOUSE,0.10454,0.00458061266226915,0.0953787746754617,0.113701225324538,5
ATP5L_MOUSE,0.084795,0.00412675767865636,0.0765414846426873,0.0930485153573127,4
ATP6_MOUSE,0.08851,0.008429,0.071652,0.105368,1
ATP8_MOUSE,0.09008,0.009048,0.071984,0.108176,1
ATPA_MOUSE,0.10755,0.00505882051547496,0.0974323589690501,0.11766764103095,40
ATPB_MOUSE,0.10155,0.00426613447703131,0.0930177310459374,0.110082268954063,43
ATPD_MOUSE,0.09915,0.00403944363806299,0.091071112723874,0.107228887276126,7
ATPG_MOUSE,0.096075,0.00413533137327735,0.0878043372534453,0.104345662746555,8
ATPK_MOUSE,0.09155,0.00344506143694671,0.0846598771261066,0.0984401228738934,3
ATPMK_MOUSE,0.20928,0.0150182634730539,0.179243473053892,0.239316526946108,2
ATPO_MOUSE,0.084575,0.00334394305277911,0.0778871138944418,0.0912628861055582,6
ATX10_MOUSE,0,0,0,0,0
ATX2_MOUSE,0,0,0,0,0
AUHM_MOUSE,0,0,0,0,0
B2L13_MOUSE,0.0933,0.009811,0.073678,0.112922,1
B2MG_MOUSE,0,0,0,0,0
B3AT_MOUSE,0,0,0,0,0
BAAT_MOUSE,0.40671,0.0264718165162169,0.353766366967566,0.459653633032434,3
BABA2_MOUSE,0,0,0,0,0
BAG3_MOUSE,0.16664,0.013438,0.139764,0.193516,1
BAP31_MOUSE,0.22214,0.013466,0.195208,0.249072,1
BASI_MOUSE,0.24198,0.0191282720021729,0.203723455995654,0.280236544004346,4
BDH_MOUSE,0.11872,0.00587515538459675,0.106969689230806,0.130470310769193,12
BET1_MOUSE,0,0,0,0,0
BGAL_MOUSE,0,0,0,0,0
BGLR_MOUSE,0.119545,0.0118138792529521,0.0959172414940958,0.143172758505904,2
BHMT1_MOUSE,0.17539,0.0117220464755112,0.151945907048978,0.198834092951022,31
BIP_MOUSE,0.26822,0.0161577904114631,0.235904419177074,0.300535580822926,18
BLMH_MOUSE,0,0,0,0,0
BLVRB_MOUSE,0.14947,0.00905783075587998,0.13135433848824,0.16758566151176,10
BODG_MOUSE,0.3493,0.02386954532697,0.30156090934606,0.39703909065394,3
BOLA1_MOUSE,0,0,0,0,0
BPHL_MOUSE,0.13763,0.00787434901516359,0.121881301969673,0.153378698030327,8
BPNT1_MOUSE,0.16357,0.0126962669780164,0.138177466043967,0.188962533956033,7
BT3L4_MOUSE,0.17874,0.005884,0.166972,0.190508,1
BTD_MOUSE,0.41268,0.035284,0.342112,0.483248,1
BTF3_MOUSE,0,0,0,0,0
BUB3_MOUSE,0,0,0,0,0
BUP1_MOUSE,0,0,0,0,0
C19L1_MOUSE,0,0,0,0,0
C1QBP_MOUSE,0.11232,0.00706085794485942,0.0981982841102812,0.126441715889719,3
C1TC_MOUSE,0.1868,0.0137329491682376,0.159334101663525,0.214265898336475,20
C2CD2_MOUSE,0,0,0,0,0
C560_MOUSE,0.09208,0.00755483990840693,0.0769703201831861,0.107189679816814,2
CAB39_MOUSE,0,0,0,0,0
CACP_MOUSE,0.14439,0.00965,0.12509,0.16369,1
CADH2_MOUSE,0,0,0,0,0
CAF17_MOUSE,0,0,0,0,0
CAH1_MOUSE,0,0,0,0,0
CAH2_MOUSE,0,0,0,0,0
CAH3_MOUSE,0.13338,0.00879599368672156,0.115788012626557,0.150971987373443,32
CAH5A_MOUSE,0.16671,0.015801170828428,0.135107658343144,0.198312341656856,2
CALM1_MOUSE,0.19,0.012578202639432,0.164843594721136,0.215156405278864,6
CALR_MOUSE,0.24227,0.0144555624900195,0.213358875019961,0.271181124980039,13
CALU_MOUSE,0,0,0,0,0
CALX_MOUSE,0.32613,0.0267954554788909,0.272539089042218,0.379720910957782,3
CAN2_MOUSE,0,0,0,0,0
CAND1_MOUSE,0.188095,0.0151600123023928,0.157774975395214,0.218415024604786,2
CAP1_MOUSE,0.16025,0.0142730201109282,0.131703959778144,0.188796040221856,7
CAPR1_MOUSE,0.440255,0.0189407255052358,0.402373548989528,0.478136451010472,2
CAPZB_MOUSE,0.19212,0.0133480256725997,0.165423948654801,0.218816051345199,2
CASP6_MOUSE,0.26474,0.043905,0.17693,0.35255,1
CASP8_MOUSE,0,0,0,0,0
CATA_MOUSE,0.67503,0.0363951102153626,0.602239779569275,0.747820220430725,14
CATB_MOUSE,0.18346,0.0178188860788323,0.147822227842335,0.219097772157665,8
CATC_MOUSE,0.21004,0.021781,0.166478,0.253602,1
CATD_MOUSE,0.10373,0.0076383269538513,0.0884533460922974,0.119006653907703,11
CATF_MOUSE,0.11855,0.00878280412582748,0.100984391748345,0.136115608251655,2
CATH_MOUSE,0.156865,0.0114309640586872,0.134003071882626,0.179726928117374,4
CATL1_MOUSE,0,0,0,0,0
CATS_MOUSE,0,0,0,0,0
CATZ_MOUSE,0.16707,0.00983130027352852,0.147407399452943,0.186732600547057,2
CAVN2_MOUSE,0,0,0,0,0
CAZA2_MOUSE,0.20949,0.0194486746431129,0.170592650713774,0.248387349286226,3
CB072_MOUSE,0.34315,0.017694,0.307762,0.378538,1
CBG_MOUSE,0,0,0,0,0
CBPQ_MOUSE,0.121555,0.0142269916013635,0.0931010167972731,0.150008983202727,2
CBR1_MOUSE,0.17136,0.0142159037357598,0.14292819252848,0.19979180747152,8
CBR4_MOUSE,0.10186,0.00858708933084735,0.0846858213383053,0.119034178661695,4
CBS_MOUSE,0.349335,0.029087061626099,0.291160876747802,0.407509123252198,8
CC50A_MOUSE,0,0,0,0,0
CCD25_MOUSE,0,0,0,0,0
CCD47_MOUSE,0,0,0,0,0
CD166_MOUSE,0,0,0,0,0
CD2AP_MOUSE,0,0,0,0,0
CD36_MOUSE,0,0,0,0,0
CD38_MOUSE,0,0,0,0,0
CD47_MOUSE,0.14431,0.02691,0.09049,0.19813,1
CD82_MOUSE,0,0,0,0,0
CDC37_MOUSE,0,0,0,0,0
CDC42_MOUSE,0.26802,0.0261555990111155,0.215708801977769,0.320331198022231,2
CDIPT_MOUSE,0,0,0,0,0
CDS2_MOUSE,0,0,0,0,0
CEAM1_MOUSE,0.23243,0.045542,0.141346,0.323514,1
CELF1_MOUSE,0,0,0,0,0
CENPV_MOUSE,0.06779,0.00482379816351757,0.0581424036729649,0.0774375963270351,2
CEPT1_MOUSE,0,0,0,0,0
CERS2_MOUSE,0.344285,0.0222354650286585,0.299814069942683,0.388755930057317,2
CERT_MOUSE,0,0,0,0,0
CERU_MOUSE,0,0,0,0,0
CFAB_MOUSE,0,0,0,0,0
CFAH_MOUSE,0,0,0,0,0
CGL_MOUSE,0.18452,0.0122305994935741,0.160058801012852,0.208981198987148,14
CH082_MOUSE,0,0,0,0,0
CH10_MOUSE,0.11559,0.00686243987014254,0.101865120259715,0.129314879740285,4
CH60_MOUSE,0.10748,0.0054352144075311,0.0966095711849378,0.118350428815062,37
CHCH2_MOUSE,0,0,0,0,0
CHDH_MOUSE,0.113675,0.00762237195602942,0.0984302560879412,0.128919743912059,12
CHIL3_MOUSE,0,0,0,0,0
CHLE_MOUSE,0,0,0,0,0
CHP1_MOUSE,0,0,0,0,0
CHRD1_MOUSE,0,0,0,0,0
CHSP1_MOUSE,0.24987,0.038059,0.173752,0.325988,1
CIDEB_MOUSE,0,0,0,0,0
CING_MOUSE,0,0,0,0,0
CISD1_MOUSE,0.16154,0.01188948794701,0.13776102410598,0.18531897589402,3
CISY_MOUSE,0.091875,0.00530472345505179,0.0812655530898964,0.102484446910104,8
CK054_MOUSE,0.1758,0.0113098628569493,0.153180274286101,0.198419725713899,9
CK5P3_MOUSE,0,0,0,0,0
CKLF6_MOUSE,0,0,0,0,0
CKLF8_MOUSE,0,0,0,0,0
CLC4F_MOUSE,0,0,0,0,0
CLCB_MOUSE,0,0,0,0,0
CLH1_MOUSE,0.14182,0.00971368361102585,0.122392632777948,0.161247367222052,33
CLIC4_MOUSE,0,0,0,0,0
CLMN_MOUSE,0,0,0,0,0
CLPB_MOUSE,0,0,0,0,0
CLPP_MOUSE,0.10123,0.0101162712965972,0.0809974574068056,0.121462542593194,2
CLPT1_MOUSE,0,0,0,0,0
CLPX_MOUSE,0,0,0,0,0
CLUS_MOUSE,0,0,0,0,0
CLU_MOUSE,0,0,0,0,0
CLYBL_MOUSE,0.130515,0.00673253150481838,0.117049936990363,0.143980063009637,2
CMAH_MOUSE,0,0,0,0,0
CMBL_MOUSE,0.1654,0.0129140379730703,0.139571924053859,0.191228075946141,6
CMC1_MOUSE,0.10931,0.00543616846518394,0.0984376630696321,0.120182336930368,5
CMC2_MOUSE,0.11213,0.00677167690650552,0.098586646186989,0.125673353813011,19
CNBP_MOUSE,0,0,0,0,0
CNDP2_MOUSE,0.149805,0.0154282604449209,0.118948479110158,0.180661520889842,4
CNN3_MOUSE,0.27965,0.044106,0.191438,0.367862,1
CNPY2_MOUSE,0.25457,0.0232298975055259,0.208110204988948,0.301029795011052,3
CO1A1_MOUSE,0,0,0,0,0
CO1A2_MOUSE,0,0,0,0,0
CO3_MOUSE,0.23167,0.0211606349637297,0.189348730072541,0.273991269927459,2
CO4A1_MOUSE,0,0,0,0,0
CO4A2_MOUSE,0,0,0,0,0
CO4B_MOUSE,0,0,0,0,0
CO6A1_MOUSE,0,0,0,0,0
CO6A2_MOUSE,0,0,0,0,0
CO8A_MOUSE,0,0,0,0,0
COA6_MOUSE,0,0,0,0,0
COASY_MOUSE,0.21002,0.00937040759312321,0.191279184813754,0.228760815186246,2
COBL1_MOUSE,0,0,0,0,0
COEA1_MOUSE,0,0,0,0,0
COF1_MOUSE,0.30778,0.0186648873842649,0.27045022523147,0.34510977476853,5
COF2_MOUSE,0.19167,0.0192114871047495,0.153247025790501,0.230092974209499,2
COIA1_MOUSE,0,0,0,0,0
COMT_MOUSE,0.29618,0.0174994529133471,0.261181094173306,0.331178905826694,13
COPA_MOUSE,0.31406,0.0262983351275781,0.261463329744844,0.366656670255156,5
COPB2_MOUSE,0.26363,0.0255646929411824,0.212500614117635,0.314759385882365,5
COPB_MOUSE,0.28335,0.026542,0.230266,0.336434,1
COPD_MOUSE,0.35281,0.0265270894358573,0.299755821128285,0.405864178871715,4
COPE_MOUSE,0.38075,0.044658,0.291434,0.470066,1
COPG1_MOUSE,0.19369,0.0163849548692457,0.160920090261509,0.226459909738491,3
COPZ1_MOUSE,0,0,0,0,0
COQ3_MOUSE,0,0,0,0,0
COQ6_MOUSE,0,0,0,0,0
COQ7_MOUSE,0.2086,0.026007,0.156586,0.260614,1
COQ8A_MOUSE,0,0,0,0,0
COQ9_MOUSE,0.1188,0.0100679784848315,0.0986640430303369,0.138935956969663,3
COR1A_MOUSE,0,0,0,0,0
COR1B_MOUSE,0.228285,0.0184750583430572,0.191334883313886,0.265235116686114,2
COR1C_MOUSE,0,0,0,0,0
CORO7_MOUSE,0.15899,0.019166,0.120658,0.197322,1
COTL1_MOUSE,0.09989,0.010808,0.078274,0.121506,1
COX1_MOUSE,0.10656,0.00553860391633658,0.0954827921673268,0.117637207832673,3
COX2_MOUSE,0.10025,0.0064574815489828,0.0873350369020344,0.113164963097966,5
COX3_MOUSE,0.11209,0.005904,0.100282,0.123898,1
COX41_MOUSE,0.13333,0.0064661055927114,0.120397788814577,0.146262211185423,3
COX5A_MOUSE,0.120715,0.00456415320117098,0.111586693597658,0.129843306402342,6
COX5B_MOUSE,0.11854,0.00534967571282024,0.10784064857436,0.12923935142564,3
COX6C_MOUSE,0.11695,0.0119935685855084,0.0929628628289832,0.140937137171017,3
COX7R_MOUSE,0,0,0,0,0
CP1A2_MOUSE,0,0,0,0,0
CP237_MOUSE,0.48918,0.021416633291022,0.446346733417956,0.532013266582044,7
CP240_MOUSE,0,0,0,0,0
CP254_MOUSE,0.36793,0.049333,0.269264,0.466596,1
CP270_MOUSE,0,0,0,0,0
CP27A_MOUSE,0.264375,0.0192296783222902,0.22591564335542,0.30283435664458,4
CP2A5_MOUSE,0,0,0,0,0
CP2AC_MOUSE,0.298435,0.0185090302376192,0.261416939524762,0.335453060475238,2
CP2CN_MOUSE,0,0,0,0,0
CP2CT_MOUSE,0.55715,0.0405056757810682,0.476138648437864,0.638161351562136,6
CP2D9_MOUSE,0.416805,0.0419978517485781,0.332809296502844,0.500800703497156,4
CP2DA_MOUSE,0.4257,0.0322324479556736,0.361235104088653,0.490164895911347,8
CP2DB_MOUSE,0.38763,0.032255,0.32312,0.45214,1
CP2DQ_MOUSE,0.5281,0.0435068209955085,0.441086358008983,0.615113641991017,4
CP2E1_MOUSE,0,0,0,0,0
CP2F2_MOUSE,0.40625,0.0351223827623532,0.336005234475294,0.476494765524706,7
CP2J5_MOUSE,0,0,0,0,0
CP3AB_MOUSE,0,0,0,0,0
CP3AD_MOUSE,0.12383,0.013596,0.096638,0.151022,1
CP3AP_MOUSE,0.22959,0.031796,0.165998,0.293182,1
CP4AA_MOUSE,0,0,0,0,0
CP4AE_MOUSE,0,0,0,0,0
CP4B1_MOUSE,0,0,0,0,0
CP4CA_MOUSE,0.25349,0.028663,0.196164,0.310816,1
CP4CB_MOUSE,0,0,0,0,0
CP4FE_MOUSE,0.31524,0.028795,0.25765,0.37283,1
CP4V2_MOUSE,0,0,0,0,0
CP51A_MOUSE,0,0,0,0,0
CP7A1_MOUSE,0,0,0,0,0
CP7B1_MOUSE,0,0,0,0,0
CP8B1_MOUSE,0,0,0,0,0
CPNE3_MOUSE,0.28883,0.029133,0.230564,0.347096,1
CPNS1_MOUSE,0,0,0,0,0
CPPED_MOUSE,0,0,0,0,0
CPSF2_MOUSE,0,0,0,0,0
CPSF5_MOUSE,0,0,0,0,0
CPSF6_MOUSE,0,0,0,0,0
CPSM_MOUSE,0.104975,0.00491080158673629,0.0951533968265274,0.114796603173473,146
CPT1A_MOUSE,0.304135,0.0207173730167271,0.262700253966546,0.345569746033454,4
CPT2_MOUSE,0.15347,0.00868274877651178,0.136104502446976,0.170835497553024,16
CR1L_MOUSE,0,0,0,0,0
CRADD_MOUSE,0,0,0,0,0
CREL1_MOUSE,0.14062,0.011947,0.116726,0.164514,1
CREL2_MOUSE,0,0,0,0,0
CRIP2_MOUSE,0.17725,0.01939,0.13847,0.21603,1
CRK_MOUSE,0,0,0,0,0
CRYL1_MOUSE,0.06911,0.007207,0.054696,0.083524,1
CSAD_MOUSE,0.182475,0.0105662033919577,0.161342593216085,0.203607406783915,14
CSDE1_MOUSE,0,0,0,0,0
CSK21_MOUSE,0,0,0,0,0
CSN2_MOUSE,0,0,0,0,0
CSN4_MOUSE,0,0,0,0,0
CSN6_MOUSE,0,0,0,0,0
CSN7A_MOUSE,0,0,0,0,0
CSN8_MOUSE,0,0,0,0,0
CSRP3_MOUSE,0.12086,0.012245,0.09637,0.14535,1
CTNA1_MOUSE,0,0,0,0,0
CTNB1_MOUSE,0,0,0,0,0
CTND1_MOUSE,0.31997,0.040005,0.23996,0.39998,1
CUL1_MOUSE,0,0,0,0,0
CUL2_MOUSE,0,0,0,0,0
CUL3_MOUSE,0,0,0,0,0
CUTA_MOUSE,0.12997,0.008761,0.112448,0.147492,1
CUTC_MOUSE,0,0,0,0,0
CX6A1_MOUSE,0.12576,0.010146,0.105468,0.146052,1
CX6B1_MOUSE,0.132525,0.00531360064728149,0.121897798705437,0.143152201294563,4
CX7A2_MOUSE,0.12817,0.00782582406206534,0.112518351875869,0.143821648124131,3
CY1_MOUSE,0.095025,0.00510832082772828,0.0848083583445434,0.105241641655457,8
CY250_MOUSE,0,0,0,0,0
CYB5B_MOUSE,0.15006,0.0100170348297489,0.130025930340502,0.170094069659498,3
CYB5_MOUSE,0.253835,0.0177174124903022,0.218400175019396,0.289269824980604,6
CYB_MOUSE,0,0,0,0,0
CYC_MOUSE,0.12621,0.00641282528224209,0.113384349435516,0.139035650564484,8
CYFP1_MOUSE,0,0,0,0,0
CYTB_MOUSE,0.15464,0.0206666200292829,0.113306759941434,0.195973240058566,3
D39U1_MOUSE,0,0,0,0,0
DBNL_MOUSE,0,0,0,0,0
DC1I2_MOUSE,0,0,0,0,0
DC1L1_MOUSE,0,0,0,0,0
DCA11_MOUSE,0,0,0,0,0
DCAKD_MOUSE,0.27372,0.045731,0.182258,0.365182,1
DCMC_MOUSE,0.15364,0.014958,0.123724,0.183556,1
DCTN1_MOUSE,0,0,0,0,0
DCTN2_MOUSE,0,0,0,0,0
DCUP_MOUSE,0,0,0,0,0
DCXR_MOUSE,0.1544,0.010784516297397,0.132830967405206,0.175969032594794,5
DD19A_MOUSE,0,0,0,0,0
DDAH1_MOUSE,0.16215,0.00917949098569038,0.143791018028619,0.180508981971381,4
DDB1_MOUSE,0,0,0,0,0
DDC_MOUSE,0.162575,0.0117769667109447,0.139021066578111,0.186128933421889,2
DDI2_MOUSE,0,0,0,0,0
DDRGK_MOUSE,0,0,0,0,0
DDX17_MOUSE,0,0,0,0,0
DDX1_MOUSE,0.23622,0.02802100435575,0.1801779912885,0.2922620087115,4
DDX3X_MOUSE,0,0,0,0,0
DDX5_MOUSE,0,0,0,0,0
DDX6_MOUSE,0,0,0,0,0
DECR2_MOUSE,0.281295,0.021674942225543,0.237945115548914,0.324644884451086,4
DECR_MOUSE,0.10485,0.00448410704925688,0.0958817859014862,0.113818214098514,9
DEOC_MOUSE,0.32088,0.023322,0.274236,0.367524,1
DERL1_MOUSE,0,0,0,0,0
DESM_MOUSE,0,0,0,0,0
DESP_MOUSE,0,0,0,0,0
DEST_MOUSE,0.25683,0.0148532599791764,0.227123480041647,0.286536519958353,5
DHB11_MOUSE,0.38144,0.039887,0.301666,0.461214,1
DHB12_MOUSE,0.14358,0.0191215472338631,0.105336905532274,0.181823094467726,3
DHB13_MOUSE,0.366795,0.0280531354459676,0.310688729108065,0.422901270891935,2
DHB2_MOUSE,0.33728,0.0249024932748276,0.287475013450345,0.387084986549655,2
DHB4_MOUSE,0.344275,0.0193745340451962,0.305525931909608,0.383024068090392,12
DHB5_MOUSE,0.209335,0.0136645660041403,0.182005867991719,0.236664132008281,16
DHB7_MOUSE,0,0,0,0,0
DHB8_MOUSE,0.13321,0.00692608641124584,0.119357827177508,0.147062172822492,5
DHC24_MOUSE,0,0,0,0,0
DHCR7_MOUSE,0.16932,0.018238,0.132844,0.205796,1
DHDH_MOUSE,0.165445,0.0100611868392413,0.145322626321517,0.185567373678483,4
DHE3_MOUSE,0.10539,0.00513880521856922,0.0951123895628616,0.115667610437138,45
DHI1_MOUSE,0.22484,0.0151774320577819,0.194485135884436,0.255194864115564,7
DHPR_MOUSE,0.13897,0.00855242106522247,0.121865157869555,0.156074842130445,15
DHR11_MOUSE,0,0,0,0,0
DHRS1_MOUSE,0.23986,0.0159163741076608,0.208027251784678,0.271692748215322,9
DHRS4_MOUSE,0.18787,0.0145388946533317,0.158792210693337,0.216947789306663,5
DHRS7_MOUSE,0,0,0,0,0
DHSD_MOUSE,0,0,0,0,0
DHSO_MOUSE,0.16894,0.009715360994126,0.149509278011748,0.188370721988252,32
DHTK1_MOUSE,0.08318,0.00595073705322568,0.0712785258935486,0.0950814741064514,4
DHX15_MOUSE,0,0,0,0,0
DHX9_MOUSE,0.32173,0.0257866016037604,0.270156796792479,0.373303203207521,3
DIC_MOUSE,0.19445,0.00884277671602799,0.176764446567944,0.212135553432056,5
DJB11_MOUSE,0,0,0,0,0
DLDH_MOUSE,0.09924,0.0055256189650731,0.0881887620698538,0.110291237930146,14
DNJA1_MOUSE,0.08108,0.007463,0.066154,0.096006,1
DNJA2_MOUSE,0.3049,0.04753,0.20984,0.39996,1
DNJA3_MOUSE,0,0,0,0,0
DNJB2_MOUSE,0,0,0,0,0
DNJC3_MOUSE,0,0,0,0,0
DNM1L_MOUSE,0,0,0,0,0
DNPEP_MOUSE,0.12663,0.0105994736255607,0.105431052748879,0.147828947251121,3
DOPD_MOUSE,0.13203,0.00771893516816,0.11659212966368,0.14746787033632,14
DPP2_MOUSE,0.1059,0.010242,0.085416,0.126384,1
DPP3_MOUSE,0.21049,0.0242064596295848,0.16207708074083,0.25890291925917,2
DPP4_MOUSE,0.12466,0.00931470430033061,0.106030591399339,0.143289408600661,6
DPTOR_MOUSE,0,0,0,0,0
DPYD_MOUSE,0.30114,0.0202051572275536,0.260729685544893,0.341550314455107,3
DPYL2_MOUSE,0.09858,0.00876633843408842,0.0810473231318232,0.116112676868177,3
DPYS_MOUSE,0.20502,0.0136539849602269,0.177712030079546,0.232327969920454,5
DRG1_MOUSE,0,0,0,0,0
DRS7B_MOUSE,0,0,0,0,0
DSC2_MOUSE,0,0,0,0,0
DTX3L_MOUSE,0,0,0,0,0
DX39B_MOUSE,0.0911,0.012604,0.065892,0.116308,1
DYHC1_MOUSE,0.21989,0.024603,0.170684,0.269096,1
DYN2_MOUSE,0,0,0,0,0
DYR_MOUSE,0.30057,0.036127,0.228316,0.372824,1
E41L5_MOUSE,0,0,0,0,0
EBP_MOUSE,0.19253,0.006538,0.179454,0.205606,1
ECH1_MOUSE,0.41629,0.032602940831178,0.351084118337644,0.481495881662356,3
ECHA_MOUSE,0.12986,0.00658283938515209,0.116694321229696,0.143025678770304,39
ECHB_MOUSE,0.10743,0.0060789455394231,0.0952721089211538,0.119587891078846,21
ECHD1_MOUSE,0.17899,0.010517,0.157956,0.200024,1
ECHD2_MOUSE,0.114795,0.00493276924939458,0.104929461501211,0.124660538498789,8
ECHD3_MOUSE,0.09211,0.00941825152312646,0.0732734969537471,0.110946503046253,3
ECHM_MOUSE,0.1087,0.00539155256096334,0.0979168948780733,0.119483105121927,13
ECHP_MOUSE,0.220485,0.018833783767755,0.18281743246449,0.25815256753551,26
ECI1_MOUSE,0.101825,0.00538568436854638,0.0910536312629072,0.112596368737093,10
ECI2_MOUSE,0.168485,0.0155508481582083,0.137383303683583,0.199586696316417,8
ECM29_MOUSE,0,0,0,0,0
ECSIT_MOUSE,0,0,0,0,0
EDEM1_MOUSE,0,0,0,0,0
EEA1_MOUSE,0,0,0,0,0
EF1A1_MOUSE,0.143425,0.00842239082023925,0.126580218359522,0.160269781640479,22
EF1B_MOUSE,0.08326,0.00571187573271355,0.0718362485345729,0.0946837514654271,3
EF1D_MOUSE,0.1562,0.00912610999374737,0.137947780012505,0.174452219987495,5
EF1G_MOUSE,0.09256,0.00613146720689612,0.0802970655862078,0.104822934413792,8
EF2_MOUSE,0.23731,0.0154792660237405,0.206351467952519,0.268268532047481,29
EFGM_MOUSE,0,0,0,0,0
EFHD2_MOUSE,0,0,0,0,0
EFTU_MOUSE,0.13886,0.00741850107138609,0.124022997857228,0.153697002142772,12
EGFR_MOUSE,0.33122,0.036563,0.258094,0.404346,1
EHD1_MOUSE,0.248745,0.0342147907315162,0.180315418536968,0.317174581463032,2
EHD3_MOUSE,0.28749,0.032375,0.22274,0.35224,1
EI2BE_MOUSE,0,0,0,0,0
EI3JA_MOUSE,0.42769,0.039731,0.348228,0.507152,1
EIF1_MOUSE,0,0,0,0,0
EIF2A_MOUSE,0,0,0,0,0
EIF3A_MOUSE,0.220685,0.0194064461309787,0.181872107738043,0.259497892261957,6
EIF3B_MOUSE,0.19263,0.023767,0.145096,0.240164,1
EIF3C_MOUSE,0.11996,0.004333,0.111294,0.128626,1
EIF3D_MOUSE,0,0,0,0,0
EIF3E_MOUSE,0.158555,0.0203171487565866,0.117920702486827,0.199189297513173,2
EIF3F_MOUSE,0.208795,0.0115302503903361,0.185734499219328,0.231855500780672,2
EIF3G_MOUSE,0,0,0,0,0
EIF3H_MOUSE,0.24135,0.035459,0.170432,0.312268,1
EIF3I_MOUSE,0.22312,0.030654,0.161812,0.284428,1
EIF3L_MOUSE,0.20313,0.024349,0.154432,0.251828,1
EIF3M_MOUSE,0.20622,0.0203556039277557,0.165508792144489,0.246931207855511,2
EKI2_MOUSE,0,0,0,0,0
ELAV1_MOUSE,0,0,0,0,0
ELOC_MOUSE,0.20625,0.0178949598012395,0.170460080397521,0.242039919602479,2
ELOV2_MOUSE,0,0,0,0,0
EMC10_MOUSE,0,0,0,0,0
EMC1_MOUSE,0,0,0,0,0
EMC2_MOUSE,0,0,0,0,0
EMC3_MOUSE,0,0,0,0,0
ENOA_MOUSE,0.1571,0.00738561826884535,0.142328763462309,0.171871236537691,23
ENPL_MOUSE,0.2561,0.0180459023870243,0.220008195225951,0.292191804774049,26
ENPP1_MOUSE,0.1412,0.01348612807402,0.11422774385196,0.16817225614804,2
ENPP3_MOUSE,0,0,0,0,0
ENTP5_MOUSE,0.37457,0.0256071724304508,0.323355655139098,0.425784344860902,4
EPB41_MOUSE,0,0,0,0,0
EPIPL_MOUSE,0.40102,0.036259,0.328502,0.473538,1
EPN1_MOUSE,0.20872,0.029583,0.149554,0.267886,1
EPS15_MOUSE,0,0,0,0,0
ERAP1_MOUSE,0.244345,0.0223540264364474,0.199636947127105,0.289053052872895,2
ERD21_MOUSE,0.1841,0.031539,0.121022,0.247178,1
ERD22_MOUSE,0,0,0,0,0
ERF1_MOUSE,0.29955,0.031206,0.237138,0.361962,1
ERF3A_MOUSE,0.17445,0.024092,0.126266,0.222634,1
ERG24_MOUSE,0,0,0,0,0
ERGI1_MOUSE,0,0,0,0,0
ERLEC_MOUSE,0,0,0,0,0
ERLN2_MOUSE,0.27586,0.03893,0.198,0.35372,1
ERO1B_MOUSE,0,0,0,0,0
ERP29_MOUSE,0.20939,0.0173762121638348,0.17463757567233,0.24414242432767,2
ERP44_MOUSE,0,0,0,0,0
ES8L2_MOUSE,0,0,0,0,0
EST1C_MOUSE,0.26957,0.007508,0.254554,0.284586,1
EST1D_MOUSE,0.21569,0.0129411935682804,0.189807612863439,0.241572387136561,25
EST1E_MOUSE,0.17609,0.0134551839827644,0.149179632034471,0.203000367965529,2
EST1F_MOUSE,0.216345,0.0138651500498084,0.188614699900383,0.244075300099617,14
EST1_MOUSE,0.20675,0.013517271455384,0.179715457089232,0.233784542910768,12
EST2A_MOUSE,0.21521,0.0137984841952281,0.187613031609544,0.242806968390456,15
EST2C_MOUSE,0.23149,0.014696,0.202098,0.260882,1
EST2E_MOUSE,0.26561,0.0216516700299263,0.222306659940147,0.308913340059853,10
EST3A_MOUSE,0.24043,0.0143999155200422,0.211630168959916,0.269229831040084,17
EST3B_MOUSE,0.20832,0.0175257732259674,0.173268453548065,0.243371546451935,4
ESTD_MOUSE,0.1393,0.00759457447109899,0.124110851057802,0.154489148942198,13
ESYT1_MOUSE,0,0,0,0,0
ETFA_MOUSE,0.10913,0.0048077288927649,0.0995145422144702,0.11874545778553,23
ETFB_MOUSE,0.11412,0.00618294740606373,0.101754105187873,0.126485894812127,14
ETFD_MOUSE,0.11046,0.00592434068628954,0.0986113186274209,0.122308681372579,24
ETHE1_MOUSE,0.11913,0.0101024921935821,0.0989250156128358,0.139334984387164,4
EWS_MOUSE,0,0,0,0,0
F10A1_MOUSE,0,0,0,0,0
F120A_MOUSE,0,0,0,0,0
F136A_MOUSE,0,0,0,0,0
F162A_MOUSE,0.17042,0.01142,0.14758,0.19326,1
F16P1_MOUSE,0.21081,0.0112573435455312,0.188295312908938,0.233324687091062,26
F210B_MOUSE,0,0,0,0,0
F261_MOUSE,0,0,0,0,0
FAAA_MOUSE,0.14234,0.00739166175383444,0.127556676492331,0.157123323507669,27
FAAH1_MOUSE,0.23533,0.029442,0.176446,0.294214,1
FABP4_MOUSE,0,0,0,0,0
FABP5_MOUSE,0.107535,0.0122905797745798,0.0829538404508404,0.13211615954916,2
FABPI_MOUSE,0.16083,0.014364332603144,0.132101334793712,0.189558665206288,3
FABPL_MOUSE,0.158685,0.00920672709375631,0.140271545812487,0.177098454187513,16
FACE1_MOUSE,0,0,0,0,0
FAD1_MOUSE,0,0,0,0,0
FADS1_MOUSE,0,0,0,0,0
FADS2_MOUSE,0,0,0,0,0
FAF2_MOUSE,0,0,0,0,0
FAHD1_MOUSE,0.13675,0.0126918611467444,0.111366277706511,0.162133722293489,2
FAHD2_MOUSE,0.092695,0.0066566935201401,0.0793816129597198,0.10600838704028,2
FARP1_MOUSE,0,0,0,0,0
FAS_MOUSE,0.255865,0.0224708294669274,0.210923341066145,0.300806658933855,76
FBRL_MOUSE,0.15904,0.022821,0.113398,0.204682,1
FBX6_MOUSE,0,0,0,0,0
FCL_MOUSE,0.13495,0.014033,0.106884,0.163016,1
FERM2_MOUSE,0.19754,0.019234,0.159072,0.236008,1
FETUA_MOUSE,0,0,0,0,0
FETUB_MOUSE,0,0,0,0,0
FGGY_MOUSE,0.16217,0.0166087369476973,0.128952526104605,0.195387473895395,3
FIBA_MOUSE,0,0,0,0,0
FIBB_MOUSE,0,0,0,0,0
FIBG_MOUSE,0,0,0,0,0
FINC_MOUSE,0.05807,0.006549,0.044972,0.071168,1
FIS1_MOUSE,0.272565,0.0223952673093777,0.227774465381244,0.317355534618755,2
FKB1A_MOUSE,0.25582,0.041162,0.173496,0.338144,1
FKBP2_MOUSE,0.22882,0.0174307443888344,0.193958511222331,0.263681488777669,2
FKBP3_MOUSE,0,0,0,0,0
FKBP4_MOUSE,0.40384,0.043371,0.317098,0.490582,1
FKBP8_MOUSE,0,0,0,0,0
FLNA_MOUSE,0.2017,0.018854,0.163992,0.239408,1
FLNB_MOUSE,0.158635,0.0123636085314648,0.13390778293707,0.18336221706293,4
FLOT1_MOUSE,0,0,0,0,0
FMO1_MOUSE,0.200725,0.016615107241721,0.167494785516558,0.233955214483442,6
FMO5_MOUSE,0.285465,0.0209298989966619,0.243605202006676,0.327324797993324,18
FN3K_MOUSE,0,0,0,0,0
FPPS_MOUSE,0.37212,0.0299179162663445,0.312284167467311,0.431955832532689,3
FRDA_MOUSE,0,0,0,0,0
FRIL1_MOUSE,0.32255,0.036713,0.249124,0.395976,1
FTCD_MOUSE,0.22352,0.013619661576674,0.196280676846652,0.250759323153348,20
FUBP2_MOUSE,0.14199,0.018459,0.105072,0.178908,1
FUCM_MOUSE,0,0,0,0,0
FUMH_MOUSE,0.126455,0.00788320265605146,0.110688594687897,0.142221405312103,14
FUS_MOUSE,0.2672,0.019065,0.22907,0.30533,1
G3BP1_MOUSE,0.22597,0.01994,0.18609,0.26585,1
G3BP2_MOUSE,0,0,0,0,0
G3P_MOUSE,0.15243,0.0101225385122162,0.132184922975568,0.172675077024432,27
G6PC1_MOUSE,0,0,0,0,0
G6PE_MOUSE,0.2557,0.022608333314933,0.210483333370134,0.300916666629866,4
G6PI_MOUSE,0.140695,0.00906916683476451,0.122556666330471,0.158833333669529,14
GABT_MOUSE,0.14768,0.0103828433976153,0.126914313204769,0.168445686795231,11
GAL3A_MOUSE,0.10975,0.00874981488298978,0.0922503702340204,0.12724962976598,7
GALE_MOUSE,0.13199,0.020665,0.09066,0.17332,1
GALK1_MOUSE,0.14608,0.0124882938685498,0.1211034122629,0.1710565877371,5
GALM_MOUSE,0.1333,0.0116876946063762,0.109924610787248,0.156675389212752,5
GALNS_MOUSE,0,0,0,0,0
GALT_MOUSE,0,0,0,0,0
GAMT_MOUSE,0.65518,0.038645,0.57789,0.73247,1
GANAB_MOUSE,0.19058,0.0176396139232684,0.155300772153463,0.225859227846537,16
GAS2_MOUSE,0,0,0,0,0
GBB1_MOUSE,0,0,0,0,0
GBB2_MOUSE,0.30298,0.015994,0.270992,0.334968,1
GBRAP_MOUSE,0,0,0,0,0
GCAB_MOUSE,0,0,0,0,0
GCDH_MOUSE,0.153485,0.00952802020621196,0.134428959587576,0.172541040412424,8
GCH1_MOUSE,0,0,0,0,0
GCKR_MOUSE,0.136445,0.00989794357609069,0.116649112847819,0.156240887152181,2
GCN1_MOUSE,0,0,0,0,0
GCSH_MOUSE,0.15104,0.011063,0.128914,0.173166,1
GCSP_MOUSE,0.16528,0.014465927918966,0.136348144162068,0.194211855837932,3
GCST_MOUSE,0.09611,0.005326,0.085458,0.106762,1
GDIA_MOUSE,0.246445,0.0205692005884088,0.205306598823182,0.287583401176818,8
GDIB_MOUSE,0.261625,0.0193171520835161,0.222990695832968,0.300259304167032,10
GDIR1_MOUSE,0.10912,0.00794584503975639,0.0932283099204872,0.125011690079513,3
GELS_MOUSE,0.04432,0.005656,0.033008,0.055632,1
GEPH_MOUSE,0.06662,0.004568,0.057484,0.075756,1
GET3_MOUSE,0,0,0,0,0
GFRP_MOUSE,0.16612,0.00968008387010729,0.146759832259785,0.185480167740215,4
GGACT_MOUSE,0,0,0,0,0
GGLO_MOUSE,0.19901,0.0178938336680176,0.163222332663965,0.234797667336035,8
GHC1_MOUSE,0.221745,0.0202105356488345,0.181323928702331,0.262166071297669,4
GIMA4_MOUSE,0,0,0,0,0
GLCM_MOUSE,0,0,0,0,0
GLCNE_MOUSE,0,0,0,0,0
GLCTK_MOUSE,0.11197,0.00768081836675683,0.0966083632664863,0.127331636733514,5
GLGB_MOUSE,0.10359,0.0069601345730366,0.0896697308539268,0.117510269146073,15
GLNA_MOUSE,0.21517,0.0154524458669216,0.184265108266157,0.246074891733843,16
GLO2_MOUSE,0.2354,0.015798054986111,0.203803890027778,0.266996109972222,5
GLOD4_MOUSE,0.30016,0.026152,0.247856,0.352464,1
GLPK_MOUSE,0.18137,0.0129829066313913,0.155404186737217,0.207335813262783,3
GLRX1_MOUSE,0.15632,0.017702,0.120916,0.191724,1
GLRX3_MOUSE,0.25461,0.027485,0.19964,0.30958,1
GLRX5_MOUSE,0.20378,0.013125747792894,0.177528504414212,0.230031495585788,4
GLSL_MOUSE,0.24141,0.0195675719398733,0.202274856120253,0.280545143879747,11
GLTD2_MOUSE,0,0,0,0,0
GLU2B_MOUSE,0.19861,0.0158522159626293,0.166905568074741,0.230314431925259,5
GLUCM_MOUSE,0.116685,0.00882895916520258,0.0990270816695948,0.134342918330405,2
GLYAL_MOUSE,0.109755,0.00735187146597219,0.0950512570680556,0.124458742931944,10
GLYAT_MOUSE,0.1161,0.00671311499241489,0.10267377001517,0.12952622998483,17
GLYC_MOUSE,0.17849,0.0110074925357549,0.15647501492849,0.20050498507151,15
GLYM_MOUSE,0.31663,0.0205450056708325,0.275539988658335,0.357720011341665,9
GMPPA_MOUSE,0,0,0,0,0
GMPPB_MOUSE,0,0,0,0,0
GNA11_MOUSE,0,0,0,0,0
GNA1_MOUSE,0,0,0,0,0
GNAI2_MOUSE,0.290405,0.0268092237799598,0.23678655244008,0.34402344755992,2
GNAI3_MOUSE,0,0,0,0,0
GNAS1_MOUSE,0,0,0,0,0
GNMT_MOUSE,0.153705,0.00883729139515332,0.136030417209693,0.171379582790307,20
GNS_MOUSE,0,0,0,0,0
GORS2_MOUSE,0.202845,0.0212363423754998,0.160372315249,0.245317684751,2
GPAT1_MOUSE,0,0,0,0,0
GPD1L_MOUSE,0.15704,0.012535429852015,0.13196914029597,0.18211085970403,2
GPDA_MOUSE,0.172265,0.00970182377436966,0.152861352451261,0.191668647548739,16
GPDM_MOUSE,0.11752,0.00802483004439044,0.101470339911219,0.133569660088781,5
GPX1_MOUSE,0.15443,0.00946518357314423,0.135499632853712,0.173360367146288,10
GRHPR_MOUSE,0.14314,0.00983258967575467,0.123474820648491,0.162805179351509,9
GRN_MOUSE,0,0,0,0,0
GRP75_MOUSE,0.23767,0.0149712048828687,0.207727590234263,0.267612409765737,22
GRPE1_MOUSE,0.45944,0.041553,0.376334,0.542546,1
GSDMD_MOUSE,0,0,0,0,0
GSH0_MOUSE,0.36568,0.049858,0.265964,0.465396,1
GSH1_MOUSE,0.24032,0.019948813595731,0.200422372808538,0.280217627191462,7
GSHB_MOUSE,0.12999,0.0133372856753303,0.103315428649339,0.156664571350661,3
GSHR_MOUSE,0.11539,0.007345,0.1007,0.13008,1
GSTA1_MOUSE,0.15065,0.00712275236522724,0.136404495269546,0.164895504730454,5
GSTA3_MOUSE,0.14068,0.00694165336363956,0.126796693272721,0.154563306727279,11
GSTA4_MOUSE,0.124905,0.00494002647504805,0.115024947049904,0.134785052950096,6
GSTK1_MOUSE,0.15926,0.0137662152661869,0.131727569467626,0.186792430532374,8
GSTM1_MOUSE,0.169675,0.012810611958603,0.144053776082794,0.195296223917206,26
GSTM2_MOUSE,0.129185,0.0102801342288981,0.108624731542204,0.149745268457796,6
GSTM3_MOUSE,0.11824,0.0124596587685127,0.0933206824629747,0.143159317537025,3
GSTM4_MOUSE,0,0,0,0,0
GSTM5_MOUSE,0,0,0,0,0
GSTM6_MOUSE,0.27175,0.0168057394203443,0.238138521159311,0.305361478840689,3
GSTM7_MOUSE,0.20077,0.0167326925897071,0.167304614820586,0.234235385179414,3
GSTO1_MOUSE,0.10956,0.00862121691797278,0.0923175661640544,0.126802433835946,3
GSTP1_MOUSE,0.15689,0.0117184726479803,0.133453054704039,0.180326945295961,27
GSTT1_MOUSE,0.13178,0.00739807678739882,0.116983846425202,0.146576153574798,8
GSTT2_MOUSE,0.128435,0.0080748509902083,0.112285298019583,0.144584701980417,4
GSTT3_MOUSE,0.14368,0.00768687363681157,0.128306252726377,0.159053747273623,5
GT251_MOUSE,0,0,0,0,0
GTR2_MOUSE,0.43591,0.036246,0.363418,0.508402,1
GTR9_MOUSE,0.26765,0.019587,0.228476,0.306824,1
GUAA_MOUSE,0,0,0,0,0
GUAD_MOUSE,0,0,0,0,0
GYS2_MOUSE,0.17219,0.0129401109023927,0.146309778195215,0.198070221804785,9
H10_MOUSE,0.05288,0.004095,0.04469,0.06107,1
H14_MOUSE,0.05517,0.00312912370821203,0.0489117525835759,0.0614282474164241,3
H17B6_MOUSE,0.30701,0.0210656043163664,0.264878791367267,0.349141208632733,5
H2A2B_MOUSE,0.03066,0.00119198008681103,0.0282760398263779,0.0330439601736221,10
H2AV_MOUSE,0.081155,0.00709279161882051,0.066969416762359,0.095340583237641,4
H2AX_MOUSE,0,0,0,0,0
H2AY_MOUSE,0.088215,0.00584909724619811,0.0765168055076038,0.0999131944923962,2
H2AZ_MOUSE,0.07545,0.002729,0.069992,0.080908,1
H2B1B_MOUSE,0.02601,0.00138791708240477,0.0232341658351904,0.0287858341648095,7
H31_MOUSE,0,0,0,0,0
H32_MOUSE,0,0,0,0,0
H3C_MOUSE,0,0,0,0,0
H4_MOUSE,0.01465,0.000775296106480774,0.0130994077870385,0.0162005922129615,6
HA10_MOUSE,0,0,0,0,0
HA11_MOUSE,0,0,0,0,0
HA1B_MOUSE,0,0,0,0,0
HACD3_MOUSE,0.20239,0.014284,0.173822,0.230958,1
HACL1_MOUSE,0.25297,0.0158311089388224,0.221307782122355,0.284632217877645,17
HAOX1_MOUSE,0.56254,0.043104,0.476332,0.648748,1
HAP28_MOUSE,0,0,0,0,0
HARS1_MOUSE,0.20507,0.029224,0.146622,0.263518,1
HAX1_MOUSE,0,0,0,0,0
HBA_MOUSE,0.02173,0.00133128530293199,0.019067429394136,0.024392570605864,6
HBB1_MOUSE,0.01913,0.00116125442452855,0.0168074911509429,0.0214525088490571,8
HCD2_MOUSE,0.100025,0.00472996869990929,0.0905650626001814,0.109484937399819,14
HCDH_MOUSE,0.10376,0.00543457185101474,0.0928908562979705,0.114629143702029,15
HDGF_MOUSE,0.27118,0.034357,0.202466,0.339894,1
HDHD2_MOUSE,0.13755,0.010864,0.115822,0.159278,1
HDHD3_MOUSE,0.09875,0.00838759490272494,0.0819748101945501,0.11552518980545,3
HDHD5_MOUSE,0,0,0,0,0
HEBP1_MOUSE,0.46452,0.0333364835264706,0.397847032947059,0.531192967052941,3
HEM2_MOUSE,0.22077,0.0110635731299357,0.198642853740128,0.242897146259871,5
HEM3_MOUSE,0,0,0,0,0
HEM6_MOUSE,0.21404,0.0193617476367826,0.175316504726435,0.252763495273565,5
HEMH_MOUSE,0.16766,0.0156751781353315,0.136309643729337,0.199010356270663,3
HEMO_MOUSE,0,0,0,0,0
HEXA_MOUSE,0,0,0,0,0
HGD_MOUSE,0.19417,0.0120351871288533,0.170099625742293,0.218240374257707,17
HIBCH_MOUSE,0.114415,0.00632233066298448,0.101770338674031,0.127059661325969,10
HINT1_MOUSE,0.16228,0.00919922382908947,0.143881552341821,0.180678447658179,4
HINT2_MOUSE,0.15105,0.0127949325097392,0.125460134980522,0.176639865019478,2
HIUH_MOUSE,0.228725,0.0154752904802948,0.19777441903941,0.25967558096059,8
HM13_MOUSE,0.20911,0.024369,0.160372,0.257848,1
HMCS1_MOUSE,0.2798,0.030902,0.217996,0.341604,1
HMCS2_MOUSE,0.2035,0.0117005516461145,0.180098896707771,0.226901103292229,38
HMGB1_MOUSE,0.15334,0.00495712952793723,0.143425740944126,0.163254259055874,6
HMGCL_MOUSE,0.14219,0.00783506111931113,0.126519877761378,0.157860122238622,10
HMOX2_MOUSE,0,0,0,0,0
HNMT_MOUSE,0,0,0,0,0
HNRH1_MOUSE,0.29048,0.034435,0.22161,0.35935,1
HNRH2_MOUSE,0.19401,0.0172436171712453,0.159522765657509,0.228497234342491,4
HNRL2_MOUSE,0,0,0,0,0
HNRPC_MOUSE,0.26514,0.0274636657413102,0.21021266851738,0.32006733148262,2
HNRPD_MOUSE,0.10631,0.010055,0.0862,0.12642,1
HNRPF_MOUSE,0.39899,0.029439,0.340112,0.457868,1
HNRPK_MOUSE,0.32267,0.0295352113901324,0.263599577219735,0.381740422780265,11
HNRPL_MOUSE,0,0,0,0,0
HNRPM_MOUSE,0.160295,0.0159975433602258,0.128299913279548,0.192290086720452,2
HNRPQ_MOUSE,0.182865,0.0162227856739837,0.150419428652033,0.215310571347967,2
HNRPU_MOUSE,0.24294,0.0196944580599067,0.203551083880187,0.282328916119813,5
HOGA1_MOUSE,0.08289,0.0059571752179994,0.0709756495640012,0.0948043504359988,7
HOT_MOUSE,0.15353,0.0112407468969428,0.131048506206114,0.176011493793886,3
HP1B3_MOUSE,0,0,0,0,0
HPCL1_MOUSE,0,0,0,0,0
HPPD_MOUSE,0.38138,0.0310968976077156,0.319186204784569,0.443573795215431,13
HPRT_MOUSE,0.09086,0.010562,0.069736,0.111984,1
HPT_MOUSE,0,0,0,0,0
HRG_MOUSE,0,0,0,0,0
HS105_MOUSE,0.10725,0.010008,0.087234,0.127266,1
HS71A_MOUSE,0.27461,0.0232826540483701,0.22804469190326,0.32117530809674,2
HS90A_MOUSE,0.26967,0.0199703548751608,0.229729290249678,0.309610709750322,19
HS90B_MOUSE,0.25858,0.0198642716076833,0.218851456784633,0.298308543215367,15
HSDL2_MOUSE,0.25856,0.0206779716837764,0.217204056632447,0.299915943367553,5
HSP74_MOUSE,0.18837,0.0117987751711997,0.164772449657601,0.211967550342399,4
HSP7C_MOUSE,0.311555,0.0214379631261084,0.268679073747783,0.354430926252217,18
HTAI2_MOUSE,0,0,0,0,0
HTRA2_MOUSE,0,0,0,0,0
HUTH_MOUSE,0.22431,0.0161871627941193,0.191935674411761,0.256684325588239,15
HUTI_MOUSE,0.18134,0.0100161486651831,0.161307702669634,0.201372297330366,14
HUTU_MOUSE,0.18651,0.0108688923899061,0.164772215220188,0.208247784779812,22
HVM04_MOUSE,0,0,0,0,0
HXK4_MOUSE,0.17338,0.026206,0.120968,0.225792,1
HYEP_MOUSE,0.230665,0.0186401273713439,0.193384745257312,0.267945254742688,14
HYES_MOUSE,0.24329,0.0149396310822199,0.21341073783556,0.27316926216444,37
HYKK_MOUSE,0,0,0,0,0
HYOU1_MOUSE,0.233725,0.0176518545571949,0.19842129088561,0.26902870911439,8
HYPDH_MOUSE,0,0,0,0,0
I23O2_MOUSE,0,0,0,0,0
IAH1_MOUSE,0.154855,0.0115470936742414,0.131760812651517,0.177949187348483,8
IC1_MOUSE,0,0,0,0,0
ICA_MOUSE,0,0,0,0,0
IDE_MOUSE,0.17733,0.026932,0.123466,0.231194,1
IDH3A_MOUSE,0.09081,0.00996496445254321,0.0708800710949136,0.110739928905086,3
IDHC_MOUSE,0.174,0.00989803466510459,0.154203930669791,0.193796069330209,24
IDHG1_MOUSE,0,0,0,0,0
IDHP_MOUSE,0.11435,0.0076558155163015,0.099038368967397,0.129661631032603,18
IDI1_MOUSE,0,0,0,0,0
IF1AX_MOUSE,0.17683,0.026619,0.123592,0.230068,1
IF1A_MOUSE,0.19271,0.031696,0.129318,0.256102,1
IF2A_MOUSE,0.16343,0.0124912626475639,0.138447474704872,0.188412525295128,3
IF2B_MOUSE,0.20792,0.0215437184249966,0.164832563150007,0.251007436849993,2
IF2G_MOUSE,0.14722,0.018451,0.110318,0.184122,1
IF2P_MOUSE,0.20411,0.042616,0.118878,0.289342,1
IF4A1_MOUSE,0.357415,0.0222079929637931,0.312999014072414,0.401830985927586,8
IF4A2_MOUSE,0,0,0,0,0
IF4A3_MOUSE,0,0,0,0,0
IF4B_MOUSE,0.20773,0.030117,0.147496,0.267964,1
IF4E_MOUSE,0.18874,0.027503,0.133734,0.243746,1
IF4G1_MOUSE,0,0,0,0,0
IF4H_MOUSE,0,0,0,0,0
IF5A1_MOUSE,0.278555,0.0145646815296715,0.249425636940657,0.307684363059343,4
IF5_MOUSE,0,0,0,0,0
IF6_MOUSE,0,0,0,0,0
IGG2B_MOUSE,0.05289,0.005053,0.042784,0.062996,1
IGH1M_MOUSE,0.05053,0.004573,0.041384,0.059676,1
IGHA_MOUSE,0,0,0,0,0
IGHM_MOUSE,0.12192,0.014355,0.09321,0.15063,1
IGKC_MOUSE,0,0,0,0,0
IIGP1_MOUSE,0.11842,0.004532,0.109356,0.127484,1
ILEUA_MOUSE,0,0,0,0,0
ILF2_MOUSE,0,0,0,0,0
ILK_MOUSE,0,0,0,0,0
IMA3_MOUSE,0,0,0,0,0
IMB1_MOUSE,0.19866,0.0200847024502594,0.158490595099481,0.238829404900519,3
IMPA1_MOUSE,0,0,0,0,0
INMT_MOUSE,0.14091,0.00867808320124041,0.123553833597519,0.158266166402481,15
INO1_MOUSE,0,0,0,0,0
IPIL2_MOUSE,0,0,0,0,0
IPO5_MOUSE,0,0,0,0,0
IPO7_MOUSE,0.15386,0.013395,0.12707,0.18065,1
IPYR2_MOUSE,0.11068,0.008288,0.094104,0.127256,1
IPYR_MOUSE,0.16931,0.0119437103294025,0.145422579341195,0.193197420658805,12
IQGA2_MOUSE,0.23361,0.0172503877998782,0.199109224400244,0.268110775599756,17
IR3IP_MOUSE,0,0,0,0,0
IRGM1_MOUSE,0.25246,0.0318257882524007,0.188808423495199,0.316111576504801,2
ISC2A_MOUSE,0.11326,0.00554122060346806,0.102177558793064,0.124342441206936,7
ISOC1_MOUSE,0.221455,0.0179914095977331,0.185472180804534,0.257437819195466,4
IST1_MOUSE,0,0,0,0,0
ITA1_MOUSE,0.1033,0.013143,0.077014,0.129586,1
ITB1_MOUSE,0,0,0,0,0
ITIH1_MOUSE,0,0,0,0,0
ITIH2_MOUSE,0,0,0,0,0
ITIH4_MOUSE,0.20539,0.022636,0.160118,0.250662,1
ITPA_MOUSE,0,0,0,0,0
IVD_MOUSE,0.117375,0.00648038324300692,0.104414233513986,0.130335766486014,8
IYD1_MOUSE,0.25469,0.035668,0.183354,0.326026,1
K1C14_MOUSE,0.04873,0.00567,0.03739,0.06007,1
K1C17_MOUSE,0.06674,0.004346,0.058048,0.075432,1
K1C18_MOUSE,0.08014,0.0038716652516362,0.0723966694967276,0.0878833305032724,24
K1C19_MOUSE,0,0,0,0,0
K22O_MOUSE,0,0,0,0,0
K2C6A_MOUSE,0,0,0,0,0
K2C8_MOUSE,0.09387,0.00462497855062313,0.0846200428987537,0.103119957101246,34
KAD2_MOUSE,0.1014,0.00510150712080041,0.0911969857583992,0.111603014241601,10
KAD3_MOUSE,0.19576,0.010823273610499,0.174113452779002,0.217406547220998,6
KAD4_MOUSE,0.16692,0.0141737070658205,0.138572585868359,0.195267414131641,2
KAP2_MOUSE,0,0,0,0,0
KAT1_MOUSE,0.10477,0.00939330284012339,0.0859833943197532,0.123556605680247,2
KAT3_MOUSE,0.143665,0.0110491869329775,0.121566626134045,0.165763373865955,6
KBL_MOUSE,0.10739,0.00585375692918046,0.0956824861416391,0.119097513858361,9
KCMF1_MOUSE,0,0,0,0,0
KCRB_MOUSE,0.13359,0.015979,0.101632,0.165548,1
KCY_MOUSE,0.2256,0.0141344483230046,0.197331103353991,0.253868896646009,4
KEG1_MOUSE,0.19048,0.0165330570645539,0.157413885870892,0.223546114129108,9
KGUA_MOUSE,0,0,0,0,0
KHDR1_MOUSE,0,0,0,0,0
KHK_MOUSE,0.138565,0.0096971591180462,0.119170681763908,0.157959318236092,10
KI13A_MOUSE,0,0,0,0,0
KINH_MOUSE,0,0,0,0,0
KISHA_MOUSE,0,0,0,0,0
KMO_MOUSE,0.16805,0.0106964380450908,0.146657123909818,0.189442876090182,7
KNG1_MOUSE,0.26296,0.02648,0.21,0.31592,1
KPRA_MOUSE,0,0,0,0,0
KPYM_MOUSE,0,0,0,0,0
KPYR_MOUSE,0.15884,0.0121059677170067,0.134628064565987,0.183051935434013,17
KT3K_MOUSE,0,0,0,0,0
KTAP2_MOUSE,0,0,0,0,0
KV5AB_MOUSE,0,0,0,0,0
KYNU_MOUSE,0.169605,0.014744371264152,0.140116257471696,0.199093742528304,4
L2HDH_MOUSE,0.097265,0.00793209297957267,0.0814008140408547,0.113129185959145,2
LACB2_MOUSE,0.12783,0.0158639429558888,0.0961021140882225,0.159557885911778,5
LACTB_MOUSE,0.057785,0.00465255994011336,0.0484798801197733,0.0670901198802267,2
LAMP1_MOUSE,0,0,0,0,0
LAMP2_MOUSE,0,0,0,0,0
LAP2B_MOUSE,0,0,0,0,0
LARP1_MOUSE,0,0,0,0,0
LARP4_MOUSE,0,0,0,0,0
LASP1_MOUSE,0.16703,0.0118499597037264,0.143330080592547,0.190729919407453,3
LA_MOUSE,0.37127,0.047339,0.276592,0.465948,1
LBR_MOUSE,0,0,0,0,0
LDAH_MOUSE,0,0,0,0,0
LDHA_MOUSE,0.20482,0.0129937145408407,0.178832570918319,0.230807429081681,18
LDHD_MOUSE,0.25136,0.0156006412825651,0.22015871743487,0.28256128256513,2
LEG1_MOUSE,0.12797,0.00857823523274013,0.11081352953452,0.14512647046548,2
LEG9_MOUSE,0,0,0,0,0
LETM1_MOUSE,0,0,0,0,0
LG3BP_MOUSE,0,0,0,0,0
LGAT1_MOUSE,0,0,0,0,0
LGMN_MOUSE,0.1297,0.00752965565818215,0.114640688683636,0.144759311316364,3
LGUL_MOUSE,0.16013,0.0114906826915233,0.137148634616953,0.183111365383047,9
LHPP_MOUSE,0,0,0,0,0
LICH_MOUSE,0.19101,0.034253,0.122504,0.259516,1
LIMA1_MOUSE,0,0,0,0,0
LIS1_MOUSE,0,0,0,0,0
LKHA4_MOUSE,0.122015,0.0103296991989656,0.101355601602069,0.142674398397931,4
LMAN1_MOUSE,0.22337,0.0204512012905466,0.182467597418907,0.264272402581093,3
LMAN2_MOUSE,0.266,0.032483,0.201034,0.330966,1
LMF2_MOUSE,0,0,0,0,0
LMNA_MOUSE,0.05952,0.00450500860193779,0.0505099827961244,0.0685300172038756,6
LMNB1_MOUSE,0,0,0,0,0
LMNB2_MOUSE,0,0,0,0,0
LONM_MOUSE,0.15069,0.0115307737062256,0.127628452587549,0.173751547412451,6
LONP2_MOUSE,0,0,0,0,0
LPP60_MOUSE,0,0,0,0,0
LPPRC_MOUSE,0.2711,0.0257313695582967,0.219637260883407,0.322562739116593,5
LPP_MOUSE,0,0,0,0,0
LRC47_MOUSE,0,0,0,0,0
LRC59_MOUSE,0.09156,0.006651194402806,0.078257611194388,0.104862388805612,4
LRP1_MOUSE,0,0,0,0,0
LSM12_MOUSE,0,0,0,0,0
LSM8_MOUSE,0,0,0,0,0
LSR_MOUSE,0.10357,0.008211,0.087148,0.119992,1
LSS_MOUSE,0,0,0,0,0
LTMD1_MOUSE,0,0,0,0,0
LUM_MOUSE,0,0,0,0,0
LYAG_MOUSE,0.12905,0.0122387330806731,0.104572533838654,0.153527466161346,3
LYPA1_MOUSE,0.17003,0.00982535331681633,0.150379293366367,0.189680706633633,3
LYPA2_MOUSE,0.21974,0.022093,0.175554,0.263926,1
LYPL1_MOUSE,0,0,0,0,0
LYRIC_MOUSE,0.15981,0.020038,0.119734,0.199886,1
LYRM4_MOUSE,0,0,0,0,0
M2GD_MOUSE,0.11147,0.00558248954310279,0.100305020913794,0.122634979086206,39
M2OM_MOUSE,0.06055,0.005208,0.050134,0.070966,1
MA2A1_MOUSE,0.27526,0.0418,0.19166,0.35886,1
MA2B1_MOUSE,0.16869,0.011162,0.146366,0.191014,1
MA2B2_MOUSE,0,0,0,0,0
MAAI_MOUSE,0.1478,0.00679554321153101,0.134208913576938,0.161391086423062,8
MACD1_MOUSE,0.15486,0.009703,0.135454,0.174266,1
MAGT1_MOUSE,0,0,0,0,0
MAIP1_MOUSE,0,0,0,0,0
MAL2_MOUSE,0,0,0,0,0
MANBA_MOUSE,0,0,0,0,0
MANF_MOUSE,0.23143,0.0216281086267539,0.188173782746492,0.274686217253508,5
MAOX_MOUSE,0.142445,0.0125315858451969,0.117381828309606,0.167508171690394,20
MAP11_MOUSE,0,0,0,0,0
MAP4_MOUSE,0,0,0,0,0
MARC1_MOUSE,0.26447,0.0170375855416332,0.230394828916734,0.298545171083266,10
MARC2_MOUSE,0.28895,0.017601898873172,0.253746202253656,0.324153797746344,5
MARE3_MOUSE,0,0,0,0,0
MATR3_MOUSE,0.30308,0.026551,0.249978,0.356182,1
MAVS_MOUSE,0.248215,0.0151296934325378,0.217955613134924,0.278474386865076,2
MBL2_MOUSE,0,0,0,0,0
MBOA5_MOUSE,0,0,0,0,0
MCA3_MOUSE,0,0,0,0,0
MCAT_MOUSE,0.094345,0.00600907108305321,0.0823268578338936,0.106363142166106,2
MCCA_MOUSE,0.10731,0.0071114923547566,0.0930870152904868,0.121532984709513,7
MCCB_MOUSE,0.11883,0.0088453196171533,0.101139360765693,0.136520639234307,8
MCEE_MOUSE,0.13811,0.0194781719800811,0.0991536560398378,0.177066343960162,2
MCFD2_MOUSE,0,0,0,0,0
MCTS1_MOUSE,0,0,0,0,0
MCU_MOUSE,0,0,0,0,0
MDHC_MOUSE,0.14162,0.00849921255527765,0.124621574889445,0.158618425110555,11
MDHM_MOUSE,0.10619,0.00454915337444356,0.0970916932511129,0.115288306748887,21
MDR3_MOUSE,0,0,0,0,0
MECR_MOUSE,0,0,0,0,0
MEMO1_MOUSE,0,0,0,0,0
MET7B_MOUSE,0.32882,0.0274597852901994,0.273900429419601,0.383739570580399,5
METK1_MOUSE,0.44076,0.0315987144168925,0.377562571166215,0.503957428833785,7
METK2_MOUSE,0,0,0,0,0
MFAP4_MOUSE,0,0,0,0,0
MGDP1_MOUSE,0,0,0,0,0
MGLL_MOUSE,0,0,0,0,0
MGST1_MOUSE,0.16938,0.0114628227342887,0.146454354531423,0.192305645468577,13
MGST3_MOUSE,0,0,0,0,0
MI4GD_MOUSE,0,0,0,0,0
MIC13_MOUSE,0,0,0,0,0
MIC19_MOUSE,0.10892,0.00867760118248815,0.0915647976350237,0.126275202364976,3
MIC26_MOUSE,0.1593,0.022894,0.113512,0.205088,1
MIC27_MOUSE,0.10691,0.008265,0.09038,0.12344,1
MIC60_MOUSE,0.123475,0.00746359879689502,0.10854780240621,0.13840219759379,8
MIF_MOUSE,0.15297,0.00499314118683147,0.142983717626337,0.162956282373663,3
MIME_MOUSE,0,0,0,0,0
MITOK_MOUSE,0,0,0,0,0
MIX23_MOUSE,0,0,0,0,0
MK09_MOUSE,0,0,0,0,0
MK14_MOUSE,0,0,0,0,0
ML12B_MOUSE,0.201195,0.0322849798724767,0.136625040255047,0.265764959744953,2
MLEC_MOUSE,0,0,0,0,0
MMAA_MOUSE,0,0,0,0,0
MMSA_MOUSE,0.1121,0.00572784794582947,0.100644304108341,0.123555695891659,27
MOCS1_MOUSE,0,0,0,0,0
MOES_MOUSE,0.148155,0.00940843401337231,0.129338131973255,0.166971868026745,4
MOGS_MOUSE,0.069815,0.00559704067678479,0.0586209186464304,0.0810090813535696,4
MOT1_MOUSE,0,0,0,0,0
MP2K1_MOUSE,0,0,0,0,0
MP2K2_MOUSE,0,0,0,0,0
MP2K4_MOUSE,0,0,0,0,0
MPC1_MOUSE,0.165335,0.0179240107027794,0.129486978594441,0.201183021405559,2
MPC2_MOUSE,0.17822,0.0153941996484927,0.147431600703015,0.209008399296985,3
MPCP_MOUSE,0.124985,0.0102095314106191,0.104565937178762,0.145404062821238,6
MPI_MOUSE,0,0,0,0,0
MPP6_MOUSE,0,0,0,0,0
MPPA_MOUSE,0.232735,0.0217365138451713,0.189261972309657,0.276208027690343,2
MPPB_MOUSE,0,0,0,0,0
MPRD_MOUSE,0,0,0,0,0
MPU1_MOUSE,0.16711,0.017867,0.131376,0.202844,1
MRC1_MOUSE,0,0,0,0,0
MRP2_MOUSE,0.18764,0.026074,0.135492,0.239788,1
MRP3_MOUSE,0,0,0,0,0
MRP6_MOUSE,0.16776,0.016379,0.135002,0.200518,1
MSI2H_MOUSE,0,0,0,0,0
MSPD2_MOUSE,0,0,0,0,0
MSRA_MOUSE,0.20102,0.0117998586999385,0.177420282600123,0.224619717399877,4
MTAP_MOUSE,0,0,0,0,0
MTCH2_MOUSE,0.117095,0.00789199463722758,0.101311010725545,0.132878989274455,8
MTHFS_MOUSE,0,0,0,0,0
MTL26_MOUSE,0.186625,0.0151299506221114,0.156365098755777,0.216884901244223,6
MTNA_MOUSE,0.11547,0.010403,0.094664,0.136276,1
MTNB_MOUSE,0,0,0,0,0
MTND_MOUSE,0.27127,0.037823,0.195624,0.346916,1
MTPN_MOUSE,0.31456,0.034892,0.244776,0.384344,1
MTP_MOUSE,0.20269,0.0140141925716503,0.174661614856699,0.230718385143301,20
MTX1_MOUSE,0,0,0,0,0
MTX2_MOUSE,0.28514,0.015527,0.254086,0.316194,1
MUG1_MOUSE,0.22594,0.015634,0.194672,0.257208,1
MUG2_MOUSE,0,0,0,0,0
MUP11_MOUSE,0,0,0,0,0
MUP20_MOUSE,0,0,0,0,0
MUP2_MOUSE,0,0,0,0,0
MUP3_MOUSE,0,0,0,0,0
MUP6_MOUSE,0,0,0,0,0
MUTA_MOUSE,0.29247,0.0237385259838521,0.244992948032296,0.339947051967704,9
MVP_MOUSE,0.257085,0.0232887672288331,0.210507465542334,0.303662534457666,2
MYDGF_MOUSE,0.26038,0.049285,0.16181,0.35895,1
MYG1_MOUSE,0,0,0,0,0
MYH9_MOUSE,0.24397,0.0197842430780983,0.204401513843803,0.283538486156197,20
MYL6_MOUSE,0.3116,0.034165,0.24327,0.37993,1
MYL9_MOUSE,0.26423,0.012951,0.238328,0.290132,1
MYO1B_MOUSE,0.16594,0.012097,0.141746,0.190134,1
MYO1C_MOUSE,0.09978,0.008599,0.082582,0.116978,1
MYO1D_MOUSE,0,0,0,0,0
MYO1E_MOUSE,0,0,0,0,0
MYO6_MOUSE,0,0,0,0,0
NAA15_MOUSE,0,0,0,0,0
NACA_MOUSE,0.27131,0.0171425211563242,0.237024957687352,0.305595042312648,3
NADC_MOUSE,0.20461,0.0132219723575288,0.178166055284942,0.231053944715058,11
NAGAB_MOUSE,0,0,0,0,0
NAKD2_MOUSE,0.11396,0.00685381499002841,0.100252370019943,0.127667629980057,3
NAMPT_MOUSE,0.38034,0.0427716328511325,0.294796734297735,0.465883265702265,2
NB5R3_MOUSE,0.172605,0.0114489854882186,0.149707029023563,0.195502970976437,8
NCEH1_MOUSE,0,0,0,0,0
NCKP1_MOUSE,0,0,0,0,0
NCLN_MOUSE,0.09046,0.006462,0.077536,0.103384,1
NCPR_MOUSE,0.28081,0.0246010899861592,0.231607820027682,0.330012179972318,9
NDK3_MOUSE,0,0,0,0,0
NDKA_MOUSE,0.168255,0.0126521018843328,0.142950796231334,0.193559203768666,12
NDKB_MOUSE,0.16849,0.0160880255346015,0.136313948930797,0.200666051069203,4
NDRG2_MOUSE,0.58382,0.0452551760984183,0.493309647803163,0.674330352196837,2
NDUA1_MOUSE,0,0,0,0,0
NDUA2_MOUSE,0.101395,0.00854694670136924,0.0843011065972615,0.118488893402738,2
NDUA3_MOUSE,0.08572,0.010519,0.064682,0.106758,1
NDUA4_MOUSE,0.260125,0.0217979348269714,0.216529130346057,0.303720869653943,2
NDUA5_MOUSE,0.113055,0.00780063079840736,0.0974537384031853,0.128656261596815,4
NDUA6_MOUSE,0.2907,0.014111,0.262478,0.318922,1
NDUA7_MOUSE,0.16851,0.018332,0.131846,0.205174,1
NDUA8_MOUSE,0.10625,0.00554407271226998,0.09516185457546,0.11733814542454,4
NDUA9_MOUSE,0.16076,0.00999945193222029,0.140761096135559,0.180758903864441,5
NDUAA_MOUSE,0.16352,0.00921062182717543,0.145098756345649,0.181941243654351,7
NDUAB_MOUSE,0.152895,0.0221610170591109,0.108572965881778,0.197217034118222,2
NDUAC_MOUSE,0.147975,0.00908385035528688,0.129807299289426,0.166142700710574,2
NDUAD_MOUSE,0.11683,0.00773067719636458,0.101368645607271,0.132291354392729,6
NDUB1_MOUSE,0,0,0,0,0
NDUB3_MOUSE,0.12059,0.006396,0.107798,0.133382,1
NDUB4_MOUSE,0.08313,0.010349,0.062432,0.103828,1
NDUB5_MOUSE,0.08518,0.015559,0.054062,0.116298,1
NDUB6_MOUSE,0.08854,0.00919739995652646,0.0701452000869471,0.106934799913053,2
NDUB7_MOUSE,0.12885,0.01089,0.10707,0.15063,1
NDUB8_MOUSE,0.110065,0.00683453219400256,0.0963959356119949,0.123734064388005,4
NDUB9_MOUSE,0.126325,0.00676639110559662,0.112792217788807,0.139857782211193,4
NDUBA_MOUSE,0.11811,0.00875859226221911,0.100592815475562,0.135627184524438,4
NDUBB_MOUSE,0.12971,0.008696,0.112318,0.147102,1
NDUC2_MOUSE,0.11909,0.00723702295081967,0.104615954098361,0.133564045901639,2
NDUF2_MOUSE,0,0,0,0,0
NDUS1_MOUSE,0.11919,0.00664425868277267,0.105901482634455,0.132478517365545,11
NDUS2_MOUSE,0.112125,0.00898606602099503,0.09415286795801,0.13009713204199,10
NDUS3_MOUSE,0.15204,0.00880914662992139,0.134421706740157,0.169658293259843,5
NDUS4_MOUSE,0.22778,0.020894,0.185992,0.269568,1
NDUS5_MOUSE,0.12048,0.00682598688385868,0.106828026232283,0.134131973767717,2
NDUS6_MOUSE,0.20937,0.0173492699291724,0.174671460141655,0.244068539858345,4
NDUS7_MOUSE,0.193585,0.0157015846197157,0.162181830760569,0.224988169239431,2
NDUS8_MOUSE,0.13193,0.0121325239429655,0.107664952114069,0.156195047885931,2
NDUV1_MOUSE,0.15875,0.00900207976121716,0.140745840477566,0.176754159522434,8
NDUV2_MOUSE,0.166285,0.0129258082725061,0.140433383454988,0.192136616545012,2
NDUV3_MOUSE,0,0,0,0,0
NEDD4_MOUSE,0,0,0,0,0
NEUA_MOUSE,0,0,0,0,0
NFS1_MOUSE,0,0,0,0,0
NFU1_MOUSE,0,0,0,0,0
NH2L1_MOUSE,0.07567,0.006545,0.06258,0.08876,1
NHLC2_MOUSE,0,0,0,0,0
NHLC3_MOUSE,0,0,0,0,0
NHRF1_MOUSE,0.26419,0.021183,0.221824,0.306556,1
NHRF3_MOUSE,0.16272,0.018644,0.125432,0.200008,1
NIF3L_MOUSE,0,0,0,0,0
NINJ1_MOUSE,0,0,0,0,0
NIPS1_MOUSE,0.09517,0.00476012692867833,0.0856497461426433,0.104690253857357,13
NIT1_MOUSE,0.14501,0.00801817992375323,0.128973640152494,0.161046359847506,5
NIT2_MOUSE,0.111955,0.00748801151261382,0.0969789769747724,0.126931023025228,10
NMT1_MOUSE,0,0,0,0,0
NNRD_MOUSE,0.126295,0.0126473375091717,0.101000324981657,0.151589675018343,4
NNRE_MOUSE,0.10876,0.005948107368089,0.096863785263822,0.120656214736178,3
NNTM_MOUSE,0.105655,0.00696415961638043,0.0917266807672391,0.119583319232761,22
NOMO1_MOUSE,0.07603,0.005143,0.065744,0.086316,1
NONO_MOUSE,0.29675,0.0248674267857698,0.24701514642846,0.34648485357154,3
NOP56_MOUSE,0,0,0,0,0
NOP58_MOUSE,0.22182,0.029126,0.163568,0.280072,1
NP1L1_MOUSE,0,0,0,0,0
NP1L4_MOUSE,0,0,0,0,0
NPC2_MOUSE,0,0,0,0,0
NPL4_MOUSE,0,0,0,0,0
NPM_MOUSE,0.19478,0.0144135787945521,0.165952842410896,0.223607157589104,6
NPS3B_MOUSE,0.126755,0.00859240499645463,0.109570190007091,0.143939809992909,4
NQO1_MOUSE,0,0,0,0,0
NQO2_MOUSE,0.13064,0.0096590139695051,0.11132197206099,0.14995802793901,7
NSDHL_MOUSE,0.32501,0.017415,0.29018,0.35984,1
NSF1C_MOUSE,0.20702,0.022428,0.162164,0.251876,1
NSF_MOUSE,0,0,0,0,0
NT5C_MOUSE,0,0,0,0,0
NT8F2_MOUSE,0,0,0,0,0
NTF2_MOUSE,0.13023,0.0177353483227259,0.0947593033545482,0.165700696645452,2
NU107_MOUSE,0,0,0,0,0
NU155_MOUSE,0,0,0,0,0
NU1M_MOUSE,0,0,0,0,0
NU3M_MOUSE,0.08585,0.004804,0.076242,0.095458,1
NU4M_MOUSE,0,0,0,0,0
NU5M_MOUSE,0.13931,0.016368,0.106574,0.172046,1
NUBPL_MOUSE,0,0,0,0,0
NUCB1_MOUSE,0,0,0,0,0
NUCG_MOUSE,0,0,0,0,0
NUCL_MOUSE,0.36497,0.0258335668350961,0.313302866329808,0.416637133670192,5
NUD12_MOUSE,0.30473,0.045744,0.213242,0.396218,1
NUD19_MOUSE,0,0,0,0,0
NUDT7_MOUSE,0.36935,0.0236325633634207,0.322084873273159,0.416615126726841,7
NUDT8_MOUSE,0,0,0,0,0
NUP62_MOUSE,0,0,0,0,0
NUP85_MOUSE,0,0,0,0,0
OAT_MOUSE,0,0,0,0,0
OCAD1_MOUSE,0,0,0,0,0
OCAD2_MOUSE,0.18963,0.01795,0.15373,0.22553,1
OCTC_MOUSE,0,0,0,0,0
ODB2_MOUSE,0.11314,0.0073351143647174,0.0984697712705652,0.127810228729435,9
ODBA_MOUSE,0.18223,0.0123221777859377,0.157585644428125,0.206874355571875,8
ODBB_MOUSE,0.12595,0.00640886765090146,0.113132264698197,0.138767735301803,4
ODO1_MOUSE,0.2847,0.0182853858561712,0.248129228287658,0.321270771712342,7
ODO2_MOUSE,0.08426,0.00481947578789344,0.0746210484242131,0.0938989515757869,8
ODP2_MOUSE,0.08702,0.00459999476256877,0.0778200104748625,0.0962199895251375,7
ODPA_MOUSE,0.10199,0.00835575779792565,0.0852784844041487,0.118701515595851,9
ODPB_MOUSE,0.11653,0.00919802453696675,0.0981339509260665,0.134926049073933,7
ODPX_MOUSE,0,0,0,0,0
OLA1_MOUSE,0.15169,0.0180241991033827,0.115641601793235,0.187738398206765,2
OPA1_MOUSE,0.128365,0.00852767874479039,0.111309642510419,0.145420357489581,2
OPA3_MOUSE,0,0,0,0,0
OPLA_MOUSE,0.26749,0.0192253266885869,0.229039346622826,0.305940653377174,4
ORNT1_MOUSE,0.159575,0.0115561288794941,0.136462742241012,0.182687257758988,4
ORN_MOUSE,0,0,0,0,0
OSBL1_MOUSE,0,0,0,0,0
OST48_MOUSE,0.089895,0.00393016724223744,0.0820346655155251,0.0977553344844749,4
OSTF1_MOUSE,0.29762,0.032176,0.233268,0.361972,1
OTC_MOUSE,0.10123,0.00475975751637849,0.091710484967243,0.110749515032757,24
OTUB1_MOUSE,0.28778,0.0267331999417214,0.234313600116557,0.341246399883443,3
OXSM_MOUSE,0.13833,0.017272,0.103786,0.172874,1
P20D1_MOUSE,0.27481,0.0271874951242459,0.220435009751508,0.329184990248492,3
P5CR3_MOUSE,0.11115,0.008609,0.093932,0.128368,1
PA2G4_MOUSE,0.13151,0.0081313631670085,0.115247273665983,0.147772726334017,6
PABP1_MOUSE,0.140915,0.0104128931118679,0.120089213776264,0.161740786223736,8
PACN2_MOUSE,0,0,0,0,0
PACN3_MOUSE,0.16701,0.018802,0.129406,0.204614,1
PAFA2_MOUSE,0,0,0,0,0
PAG15_MOUSE,0,0,0,0,0
PAHX_MOUSE,0,0,0,0,0
PAIRB_MOUSE,0.30292,0.0189697872295626,0.264980425540875,0.340859574459125,2
PAPS2_MOUSE,0.2392,0.0197409536996884,0.199718092600623,0.278681907399377,4
PAQR9_MOUSE,0,0,0,0,0
PARK7_MOUSE,0.159525,0.00877422284681195,0.141976554306376,0.177073445693624,10
PARVA_MOUSE,0.27999,0.039033,0.201924,0.358056,1
PAXI_MOUSE,0,0,0,0,0
PBLD1_MOUSE,0.16417,0.00649488872047605,0.151180222559048,0.177159777440952,9
PBLD2_MOUSE,0.16338,0.0133108947197652,0.13675821056047,0.19000178943953,5
PCBP1_MOUSE,0.31353,0.0286702948025833,0.256189410394833,0.370870589605167,5
PCBP2_MOUSE,0.25201,0.022443,0.207124,0.296896,1
PCCA_MOUSE,0.094295,0.00591640237177192,0.0824621952564562,0.106127804743544,18
PCCB_MOUSE,0.08499,0.00637071273808055,0.0722485745238389,0.0977314254761611,9
PCKGC_MOUSE,0,0,0,0,0
PCP_MOUSE,0,0,0,0,0
PCY1A_MOUSE,0,0,0,0,0
PCY2_MOUSE,0.24826,0.0205601047390583,0.207139790521883,0.289380209478117,6
PCYOX_MOUSE,0,0,0,0,0
PDC6I_MOUSE,0,0,0,0,0
PDCD4_MOUSE,0,0,0,0,0
PDCD6_MOUSE,0.38252,0.039138,0.304244,0.460796,1
PDIA1_MOUSE,0.241445,0.013918713940066,0.213607572119868,0.269282427880132,24
PDIA3_MOUSE,0.25096,0.0147373143905984,0.221485371218803,0.280434628781197,18
PDIA4_MOUSE,0.22842,0.0165059741357315,0.195408051728537,0.261431948271463,7
PDIA5_MOUSE,0.09186,0.00688790673289452,0.078084186534211,0.105635813465789,5
PDIA6_MOUSE,0.24886,0.0161914178931524,0.216477164213695,0.281242835786305,12
PDIP2_MOUSE,0,0,0,0,0
PDLI1_MOUSE,0,0,0,0,0
PDLI5_MOUSE,0.20503,0.0256972609898555,0.153635478020289,0.256424521979711,2
PDXK_MOUSE,0.378775,0.0103952653228955,0.357984469354209,0.399565530645791,2
PEBP1_MOUSE,0.15131,0.00844691694747897,0.134416166105042,0.168203833894958,9
PECR_MOUSE,0.21907,0.0148755574273652,0.18931888514527,0.24882111485473,7
PEF1_MOUSE,0,0,0,0,0
PEPD_MOUSE,0.12297,0.011087,0.100796,0.145144,1
PEPL1_MOUSE,0.18535,0.010046,0.165258,0.205442,1
PEX14_MOUSE,0,0,0,0,0
PEX16_MOUSE,0,0,0,0,0
PEX19_MOUSE,0,0,0,0,0
PEX1_MOUSE,0.24473,0.023532,0.197666,0.291794,1
PEX5_MOUSE,0.1786,0.014745,0.14911,0.20809,1
PEX6_MOUSE,0,0,0,0,0
PEX7_MOUSE,0,0,0,0,0
PFD2_MOUSE,0,0,0,0,0
PFKAL_MOUSE,0,0,0,0,0
PG12B_MOUSE,0,0,0,0,0
PGAM1_MOUSE,0.14108,0.00868544826920931,0.123709103461581,0.158450896538419,13
PGBM_MOUSE,0.0653,0.00511274961597542,0.0550745007680492,0.0755254992319508,2
PGGHG_MOUSE,0,0,0,0,0
PGH1_MOUSE,0,0,0,0,0
PGK1_MOUSE,0.134635,0.0072682313707423,0.120098537258515,0.149171462741485,22
PGM1_MOUSE,0.14596,0.00819004481359656,0.129579910372807,0.162340089627193,26
PGP_MOUSE,0.132845,0.0124718342788379,0.107901331442324,0.157788668557676,2
PGRC1_MOUSE,0.290595,0.0243896666954107,0.241815666609179,0.339374333390821,2
PGRC2_MOUSE,0.24515,0.024403,0.196344,0.293956,1
PGS2_MOUSE,0,0,0,0,0
PGTA_MOUSE,0,0,0,0,0
PH4H_MOUSE,0.716155,0.0378900495558672,0.640374900888266,0.791935099111734,2
PHB2_MOUSE,0.08744,0.00442159593976474,0.0785968081204705,0.0962831918795295,10
PHB_MOUSE,0.103495,0.00455978163125088,0.0943754367374983,0.112614563262502,12
PHF5A_MOUSE,0,0,0,0,0
PHLA1_MOUSE,0,0,0,0,0
PHP14_MOUSE,0.20863,0.027605,0.15342,0.26384,1
PHS2_MOUSE,0,0,0,0,0
PHS_MOUSE,0.19319,0.0119044193654421,0.169381161269116,0.216998838730884,3
PI4KA_MOUSE,0,0,0,0,0
PICAL_MOUSE,0,0,0,0,0
PIGR_MOUSE,0,0,0,0,0
PIMT_MOUSE,0,0,0,0,0
PIPNB_MOUSE,0,0,0,0,0
PIR_MOUSE,0,0,0,0,0
PLAK_MOUSE,0.05276,0.003812,0.045136,0.060384,1
PLAP_MOUSE,0,0,0,0,0
PLBL1_MOUSE,0,0,0,0,0
PLBL2_MOUSE,0,0,0,0,0
PLCB_MOUSE,0.36751,0.032584,0.302342,0.432678,1
PLEC_MOUSE,0,0,0,0,0
PLIN2_MOUSE,0,0,0,0,0
PLIN3_MOUSE,0,0,0,0,0
PLM_MOUSE,0,0,0,0,0
PLPHP_MOUSE,0.24352,0.025883,0.191754,0.295286,1
PLSL_MOUSE,0.2058,0.0148099947853182,0.176180010429364,0.235419989570636,10
PLST_MOUSE,0.204575,0.0163474485098134,0.171880102980373,0.237269897019627,2
PMGE_MOUSE,0,0,0,0,0
PMM2_MOUSE,0.18238,0.022877,0.136626,0.228134,1
PNCB_MOUSE,0.16234,0.0149150763574939,0.132509847285012,0.192170152714988,4
PNPH_MOUSE,0.14147,0.0119734734760262,0.117523053047948,0.165416946952052,7
PNPO_MOUSE,0.18256,0.0104403228682214,0.161679354263557,0.203440645736443,4
PNPT1_MOUSE,0,0,0,0,0
PON1_MOUSE,0,0,0,0,0
PON2_MOUSE,0,0,0,0,0
PON3_MOUSE,0.159905,0.00764363940080812,0.144617721198384,0.175192278801616,2
PP1B_MOUSE,0,0,0,0,0
PP1G_MOUSE,0,0,0,0,0
PP1R7_MOUSE,0,0,0,0,0
PP2AA_MOUSE,0,0,0,0,0
PP6R3_MOUSE,0,0,0,0,0
PPA5_MOUSE,0,0,0,0,0
PPA6_MOUSE,0,0,0,0,0
PPAC_MOUSE,0,0,0,0,0
PPCE_MOUSE,0.26332,0.02654,0.21024,0.3164,1
PPCS_MOUSE,0,0,0,0,0
PPCT_MOUSE,0.204605,0.0287848958547889,0.147035208290422,0.262174791709578,2
PPGB_MOUSE,0.264205,0.0181526429585319,0.227899714082936,0.300510285917064,2
PPIA_MOUSE,0.17855,0.0110420250471351,0.15646594990573,0.20063405009427,11
PPIB_MOUSE,0.22182,0.0186188574066511,0.184582285186698,0.259057714813302,5
PPID_MOUSE,0.17985,0.021413,0.137024,0.222676,1
PPIF_MOUSE,0.12703,0.010991,0.105048,0.149012,1
PPM1A_MOUSE,0.13465,0.031154,0.072342,0.196958,1
PPM1B_MOUSE,0,0,0,0,0
PPR3B_MOUSE,0,0,0,0,0
PPT1_MOUSE,0.07191,0.008111,0.055688,0.088132,1
PRDX1_MOUSE,0.204295,0.0133319400113463,0.177631119977307,0.230958880022693,14
PRDX2_MOUSE,0.13763,0.0101166549223767,0.117396690155247,0.157863309844753,7
PRDX3_MOUSE,0.11038,0.00555907192314516,0.0992618561537097,0.12149814384629,7
PRDX4_MOUSE,0.27348,0.0129787033853376,0.247522593229325,0.299437406770675,3
PRDX5_MOUSE,0.166925,0.00827582142867423,0.150373357142652,0.183476642857348,8
PRDX6_MOUSE,0.167335,0.0105183161546771,0.146298367690646,0.188371632309354,22
PREB_MOUSE,0,0,0,0,0
PRELP_MOUSE,0.12055,0.012002,0.096546,0.144554,1
PREP_MOUSE,0,0,0,0,0
PRG2_MOUSE,0,0,0,0,0
PRKRA_MOUSE,0,0,0,0,0
PROD_MOUSE,0.2885,0.0190982544471716,0.250303491105657,0.326696508894343,5
PROF1_MOUSE,0.182365,0.0122039287579674,0.157957142484065,0.206772857515935,12
PRP19_MOUSE,0,0,0,0,0
PRPS1_MOUSE,0.197235,0.0138651710673362,0.169504657865328,0.224965342134672,6
PRPS2_MOUSE,0,0,0,0,0
PRRC1_MOUSE,0,0,0,0,0
PRS10_MOUSE,0.26935,0.0226219372872792,0.224106125425442,0.314593874574558,3
PRS4_MOUSE,0.39665,0.049502,0.297646,0.495654,1
PRS6A_MOUSE,0.32364,0.0267419496771397,0.270156100645721,0.377123899354279,3
PRS6B_MOUSE,0.278695,0.0342001105148024,0.210294778970395,0.347095221029605,2
PRS7_MOUSE,0.2785,0.043567,0.191366,0.365634,1
PRS8_MOUSE,0.26444,0.0263305633553836,0.211778873289233,0.317101126710767,3
PSA1_MOUSE,0.14313,0.013947641801608,0.115234716396784,0.171025283603216,3
PSA2_MOUSE,0.18086,0.00982508957564717,0.161209820848706,0.200510179151294,3
PSA3_MOUSE,0,0,0,0,0
PSA4_MOUSE,0.226835,0.016259267879975,0.19431646424005,0.25935353575995,2
PSA5_MOUSE,0.17697,0.0155195849897397,0.145930830020521,0.208009169979479,7
PSA6_MOUSE,0.20264,0.017482436876304,0.167675126247392,0.237604873752608,10
PSA7_MOUSE,0.146575,0.0127152929838728,0.121144414032254,0.172005585967746,4
PSA_MOUSE,0,0,0,0,0
PSB1_MOUSE,0.19445,0.008595,0.17726,0.21164,1
PSB2_MOUSE,0.199335,0.0149359687091176,0.169463062581765,0.229206937418235,2
PSB3_MOUSE,0.179035,0.0144285174897119,0.150177965020576,0.207892034979424,2
PSB4_MOUSE,0.217135,0.0165735654261705,0.183987869147659,0.250282130852341,2
PSB5_MOUSE,0.22735,0.023928,0.179494,0.275206,1
PSB6_MOUSE,0.16952,0.0165417781755945,0.136436443648811,0.202603556351189,3
PSB7_MOUSE,0.22331,0.0240750391085077,0.175159921782985,0.271460078217015,3
PSB8_MOUSE,0,0,0,0,0
PSB9_MOUSE,0,0,0,0,0
PSD11_MOUSE,0.29907,0.0211281576725454,0.256813684654909,0.341326315345091,3
PSD12_MOUSE,0.17161,0.005739,0.160132,0.183088,1
PSD13_MOUSE,0.26866,0.025231213854652,0.218197572290696,0.319122427709304,2
PSDE_MOUSE,0.20003,0.013559,0.172912,0.227148,1
PSMD1_MOUSE,0.21175,0.022272,0.167206,0.256294,1
PSMD2_MOUSE,0.26473,0.0258672308989812,0.212995538202038,0.316464461797962,6
PSMD3_MOUSE,0.20188,0.0198,0.16228,0.24148,1
PSMD4_MOUSE,0.21241,0.0375789520046825,0.137252095990635,0.287567904009365,2
PSMD5_MOUSE,0,0,0,0,0
PSMD6_MOUSE,0.15915,0.0137494490125284,0.131651101974943,0.186648898025057,3
PSMD7_MOUSE,0.21773,0.0280161157312883,0.161697768537423,0.273762231462577,2
PSMD8_MOUSE,0.2473,0.043176,0.160948,0.333652,1
PSMD9_MOUSE,0,0,0,0,0
PSME1_MOUSE,0.21669,0.0190287800566722,0.178632439886656,0.254747560113344,8
PSME2_MOUSE,0.235895,0.0138359718693663,0.208223056261267,0.263566943738733,4
PTBP1_MOUSE,0.165425,0.0133953613741467,0.138634277251707,0.192215722748293,2
PTCD3_MOUSE,0,0,0,0,0
PTER_MOUSE,0.15728,0.0114569217459351,0.13436615650813,0.18019384349187,2
PTGR2_MOUSE,0.1896,0.00877,0.17206,0.20714,1
PTGR3_MOUSE,0.18383,0.0140965834308441,0.155636833138312,0.212023166861688,4
PTH2_MOUSE,0.18596,0.0153289523704884,0.155302095259023,0.216617904740977,2
PTMA_MOUSE,0,0,0,0,0
PTMS_MOUSE,0.26498,0.013068,0.238844,0.291116,1
PTN11_MOUSE,0,0,0,0,0
PTN6_MOUSE,0,0,0,0,0
PTPS_MOUSE,0,0,0,0,0
PTSS1_MOUSE,0,0,0,0,0
PUR2_MOUSE,0,0,0,0,0
PUR4_MOUSE,0,0,0,0,0
PUR6_MOUSE,0,0,0,0,0
PUR8_MOUSE,0,0,0,0,0
PUR9_MOUSE,0.156865,0.00918572865623314,0.138493542687534,0.175236457312466,2
PURA1_MOUSE,0,0,0,0,0
PURA2_MOUSE,0,0,0,0,0
PURA_MOUSE,0.05878,0.00501494392855497,0.0487501121428901,0.0688098878571099,3
PURB_MOUSE,0.0539,0.006117,0.041666,0.066134,1
PX11A_MOUSE,0,0,0,0,0
PX11B_MOUSE,0,0,0,0,0
PXL2A_MOUSE,0.19107,0.016317,0.158436,0.223704,1
PXMP2_MOUSE,0.249015,0.0302996593393136,0.188415681321373,0.309614318678627,2
PXMP4_MOUSE,0.252475,0.0302209051405205,0.192033189718959,0.312916810281041,2
PYC_MOUSE,0.12797,0.0063797622200554,0.115210475559889,0.140729524440111,45
PYGL_MOUSE,0.125735,0.00756820408681286,0.110598591826374,0.140871408173626,46
PYM1_MOUSE,0,0,0,0,0
PZP_MOUSE,0.306405,0.0290819525154402,0.24824109496912,0.36456890503088,2
QCR10_MOUSE,0.14051,0.032299,0.075912,0.205108,1
QCR1_MOUSE,0.11055,0.0044206793850473,0.101708641229905,0.119391358770095,15
QCR2_MOUSE,0.11651,0.00563697968293511,0.10523604063413,0.12778395936587,14
QCR6_MOUSE,0.11409,0.0070669834476997,0.0999560331046006,0.128223966895399,3
QCR7_MOUSE,0.16576,0.0134486608323987,0.138862678335203,0.192657321664797,4
QCR8_MOUSE,0,0,0,0,0
QORL2_MOUSE,0.137165,0.0102491594745284,0.116666681050943,0.157663318949057,2
QOR_MOUSE,0.148055,0.00745597833635318,0.133143043327294,0.162966956672706,8
RAB10_MOUSE,0,0,0,0,0
RAB14_MOUSE,0,0,0,0,0
RAB18_MOUSE,0.35716,0.041811,0.273538,0.440782,1
RAB1A_MOUSE,0,0,0,0,0
RAB1B_MOUSE,0,0,0,0,0
RAB21_MOUSE,0,0,0,0,0
RAB2A_MOUSE,0,0,0,0,0
RAB35_MOUSE,0.22411,0.0186623792507799,0.18678524149844,0.26143475850156,2
RAB5A_MOUSE,0.2346,0.04299,0.14862,0.32058,1
RAB5B_MOUSE,0,0,0,0,0
RAB5C_MOUSE,0,0,0,0,0
RAB7A_MOUSE,0,0,0,0,0
RAC1_MOUSE,0.23763,0.0103859161117961,0.216858167776408,0.258401832223592,2
RACK1_MOUSE,0.104285,0.00666406482306047,0.0909568703538791,0.117613129646121,10
RADI_MOUSE,0.2097,0.0134234806727755,0.182853038654449,0.236546961345551,7
RAGP1_MOUSE,0,0,0,0,0
RANG_MOUSE,0.09719,0.011106,0.074978,0.119402,1
RAN_MOUSE,0.204345,0.0190027750919186,0.166339449816163,0.242350550183837,6
RAP1A_MOUSE,0.15382,0.00875683859589236,0.136306322808215,0.171333677191785,2
RAP1B_MOUSE,0.1468,0.014612,0.117576,0.176024,1
RASH_MOUSE,0,0,0,0,0
RB11A_MOUSE,0,0,0,0,0
RB11B_MOUSE,0,0,0,0,0
RBBP4_MOUSE,0,0,0,0,0
RBBP7_MOUSE,0,0,0,0,0
RBBP9_MOUSE,0.14341,0.014347,0.114716,0.172104,1
RBM14_MOUSE,0,0,0,0,0
RBM39_MOUSE,0,0,0,0,0
RBM47_MOUSE,0,0,0,0,0
RBSK_MOUSE,0,0,0,0,0
RBX2_MOUSE,0.15829,0.025958,0.106374,0.210206,1
RD23B_MOUSE,0.21012,0.0216077264533574,0.166904547093285,0.253335452906715,2
RDH11_MOUSE,0.19817,0.0184022401426719,0.161365519714656,0.234974480285344,3
RDH14_MOUSE,0,0,0,0,0
RDH16_MOUSE,0.24497,0.0178886482218388,0.209192703556322,0.280747296443678,3
RDH7_MOUSE,0.232895,0.0225524415463644,0.187790116907271,0.277999883092729,2
REEP5_MOUSE,0,0,0,0,0
REEP6_MOUSE,0.32377,0.0213396202566618,0.281090759486676,0.366449240513324,4
RENT1_MOUSE,0,0,0,0,0
RER1_MOUSE,0.17174,0.02255,0.12664,0.21684,1
RET1_MOUSE,0,0,0,0,0
RET4_MOUSE,0,0,0,0,0
RETST_MOUSE,0,0,0,0,0
RGN_MOUSE,0.14121,0.00737083457747806,0.126468330845044,0.155951669154956,23
RHOA_MOUSE,0,0,0,0,0
RHOB_MOUSE,0,0,0,0,0
RHOG_MOUSE,0,0,0,0,0
RIDA_MOUSE,0.149115,0.00656932799340774,0.135976344013185,0.162253655986815,8
RINI_MOUSE,0.29728,0.0283312795288231,0.240617440942354,0.353942559057646,5
RISC_MOUSE,0,0,0,0,0
RL10A_MOUSE,0.09833,0.00582873715702197,0.0866725256859561,0.109987474314044,2
RL10_MOUSE,0.19098,0.0203455218306806,0.150288956338639,0.231671043661361,3
RL11_MOUSE,0.10522,0.00789722533702968,0.0894255493259406,0.121014450674059,3
RL12_MOUSE,0.076805,0.00274557348442316,0.0713138530311537,0.0822961469688463,6
RL13A_MOUSE,0.08753,0.0053885303514377,0.0767529392971246,0.0983070607028754,2
RL13_MOUSE,0.06918,0.00403885929709352,0.061102281405813,0.077257718594187,2
RL14_MOUSE,0.092815,0.00471610397393382,0.0833827920521324,0.102247207947868,4
RL15_MOUSE,0.08616,0.00492302747195031,0.0763139450560994,0.0960060549439006,3
RL17_MOUSE,0.09942,0.00454082025445438,0.0903383594910912,0.108501640508909,5
RL18A_MOUSE,0.07501,0.00571563963563362,0.0635787207287328,0.0864412792712672,3
RL18_MOUSE,0.07456,0.00467821186224854,0.0652035762755029,0.0839164237244971,5
RL19_MOUSE,0.1119,0.00681,0.09828,0.12552,1
RL21_MOUSE,0.08006,0.00844989010870949,0.063160219782581,0.096959780217419,3
RL22_MOUSE,0.06778,0.00292039904338914,0.0619392019132217,0.0736207980867783,2
RL23A_MOUSE,0.07456,0.00660227598890363,0.0613554480221927,0.0877645519778072,5
RL23_MOUSE,0.07545,0.00351974825824431,0.0684105034835114,0.0824894965164886,2
RL24_MOUSE,0.077985,0.00680234861845973,0.0643803027630805,0.0915896972369195,2
RL26_MOUSE,0.10024,0.00510330528052805,0.0900333894389439,0.110446610561056,2
RL27A_MOUSE,0.08598,0.00525390336820646,0.0754721932635871,0.0964878067364129,3
RL27_MOUSE,0.22146,0.0157483064002171,0.189963387199566,0.252956612800434,3
RL28_MOUSE,0.07429,0.00489570198608731,0.0644985960278254,0.0840814039721746,2
RL30_MOUSE,0.08515,0.00443573230743465,0.0762785353851307,0.0940214646148693,5
RL31_MOUSE,0.06221,0.00564052697856312,0.0509289460428738,0.0734910539571262,3
RL32_MOUSE,0.08057,0.00411422458554895,0.0723415508289021,0.0887984491710979,2
RL35_MOUSE,0.10272,0.00966,0.0834,0.12204,1
RL37A_MOUSE,0.08408,0.005372,0.073336,0.094824,1
RL38_MOUSE,0.106165,0.00943550848218293,0.0872939830356342,0.125036016964366,2
RL3_MOUSE,0.06595,0.00400695448582626,0.0579360910283475,0.0739639089716525,7
RL4_MOUSE,0.06996,0.00410972244075467,0.0617405551184907,0.0781794448815093,11
RL5_MOUSE,0.07494,0.00449241743072784,0.0659551651385443,0.0839248348614557,6
RL6_MOUSE,0.08878,0.0058513266776727,0.0770773466446546,0.100482653355345,9
RL7A_MOUSE,0.09183,0.00636177719738405,0.0791064456052319,0.104553554394768,8
RL7_MOUSE,0.08013,0.00551933109856672,0.0690913378028666,0.0911686621971334,5
RL8_MOUSE,0.07362,0.00311091288310949,0.067398174233781,0.079841825766219,4
RL9_MOUSE,0.07772,0.00523073078663822,0.0672585384267236,0.0881814615732764,6
RLA0_MOUSE,0.06904,0.00330153517544944,0.0624369296491011,0.0756430703508989,9
RLA1_MOUSE,0.07849,0.00531967342980576,0.0678506531403885,0.0891293468596115,3
RLA2_MOUSE,0.089295,0.00484478788908345,0.0796054242218331,0.0989845757781669,6
RM10_MOUSE,0,0,0,0,0
RM12_MOUSE,0,0,0,0,0
RM15_MOUSE,0,0,0,0,0
RM19_MOUSE,0,0,0,0,0
RM22_MOUSE,0,0,0,0,0
RM38_MOUSE,0,0,0,0,0
RM49_MOUSE,0,0,0,0,0
RMD1_MOUSE,0.144825,0.0125162412406271,0.119792517518746,0.169857482481254,2
RMD2_MOUSE,0.11629,0.0121665214063213,0.0919569571873573,0.140623042812643,3
RMD3_MOUSE,0.09347,0.0041174690972306,0.0852350618055388,0.101704938194461,3
RMXL1_MOUSE,0,0,0,0,0
RNT2A_MOUSE,0,0,0,0,0
ROA0_MOUSE,0,0,0,0,0
ROA1_MOUSE,0.183985,0.0150821192619974,0.153820761476005,0.214149238523995,4
ROA2_MOUSE,0.18937,0.0144399484135898,0.16049010317282,0.21824989682718,10
ROA3_MOUSE,0.221405,0.0179883262175859,0.185428347564828,0.257381652435172,4
ROAA_MOUSE,0.48396,0.02225,0.43946,0.52846,1
RPN1_MOUSE,0.11797,0.00822723919598076,0.101515521608038,0.134424478391962,16
RPN2_MOUSE,0.108705,0.00694032736488541,0.0948243452702292,0.122585654729771,12
RRBP1_MOUSE,0.27897,0.0177902899923974,0.243389420015205,0.314550579984795,8
RRF2M_MOUSE,0,0,0,0,0
RS10_MOUSE,0.098,0.00386345201690093,0.0902730959661981,0.105726904033802,3
RS11_MOUSE,0.05056,0.003828,0.042904,0.058216,1
RS12_MOUSE,0.06183,0.00421738207432088,0.0533952358513582,0.0702647641486418,3
RS13_MOUSE,0.07825,0.00356717850296917,0.0711156429940617,0.0853843570059383,3
RS14_MOUSE,0.10452,0.00694963582777642,0.0906207283444472,0.118419271655553,3
RS15A_MOUSE,0.0676,0.00511736883677345,0.0573652623264531,0.0778347376735469,3
RS15_MOUSE,0.09955,0.00425944426573936,0.0910311114685213,0.108068888531479,5
RS16_MOUSE,0.06913,0.00580949611109766,0.0575110077778047,0.0807489922221953,3
RS17_MOUSE,0.08504,0.00488435286698071,0.0752712942660386,0.0948087057339614,4
RS18_MOUSE,0.08328,0.00600513595536071,0.0712697280892786,0.0952902719107214,7
RS19_MOUSE,0.08717,0.00481252223853229,0.0775449555229354,0.0967950444770646,4
RS20_MOUSE,0.0716,0.0038696389504095,0.063860722099181,0.079339277900819,3
RS21_MOUSE,0,0,0,0,0
RS23_MOUSE,0.080735,0.00511618041859964,0.0705026391628007,0.0909673608371993,4
RS24_MOUSE,0.0841,0.00680818454998534,0.0704836309000293,0.0977163690999707,2
RS25_MOUSE,0.113825,0.0102930562302369,0.0932388875395262,0.134411112460474,2
RS26_MOUSE,0.10371,0.007647,0.088416,0.119004,1
RS27A_MOUSE,0.07388,0.004234,0.065412,0.082348,1
RS27L_MOUSE,0.11951,0.00849650914448283,0.102516981711034,0.136503018288966,2
RS28_MOUSE,0.100335,0.00564506241478564,0.0890448751704287,0.111625124829571,2
RS29_MOUSE,0.08365,0.006737,0.070176,0.097124,1
RS2_MOUSE,0.09363,0.00515848617375552,0.083313027652489,0.103946972347511,9
RS30_MOUSE,0,0,0,0,0
RS3A_MOUSE,0.0908,0.00466941227557942,0.0814611754488412,0.100138824551159,9
RS3_MOUSE,0.097575,0.00584984137618483,0.0858753172476303,0.10927468275237,10
RS4X_MOUSE,0.07869,0.00437954577659949,0.069930908446801,0.087449091553199,8
RS5_MOUSE,0,0,0,0,0
RS6_MOUSE,0.08589,0.00480536991330465,0.0762792601733907,0.0955007398266093,3
RS7_MOUSE,0.07363,0.005081,0.063468,0.083792,1
RS8_MOUSE,0.08583,0.00440944716063506,0.0770111056787299,0.0946488943212701,5
RS9_MOUSE,0.087445,0.00636534340553457,0.0747143131889308,0.100175686811069,2
RSSA_MOUSE,0.06466,0.00326091521313504,0.0581381695737299,0.0711818304262701,5
RSU1_MOUSE,0,0,0,0,0
RT07_MOUSE,0,0,0,0,0
RT09_MOUSE,0,0,0,0,0
RT18B_MOUSE,0,0,0,0,0
RT21_MOUSE,0,0,0,0,0
RT22_MOUSE,0.13789,0.02296,0.09197,0.18381,1
RT23_MOUSE,0.09995,0.012638,0.074674,0.125226,1
RT27_MOUSE,0,0,0,0,0
RT28_MOUSE,0,0,0,0,0
RTCB_MOUSE,0.22378,0.0233848737873631,0.177010252425274,0.270549747574726,3
RTN4_MOUSE,0.18595,0.025858,0.134234,0.237666,1
RTRAF_MOUSE,0,0,0,0,0
RU2A_MOUSE,0,0,0,0,0
RUVB1_MOUSE,0.14228,0.017083,0.108114,0.176446,1
RUXE_MOUSE,0.07188,0.005168,0.061544,0.082216,1
RUXG_MOUSE,0,0,0,0,0
S10A1_MOUSE,0,0,0,0,0
S10AB_MOUSE,0.13777,0.011782,0.114206,0.161334,1
S14L2_MOUSE,0.22998,0.0115783966673776,0.206823206665245,0.253136793334755,9
S14L4_MOUSE,0.207975,0.0123762633149038,0.183222473370192,0.232727526629808,8
S2542_MOUSE,0,0,0,0,0
S2545_MOUSE,0,0,0,0,0
S27A2_MOUSE,0.33078,0.025605125268556,0.279569749462888,0.381990250537112,18
S27A5_MOUSE,0.384735,0.0251171792075232,0.334500641584954,0.434969358415046,10
S35A3_MOUSE,0,0,0,0,0
S35D1_MOUSE,0,0,0,0,0
S38A3_MOUSE,0,0,0,0,0
S38A4_MOUSE,0,0,0,0,0
S61A1_MOUSE,0.22398,0.012453,0.199074,0.248886,1
S6A12_MOUSE,0,0,0,0,0
S6A13_MOUSE,0,0,0,0,0
SAC1_MOUSE,0.19742,0.018079,0.161262,0.233578,1
SAFB1_MOUSE,0,0,0,0,0
SAHH2_MOUSE,0,0,0,0,0
SAHH_MOUSE,0.21485,0.0118316709991684,0.191186658001663,0.238513341998337,27
SAM50_MOUSE,0.08809,0.00724665208285367,0.0735966958342927,0.102583304165707,3
SAMH1_MOUSE,0.17887,0.0152652055629958,0.148339588874008,0.209400411125992,2
SAP_MOUSE,0.2826,0.0228078454937856,0.236984309012429,0.328215690987571,8
SAR1A_MOUSE,0,0,0,0,0
SAR1B_MOUSE,0.29743,0.020485,0.25646,0.3384,1
SARDH_MOUSE,0.10002,0.00506944301266746,0.0898811139746651,0.110158886025335,50
SARNP_MOUSE,0,0,0,0,0
SBP1_MOUSE,0.16519,0.0104867677020846,0.144216464595831,0.186163535404169,27
SBP2_MOUSE,0.22559,0.016517,0.192556,0.258624,1
SC11A_MOUSE,0,0,0,0,0
SC16B_MOUSE,0,0,0,0,0
SC22B_MOUSE,0,0,0,0,0
SC23A_MOUSE,0.167655,0.0149659154828838,0.137723169034232,0.197586830965768,8
SC23B_MOUSE,0,0,0,0,0
SC24A_MOUSE,0,0,0,0,0
SC31A_MOUSE,0.200495,0.0168312722901432,0.166832455419714,0.234157544580286,4
SC61B_MOUSE,0.18962,0.0207384700362792,0.148143059927442,0.231096940072559,3
SCFD1_MOUSE,0,0,0,0,0
SCLY_MOUSE,0,0,0,0,0
SCMC3_MOUSE,0,0,0,0,0
SCP2_MOUSE,0.49605,0.0290593047110259,0.437931390577948,0.554168609422052,10
SCRB1_MOUSE,0,0,0,0,0
SCRB2_MOUSE,0.27687,0.021728,0.233414,0.320326,1
SCRN2_MOUSE,0.13039,0.0120269521103562,0.106336095779288,0.154443904220712,2
SCRN3_MOUSE,0.30262,0.0384866481322564,0.225646703735487,0.379593296264513,2
SCYL2_MOUSE,0,0,0,0,0
SDF2L_MOUSE,0,0,0,0,0
SDHA_MOUSE,0.13841,0.00954179360129357,0.119326412797413,0.157493587202587,19
SDHB_MOUSE,0.12895,0.00836526833277417,0.112219463334452,0.145680536665548,9
SDHL_MOUSE,0.256845,0.0194329515078369,0.217979096984326,0.295710903015674,8
SDSL_MOUSE,0,0,0,0,0
SEC13_MOUSE,0.17873,0.015927,0.146876,0.210584,1
SEC63_MOUSE,0.29158,0.036601,0.218378,0.364782,1
SELB_MOUSE,0,0,0,0,0
SELO_MOUSE,0,0,0,0,0
SELT_MOUSE,0,0,0,0,0
SEP10_MOUSE,0,0,0,0,0
SEP11_MOUSE,0.23208,0.041436,0.149208,0.314952,1
SEPT2_MOUSE,0,0,0,0,0
SEPT7_MOUSE,0.11316,0.009712,0.093736,0.132584,1
SEPT9_MOUSE,0,0,0,0,0
SET_MOUSE,0.20675,0.019028,0.168694,0.244806,1
SF01_MOUSE,0,0,0,0,0
SF3A1_MOUSE,0,0,0,0,0
SF3B1_MOUSE,0,0,0,0,0
SF3B3_MOUSE,0,0,0,0,0
SFPQ_MOUSE,0.2259,0.022072,0.181756,0.270044,1
SFXN1_MOUSE,0.11667,0.00557034605806747,0.105529307883865,0.127810692116135,6
SFXN2_MOUSE,0,0,0,0,0
SGMR1_MOUSE,0,0,0,0,0
SGPL1_MOUSE,0,0,0,0,0
SH3L1_MOUSE,0.4074,0.020548,0.366304,0.448496,1
SH3L2_MOUSE,0,0,0,0,0
SH3L3_MOUSE,0.12497,0.015853,0.093264,0.156676,1
SHPK_MOUSE,0.11289,0.011208,0.090474,0.135306,1
SIAE_MOUSE,0,0,0,0,0
SIAS_MOUSE,0,0,0,0,0
SIR2_MOUSE,0,0,0,0,0
SIR3_MOUSE,0,0,0,0,0
SIR5_MOUSE,0,0,0,0,0
SKP1_MOUSE,0,0,0,0,0
SLMAP_MOUSE,0,0,0,0,0
SMD1_MOUSE,0.20196,0.031782,0.138396,0.265524,1
SMD2_MOUSE,0,0,0,0,0
SMD3_MOUSE,0.09286,0.010423,0.072014,0.113706,1
SNAA_MOUSE,0,0,0,0,0
SND1_MOUSE,0.175405,0.0129313968571427,0.149542206285715,0.201267793714285,18
SNP23_MOUSE,0,0,0,0,0
SNP47_MOUSE,0,0,0,0,0
SNTB1_MOUSE,0.26778,0.038824,0.190132,0.345428,1
SNX2_MOUSE,0,0,0,0,0
SNX5_MOUSE,0,0,0,0,0
SO1A1_MOUSE,0.26159,0.021965,0.21766,0.30552,1
SO1B2_MOUSE,0,0,0,0,0
SOAT2_MOUSE,0.11398,0.00892,0.09614,0.13182,1
SODC_MOUSE,0.14006,0.00602765277324521,0.12800469445351,0.15211530554649,9
SODM_MOUSE,0.105,0.00482342727138077,0.0953531454572385,0.114646854542762,9
SOX_MOUSE,0.25216,0.0207032720067829,0.210753455986434,0.293566544013566,5
SPA3K_MOUSE,0,0,0,0,0
SPB6_MOUSE,0,0,0,0,0
spCASB_BOVIN,0,0,0,0,0
SPCS2_MOUSE,0,0,0,0,0
SPCS3_MOUSE,0,0,0,0,0
SPEB_MOUSE,0.10148,0.00575700388404173,0.0899659922319165,0.112994007768083,5
SPEE_MOUSE,0,0,0,0,0
spK1C10_HUMAN,0,0,0,0,0
spK1C9_HUMAN,0,0,0,0,0
spK22E_HUMAN,0,0,0,0,0
spK2C1_HUMAN,0,0,0,0,0
spMYG_HORSE,0,0,0,0,0
SPRE_MOUSE,0.15627,0.0086361629772872,0.138997674045426,0.173542325954574,9
SPS2_MOUSE,0.194705,0.0139663908603084,0.166772218279383,0.222637781720617,6
SPTB2_MOUSE,0.28644,0.035425,0.21559,0.35729,1
SPTN1_MOUSE,0.17917,0.010904558376604,0.157360883246792,0.200979116753208,13
spTRYP_PIG,0,0,0,0,0
SPYA_MOUSE,0.151205,0.013230985889241,0.124743028221518,0.177666971778482,8
SQOR_MOUSE,0,0,0,0,0
SRC8_MOUSE,0,0,0,0,0
SRP09_MOUSE,0,0,0,0,0
SRP14_MOUSE,0.20388,0.047564,0.108752,0.299008,1
SRP54_MOUSE,0,0,0,0,0
SRP68_MOUSE,0,0,0,0,0
SRPRA_MOUSE,0,0,0,0,0
SRPRB_MOUSE,0.19408,0.009698,0.174684,0.213476,1
SRRM1_MOUSE,0,0,0,0,0
SRRT_MOUSE,0,0,0,0,0
SRR_MOUSE,0,0,0,0,0
SRS10_MOUSE,0,0,0,0,0
SRSF1_MOUSE,0.18616,0.0172096268236796,0.151740746352641,0.220579253647359,2
SRSF2_MOUSE,0.13496,0.016465,0.10203,0.16789,1
SRSF3_MOUSE,0.13688,0.0105862608955224,0.115707478208955,0.158052521791045,2
SSBP_MOUSE,0,0,0,0,0
SSDH_MOUSE,0.11414,0.00628695645305798,0.101566087093884,0.126713912906116,8
SSRA_MOUSE,0.140825,0.0101850626009569,0.120454874798086,0.161195125201914,4
SSRD_MOUSE,0.14544,0.0103899460698837,0.124660107860233,0.166219892139767,3
SSRG_MOUSE,0,0,0,0,0
ST1A1_MOUSE,0.25426,0.0188630062238603,0.216533987552279,0.291986012447721,7
ST1D1_MOUSE,0.17122,0.0171659633143602,0.13688807337128,0.20555192662872,3
ST2A2_MOUSE,0,0,0,0,0
STA10_MOUSE,0.19249,0.0129439425178786,0.166602114964243,0.218377885035757,9
STAM1_MOUSE,0,0,0,0,0
STAR5_MOUSE,0,0,0,0,0
STAT1_MOUSE,0,0,0,0,0
STAT3_MOUSE,0,0,0,0,0
STBD1_MOUSE,0.158795,0.0148039695307336,0.129187060938533,0.188402939061467,2
STEA4_MOUSE,0.15668,0.010607,0.135466,0.177894,1
STIM1_MOUSE,0,0,0,0,0
STIP1_MOUSE,0.20283,0.0200437053209794,0.162742589358041,0.242917410641959,4
STML2_MOUSE,0,0,0,0,0
STOM_MOUSE,0.22041,0.027428,0.165554,0.275266,1
STRAP_MOUSE,0,0,0,0,0
STS_MOUSE,0.24833,0.048372,0.151586,0.345074,1
STT3A_MOUSE,0.12387,0.0112009415964218,0.101468116807156,0.146271883192844,2
STT3B_MOUSE,0.19863,0.012284606714969,0.174060786570062,0.223199213429938,2
SUCA_MOUSE,0.09787,0.00534174487938921,0.0871865102412216,0.108553489758778,13
SUCB1_MOUSE,0.12171,0.010672977191317,0.100364045617366,0.143055954382634,15
SUCB2_MOUSE,0.15168,0.0068079637396577,0.138064072520685,0.165295927479315,12
SUCHY_MOUSE,0,0,0,0,0
SUMO2_MOUSE,0,0,0,0,0
SUOX_MOUSE,0.09923,0.0057649901664076,0.0877000196671848,0.110759980332815,8
SURF4_MOUSE,0.266355,0.0141092217556484,0.238136556488703,0.294573443511297,4
SYAC_MOUSE,0.34414,0.0271419183535488,0.289856163292902,0.398423836707098,3
SYAP1_MOUSE,0,0,0,0,0
SYCC_MOUSE,0,0,0,0,0
SYDC_MOUSE,0.160975,0.0123747246762475,0.136225550647505,0.185724449352495,6
SYEP_MOUSE,0.1588,0.00770015450449973,0.143399690991001,0.174200309008999,5
SYFA_MOUSE,0.09989,0.011344,0.077202,0.122578,1
SYFB_MOUSE,0.107115,0.0077293983894457,0.0916562032211086,0.122573796778891,4
SYIC_MOUSE,0.082455,0.00817260514132554,0.0661097897173489,0.0988002102826511,2
SYIM_MOUSE,0,0,0,0,0
SYJ2B_MOUSE,0.28548,0.039319,0.206842,0.364118,1
SYK_MOUSE,0.23196,0.023174,0.185612,0.278308,1
SYLC_MOUSE,0.176945,0.0210423382911994,0.134860323417601,0.219029676582399,2
SYMC_MOUSE,0,0,0,0,0
SYNC_MOUSE,0.3285,0.0229514966366003,0.282597006726799,0.374402993273201,3
SYQ_MOUSE,0.18516,0.0215348478746184,0.142090304250763,0.228229695749237,2
SYRC_MOUSE,0.09007,0.011707,0.066656,0.113484,1
SYSC_MOUSE,0,0,0,0,0
SYTC_MOUSE,0.29228,0.0174375544300284,0.257404891139943,0.327155108860057,2
SYVC_MOUSE,0.09375,0.00430123544478043,0.0851475291104391,0.102352470889561,4
SYWC_MOUSE,0,0,0,0,0
SYYC_MOUSE,0,0,0,0,0
SYYM_MOUSE,0,0,0,0,0
T23O_MOUSE,0,0,0,0,0
T3HPD_MOUSE,0,0,0,0,0
TACO1_MOUSE,0,0,0,0,0
TADBP_MOUSE,0.215,0.0208678768145356,0.173264246370929,0.256735753629071,3
TAGL2_MOUSE,0.13703,0.0107993047619048,0.11543139047619,0.158628609523809,2
TALDO_MOUSE,0.24764,0.0140883026841683,0.219463394631663,0.275816605368337,3
TBA1A_MOUSE,0.131555,0.0127317480013724,0.106091503997255,0.157018496002745,20
TBA1B_MOUSE,0.13132,0.00831193180675901,0.114696136386482,0.147943863613518,3
TBA1C_MOUSE,0.14429,0.005696,0.132898,0.155682,1
TBA4A_MOUSE,0.20371,0.0129449719261583,0.177820056147683,0.229599943852317,5
TBB2A_MOUSE,0.11441,0.00797168008091593,0.0984666398381681,0.130353360161832,15
TBB4B_MOUSE,0.10465,0.00737266381044591,0.0899046723791082,0.119395327620892,7
TBB5_MOUSE,0.11769,0.0105875784815144,0.0965148430369713,0.138865156963029,4
TBB6_MOUSE,0,0,0,0,0
TBL2_MOUSE,0,0,0,0,0
TCPA_MOUSE,0.23637,0.0241955070756665,0.187978985848667,0.284761014151333,5
TCPB_MOUSE,0.238825,0.0203442984318213,0.198136403136357,0.279513596863643,6
TCPD_MOUSE,0.21294,0.0174464953660975,0.178047009267805,0.247832990732195,4
TCPE_MOUSE,0.250465,0.0192897866566515,0.211885426686697,0.289044573313303,4
TCPG_MOUSE,0.21761,0.0168496159105899,0.18391076817882,0.25130923182118,12
TCPH_MOUSE,0.260835,0.0219854605736549,0.21686407885269,0.30480592114731,4
TCPQ_MOUSE,0.24991,0.0185290579509682,0.212851884098064,0.286968115901936,6
TCPZ_MOUSE,0.29637,0.0180547290704432,0.260260541859114,0.332479458140886,5
TCTP_MOUSE,0.4122,0.035576,0.341048,0.483352,1
TEBP_MOUSE,0.21519,0.0192859802791961,0.176618039441608,0.253761960558392,5
TECR_MOUSE,0.23381,0.0205276173024783,0.192754765395043,0.274865234604957,5
TERA_MOUSE,0.26671,0.0163574627937422,0.233995074412516,0.299424925587485,21
TFAM_MOUSE,0,0,0,0,0
TFR2_MOUSE,0,0,0,0,0
TGM1_MOUSE,0.0661,0.005699,0.054702,0.077498,1
TGM2_MOUSE,0.160595,0.0108238215390545,0.138947356921891,0.182242643078109,6
TGO1_MOUSE,0,0,0,0,0
THEM4_MOUSE,0,0,0,0,0
THIC_MOUSE,0.16909,0.00969918309101185,0.149691633817976,0.188488366182024,11
THIKA_MOUSE,0.30876,0.0238979702714338,0.260964059457132,0.356555940542867,17
THIKB_MOUSE,0.34442,0.0263631643487334,0.291693671302533,0.397146328697467,8
THIL_MOUSE,0.10979,0.00593570337212651,0.097918593255747,0.121661406744253,20
THIM_MOUSE,0.105645,0.0048853351044948,0.0958743297910104,0.11541567020899,42
THIOM_MOUSE,0,0,0,0,0
THIO_MOUSE,0.18788,0.00917751245922216,0.169524975081556,0.206235024918444,4
THNS2_MOUSE,0.12397,0.00833935949482144,0.107291281010357,0.140648718989643,3
THOC4_MOUSE,0,0,0,0,0
THRB_MOUSE,0,0,0,0,0
THRSP_MOUSE,0,0,0,0,0
THTM_MOUSE,0.17582,0.0145310600006887,0.146757879998623,0.204882120001377,5
THTR_MOUSE,0.10574,0.00494841293277517,0.0958431741344496,0.11563682586555,11
TIAR_MOUSE,0,0,0,0,0
TIF1B_MOUSE,0,0,0,0,0
TIM13_MOUSE,0.2002,0.016319192664987,0.167561614670026,0.232838385329974,3
TIM16_MOUSE,0,0,0,0,0
TIM44_MOUSE,0.232615,0.0277320042448721,0.177150991510256,0.288079008489744,2
TIM50_MOUSE,0.1965,0.026521,0.143458,0.249542,1
TIM8A_MOUSE,0.115045,0.00971972400299725,0.0956055519940055,0.134484448005995,2
TINAL_MOUSE,0,0,0,0,0
TKFC_MOUSE,0.18826,0.0111164722168303,0.16602705556634,0.210492944433661,21
TKT_MOUSE,0.088825,0.00503657658273321,0.0787518468345336,0.0988981531654664,28
TLCD4_MOUSE,0,0,0,0,0
TLN1_MOUSE,0.24339,0.0167326058055098,0.20992478838898,0.27685521161102,3
TLN2_MOUSE,0,0,0,0,0
TM109_MOUSE,0,0,0,0,0
TM135_MOUSE,0.07867,0.013609,0.051452,0.105888,1
TM147_MOUSE,0,0,0,0,0
TM205_MOUSE,0.31024,0.04048,0.22928,0.3912,1
TM214_MOUSE,0,0,0,0,0
TMCO1_MOUSE,0,0,0,0,0
TMED2_MOUSE,0.17575,0.025512,0.124726,0.226774,1
TMED4_MOUSE,0,0,0,0,0
TMED9_MOUSE,0,0,0,0,0
TMEDA_MOUSE,0.218085,0.018207831381733,0.181669337236534,0.254500662763466,2
TMOD3_MOUSE,0,0,0,0,0
TNPO1_MOUSE,0,0,0,0,0
TNS2_MOUSE,0,0,0,0,0
TOIP1_MOUSE,0,0,0,0,0
TOM22_MOUSE,0.30569,0.031018,0.243654,0.367726,1
TOM40_MOUSE,0,0,0,0,0
TOM70_MOUSE,0,0,0,0,0
TPD54_MOUSE,0.28418,0.040433,0.203314,0.365046,1
TPIS_MOUSE,0.14432,0.00645153302505679,0.131416933949886,0.157223066050114,15
TPK1_MOUSE,0.11129,0.015317,0.080656,0.141924,1
TPM1_MOUSE,0.21273,0.019622,0.173486,0.251974,1
TPM3_MOUSE,0.14211,0.011674680782804,0.118760638434392,0.165459361565608,2
TPMT_MOUSE,0.20256,0.0152345773373786,0.172090845325243,0.233029154674757,2
TPP1_MOUSE,0.06965,0.00492224485986315,0.0598055102802737,0.0794944897197263,7
TPP2_MOUSE,0.12282,0.0102158922152315,0.102388215569537,0.143251784430463,3
TPPC2_MOUSE,0,0,0,0,0
TPRKB_MOUSE,0,0,0,0,0
TRA2B_MOUSE,0,0,0,0,0
TRAP1_MOUSE,0.3236,0.0289679070123553,0.265664185975289,0.381535814024711,6
TRFE_MOUSE,0,0,0,0,0
TRNT1_MOUSE,0,0,0,0,0
TRXR1_MOUSE,0.210035,0.023996432346943,0.162042135306114,0.258027864693886,2
TRXR2_MOUSE,0.104235,0.0104190193571298,0.0833969612857404,0.12507303871426,4
TS101_MOUSE,0,0,0,0,0
TSN9_MOUSE,0,0,0,0,0
TSNAX_MOUSE,0,0,0,0,0
TSN_MOUSE,0.13266,0.01459067570106,0.10347864859788,0.16184135140212,2
TT39C_MOUSE,0,0,0,0,0
TTC36_MOUSE,0,0,0,0,0
TTC38_MOUSE,0.2142,0.0162402792582011,0.181719441483598,0.246680558516402,10
TTHY_MOUSE,0,0,0,0,0
TTPA_MOUSE,0.29568,0.041971,0.211738,0.379622,1
TWF1_MOUSE,0,0,0,0,0
TXD17_MOUSE,0.15369,0.0142288399474376,0.125232320105125,0.182147679894875,2
TXND5_MOUSE,0.26732,0.0214596593071376,0.224400681385725,0.310239318614275,4
TXNL1_MOUSE,0.32,0.048236,0.223528,0.416472,1
TXTP_MOUSE,0.10613,0.00670274269565709,0.0927245146086858,0.119535485391314,5
TYPH_MOUSE,0.19894,0.014194,0.170552,0.227328,1
U2AF1_MOUSE,0,0,0,0,0
U2AF2_MOUSE,0,0,0,0,0
U520_MOUSE,0,0,0,0,0
U5S1_MOUSE,0,0,0,0,0
UAP1L_MOUSE,0,0,0,0,0
UB2D2_MOUSE,0,0,0,0,0
UB2L3_MOUSE,0,0,0,0,0
UB2V1_MOUSE,0.2358,0.037572,0.160656,0.310944,1
UB2V2_MOUSE,0,0,0,0,0
UBA1_MOUSE,0.21765,0.0191890989715598,0.17927180205688,0.25602819794312,10
UBA3_MOUSE,0,0,0,0,0
UBA6_MOUSE,0,0,0,0,0
UBC12_MOUSE,0,0,0,0,0
UBE2K_MOUSE,0,0,0,0,0
UBE2N_MOUSE,0.14325,0.009967,0.123316,0.163184,1
UBE4A_MOUSE,0,0,0,0,0
UBP14_MOUSE,0,0,0,0,0
UBP15_MOUSE,0,0,0,0,0
UBP2L_MOUSE,0,0,0,0,0
UBP5_MOUSE,0.208675,0.0169519169379674,0.174771166124065,0.242578833875935,2
UBQL1_MOUSE,0.3656,0.034804,0.295992,0.435208,1
UBR4_MOUSE,0,0,0,0,0
UBXN4_MOUSE,0,0,0,0,0
UCHL3_MOUSE,0.21867,0.025231,0.168208,0.269132,1
UCRI_MOUSE,0.09027,0.00662429259213589,0.0770214148157282,0.103518585184272,8
UD11_MOUSE,0.21069,0.010548277508568,0.189593444982864,0.231786555017136,17
UD12_MOUSE,0,0,0,0,0
UD16_MOUSE,0.15012,0.0121315486520141,0.125856902695972,0.174383097304028,8
UD19_MOUSE,0,0,0,0,0
UD2A3_MOUSE,0.191345,0.0113050021711416,0.168734995657717,0.213955004342283,12
UD3A1_MOUSE,0.24939,0.033866,0.181658,0.317122,1
UD3A2_MOUSE,0.3202,0.0272466992421988,0.265706601515602,0.374693398484398,2
UDB17_MOUSE,0.24252,0.0172639625394089,0.207992074921182,0.277047925078818,27
UFC1_MOUSE,0,0,0,0,0
UFD1_MOUSE,0,0,0,0,0
UFL1_MOUSE,0,0,0,0,0
UGDH_MOUSE,0.2581,0.0174725906970356,0.223154818605929,0.293045181394071,15
UGGG1_MOUSE,0.184295,0.0157669131729955,0.152761173654009,0.215828826345991,2
UGPA_MOUSE,0.23609,0.016191375044704,0.203707249910592,0.268472750089408,15
UMPS_MOUSE,0,0,0,0,0
URAD_MOUSE,0.20713,0.025867,0.155396,0.258864,1
URIC_MOUSE,0.298255,0.0219243440306372,0.254406311938725,0.342103688061275,28
USO1_MOUSE,0,0,0,0,0
USP9X_MOUSE,0,0,0,0,0
VAC14_MOUSE,0,0,0,0,0
VAPA_MOUSE,0.13462,0.0102026962905651,0.11421460741887,0.15502539258113,5
VAPB_MOUSE,0.26047,0.04606,0.16835,0.35259,1
VAT1_MOUSE,0,0,0,0,0
VATA_MOUSE,0,0,0,0,0
VATB2_MOUSE,0,0,0,0,0
VATE1_MOUSE,0,0,0,0,0
VDAC1_MOUSE,0.159105,0.00917384277838657,0.140757314443227,0.177452685556773,10
VDAC2_MOUSE,0.14593,0.00844179255091755,0.129046414898165,0.162813585101835,8
VDAC3_MOUSE,0.15331,0.00998102349438089,0.133347953011238,0.173272046988762,8
VIGLN_MOUSE,0.367565,0.0263113484113664,0.314942303177267,0.420187696822733,6
VIME_MOUSE,0.07274,0.00551345899428377,0.0617130820114325,0.0837669179885675,3
VINC_MOUSE,0.129195,0.00876449831949283,0.111666003361014,0.146723996638986,8
VKGC_MOUSE,0,0,0,0,0
VKOR1_MOUSE,0.15801,0.029719,0.098572,0.217448,1
VKORL_MOUSE,0,0,0,0,0
VMA5A_MOUSE,0,0,0,0,0
VNN1_MOUSE,0,0,0,0,0
VP26A_MOUSE,0,0,0,0,0
VP26B_MOUSE,0,0,0,0,0
VP35L_MOUSE,0,0,0,0,0
VPS29_MOUSE,0,0,0,0,0
VPS35_MOUSE,0.09325,0.008598,0.076054,0.110446,1
VPS36_MOUSE,0,0,0,0,0
VTDB_MOUSE,0,0,0,0,0
VWA8_MOUSE,0.13565,0.00853772329965889,0.118574553400682,0.152725446599318,5
WDR1_MOUSE,0.15347,0.007887,0.137696,0.169244,1
XDH_MOUSE,0.20525,0.0221798124520464,0.160890375095907,0.249609624904093,3
XPO1_MOUSE,0,0,0,0,0
XPO2_MOUSE,0,0,0,0,0
XPO7_MOUSE,0,0,0,0,0
XPP1_MOUSE,0,0,0,0,0
XRCC5_MOUSE,0,0,0,0,0
XYLB_MOUSE,0.160695,0.0109139917141207,0.138867016571759,0.182522983428241,8
YBOX1_MOUSE,0.28382,0.015001,0.253818,0.313822,1
YKT6_MOUSE,0,0,0,0,0
YTHD3_MOUSE,0.10019,0.012782,0.074626,0.125754,1
ZA2G_MOUSE,0,0,0,0,0
ZC3HF_MOUSE,0,0,0,0,0
ZN207_MOUSE,0,0,0,0,0
ZO1_MOUSE,0,0,0,0,0
ZO2_MOUSE,0,0,0,0,0
