Proteins,RateConstant_liverpool_liver,SD_liverpool_liver,CI lower bound_liverpool_liver,CI upper bound_liverpool_liver,Number of peptides_liverpool_liver,RateConstant_utmb-liver,SD_utmb-liver,CI lower bound_utmb-liver,CI upper bound_utmb-liver,Number of peptides_utmb-liver,p_value,Statistic,,Filters -> ,RMSE <= 0.05,pearson correlation value >= 0.9,Sigma <= 0.05,Rsquared >= 0.9,Abundance >= 20000000,NDP >= 4,AbsoluteIsotopeError <= 0.3
1433B_MOUSE,0.218235,0.0132841694214097,0.191666661157181,0.244803338842819,6,0.341635,0.0330963580991783,0.275442283801643,0.407827716198357,2,0,0
1433E_MOUSE,0.23183,0.0132221899273326,0.205385620145335,0.258274379854665,6,0.347045,0.0241188269743202,0.29880734605136,0.39528265394864,6,0,0
1433Z_MOUSE,0.2138,0.00948612983028136,0.194827740339437,0.232772259660563,7,0.31251,0.0204351250363489,0.271639749927302,0.353380250072698,5,0,0
2AAA_MOUSE,0.21902,0.0194823019423345,0.180055396115331,0.257984603884669,3,0.370775,0.0215126301243667,0.327749739751267,0.413800260248733,2,0,0
3HAO_MOUSE,0.17589,0.0108464016068593,0.154197196786281,0.197582803213719,10,0.402205,0.0301212962620467,0.341962407475907,0.462447592524093,4,0,0
3HIDH_MOUSE,0.101475,0.0046690947747581,0.0921368104504838,0.110813189549516,8,0.144675,0.0111987493228531,0.122277501354294,0.167072498645706,10,0,0
6PGL_MOUSE,0.16763,0.00947608025386288,0.148677839492274,0.186582160507726,5,0.243595,0.010557340271536,0.222480319456928,0.264709680543072,2,0,0
AAAD_MOUSE,0.26946,0.0256493265692367,0.218161346861527,0.320758653138473,3,0.350025,0.0224399140822054,0.305145171835589,0.394904828164411,6,0,0
AADAT_MOUSE,0.099415,0.00640213793938842,0.0866107241212232,0.112219275878777,4,0.12988,0.00773161453758513,0.11441677092483,0.14534322907517,2,0,0
AASS_MOUSE,0.12137,0.00769087936632962,0.105988241267341,0.136751758732659,19,0.1574,0.0113526046904077,0.134694790619185,0.180105209380815,9,0,0
AATC_MOUSE,0.14948,0.00910214951348754,0.131275700973025,0.167684299026975,15,0.21164,0.01581266393911,0.18001467212178,0.24326532787822,11,0,0
AATM_MOUSE,0.10243,0.00451850169543403,0.0933929966091319,0.111467003390868,27,0.12392,0.00809742086336591,0.107725158273268,0.140114841726732,19,0,0
ABCD3_MOUSE,0.25078,0.0215125163963278,0.207754967207344,0.293805032792656,9,0.340655,0.0268115388852362,0.287031922229528,0.394278077770472,4,0,0
ABHEB_MOUSE,0.151365,0.00810732925525717,0.135150341489486,0.167579658510514,8,0.21169,0.0158906502663699,0.17990869946726,0.24347130053274,7,0,0
ACAD8_MOUSE,0.09028,0.00642607384400949,0.077427852311981,0.103132147688019,4,0.09831,0.0061513118244616,0.0860073763510768,0.110612623648923,2,0,0
ACADL_MOUSE,0.10827,0.00536484428134216,0.0975403114373157,0.118999688562684,14,0.17311,0.011116016294452,0.150877967411096,0.195342032588904,13,0,0
ACADM_MOUSE,0.17212,0.00957370773810659,0.152972584523787,0.191267415476213,15,0.25412,0.0186599838349992,0.216800032330002,0.291439967669998,7,0,0
ACADS_MOUSE,0.105195,0.00520631761530444,0.0947823647693911,0.115607635230609,16,0.15474,0.0099510022226673,0.134837995554665,0.174642004445335,15,0,0
ACADV_MOUSE,0.264295,0.0191179870777824,0.226059025844435,0.302530974155565,12,0.37462,0.0196981136087553,0.335223772782489,0.414016227217511,10,0,0
ACBP_MOUSE,0.16137,0.0103737784157601,0.14062244316848,0.18211755683152,7,0.30803,0.0199928362024089,0.268044327595182,0.348015672404818,5,0,0
ACD10_MOUSE,0.10554,0.0064119060813767,0.0927161878372466,0.118363812162753,2,0.12333,0.015317689815929,0.0926946203681421,0.153965379631858,3,0,0
ACDSB_MOUSE,0.22823,0.0152918296915885,0.197646340616823,0.258813659383177,3,0.38902,0.0343817815937307,0.320256436812539,0.457783563187461,3,0,0
ACOC_MOUSE,0.15748,0.0110910125387999,0.1352979749224,0.1796620250776,24,0.24589,0.0171509714470073,0.211588057105985,0.280191942894015,12,0,0
ACON_MOUSE,0.11779,0.00720488882629739,0.103380222347405,0.132199777652595,27,0.15454,0.010073275212078,0.134393449575844,0.174686550424156,15,0,0
ACOX2_MOUSE,0.305925,0.0250963024884465,0.255732395023107,0.356117604976893,8,0.43487,0.0286114731402322,0.377647053719535,0.492092946280464,2,0,0
ACSF2_MOUSE,0.1397,0.00731843284420521,0.12506313431159,0.15433686568841,17,0.2033,0.0151877403286601,0.17292451934268,0.23367548065732,14,0,0
ACSL1_MOUSE,0.22804,0.0170358529814646,0.193968294037071,0.262111705962929,29,0.331225,0.0225535941363656,0.286117811727269,0.376332188272731,18,0,0
ACSL5_MOUSE,0.27376,0.0220513509365803,0.229657298126839,0.317862701873161,10,0.365865,0.0357416963753984,0.294381607249203,0.437348392750797,8,0,0
ACSM1_MOUSE,0.117025,0.00719500828479196,0.102634983430416,0.131415016569584,16,0.16355,0.00890698465853333,0.145736030682933,0.181363969317067,17,0,0
ACSM3_MOUSE,0.12024,0.0113577743567187,0.0975244512865626,0.142955548713437,2,0.13269,0.0188279552647442,0.0950340894705116,0.170345910529488,3,0,0
ACSM5_MOUSE,0.12299,0.00593839315512555,0.111113213689749,0.134866786310251,3,0.14569,0.0129777840606026,0.119734431878795,0.171645568121205,7,0,0
ACTB_MOUSE,0.13724,0.00838725454088442,0.120465490918231,0.154014509081769,32,0.23139,0.0135237908751889,0.204342418249622,0.258437581750378,21,0,0
ACTN1_MOUSE,0.16514,0.011313406782101,0.142513186435798,0.187766813564202,10,0.29511,0.0261201609985586,0.242869678002883,0.347350321997117,7,0,0
ACTN4_MOUSE,0.18178,0.0121076684413535,0.157564663117293,0.205995336882707,12,0.280875,0.0195681711129037,0.241738657774193,0.320011342225807,10,0,0
ACY3_MOUSE,0.1144,0.00889285297893469,0.0966142940421306,0.132185705957869,3,0.19936,0.0208254267232381,0.157709146553524,0.241010853446476,3,0,0
ADH1_MOUSE,0.13805,0.00929199185304604,0.119466016293908,0.156633983706092,35,0.21932,0.0130438361702553,0.193232327659489,0.245407672340511,15,0,0
ADHX_MOUSE,0.14563,0.00859266475837375,0.128444670483253,0.162815329516747,13,0.22361,0.00911233313818461,0.205385333723631,0.241834666276369,7,0,0
ADK_MOUSE,0.21665,0.0122958530858766,0.192058293828247,0.241241706171753,13,0.348955,0.0335857352436664,0.281783529512667,0.416126470487333,4,0,0
ADT2_MOUSE,0.13623,0.00642192963369985,0.1233861407326,0.1490738592674,5,0.212275,0.0195740760223229,0.173126847955354,0.251423152044646,8,0,0
AGT2_MOUSE,0.09372,0.00659970688283779,0.0805205862343244,0.106919413765676,15,0.14178,0.00927788440875659,0.123224231182487,0.160335768817513,6,0,0
AIFM1_MOUSE,0.12205,0.00682717002989137,0.108395659940217,0.135704340059783,11,0.16021,0.0106813987757592,0.138847202448482,0.181572797551518,11,0,0
AK1A1_MOUSE,0.14743,0.00647072963211776,0.134488540735764,0.160371459264236,10,0.22775,0.0127932061981783,0.202163587603644,0.253336412396357,8,0,0
AK1CD_MOUSE,0.15023,0.00986240272329392,0.130505194553412,0.169954805446588,17,0.31392,0.0228091623465888,0.268301675306822,0.359538324693178,7,0,0
AK1D1_MOUSE,0.155165,0.0116792504860378,0.131806499027924,0.178523500972076,8,0.2597,0.0182453278424015,0.223209344315197,0.296190655684803,7,0,0
AL1A1_MOUSE,0.185225,0.0124249806566711,0.160375038686658,0.210074961313342,36,0.28647,0.0171073925225815,0.252255214954837,0.320684785045163,28,0,0
AL1A7_MOUSE,0.18263,0.0132088943272845,0.156212211345431,0.209047788654569,13,0.2696,0.0170392949856849,0.23552141002863,0.30367858997137,10,0,0
AL1B1_MOUSE,0.096505,0.00667418392113661,0.0831566321577268,0.109853367842273,8,0.16195,0.0119495171530912,0.138050965693818,0.185849034306182,13,0,0
AL1L1_MOUSE,0.21407,0.0130389173454888,0.187992165309022,0.240147834690978,54,0.3725,0.026589621830705,0.31932075633859,0.42567924366141,37,0,0
AL3A2_MOUSE,0.192065,0.0112816906873504,0.169501618625299,0.214628381374701,22,0.29723,0.0233164849328771,0.250597030134246,0.343862969865754,9,0,0
AL4A1_MOUSE,0.11634,0.00578772323569105,0.104764553528618,0.127915446471382,18,0.13942,0.0102925104039637,0.118834979192073,0.160005020807927,4,0,0
AL7A1_MOUSE,0.134635,0.00696486614517436,0.120705267709651,0.148564732290349,16,0.178555,0.0121311596909955,0.154292680618009,0.202817319381991,14,0,0
AL8A1_MOUSE,0.1799,0.0124004923258609,0.155099015348278,0.204700984651722,18,0.25524,0.017611371787344,0.220017256425312,0.290462743574688,15,0,0
AL9A1_MOUSE,0.15209,0.00944845874974002,0.13319308250052,0.17098691749948,17,0.1816,0.0169384910322243,0.147723017935551,0.215476982064449,5,0,0
ALAT1_MOUSE,0.28609,0.0221745842753166,0.241740831449367,0.330439168550633,10,0.44581,0.0375490904650439,0.370711819069912,0.520908180930088,4,0,0
ALBU_MOUSE,0.206125,0.0206004346225254,0.164924130754949,0.247325869245051,28,0.29153,0.0236880962951017,0.244153807409797,0.338906192590203,21,0,0
ALDH2_MOUSE,0.30102,0.0186268702709217,0.263766259458157,0.338273740541843,27,0.369505,0.0244407746072039,0.320623450785592,0.418386549214408,10,0,0
ALDOB_MOUSE,0.3103,0.0181865555083672,0.273926888983266,0.346673111016734,24,0.45639,0.0322025704755669,0.391984859048866,0.520795140951134,13,0,0
AMACR_MOUSE,0.22212,0.0164156487251903,0.189288702549619,0.254951297450381,5,0.34809,0.0270126306463399,0.29406473870732,0.40211526129268,5,0,0
AMPL_MOUSE,0.185825,0.0120761700900082,0.161672659819984,0.209977340180016,20,0.27851,0.0209034489121055,0.236703102175789,0.320316897824211,16,0,0
ANXA4_MOUSE,0.203905,0.0158625241434335,0.172179951713133,0.235630048286867,6,0.367935,0.0274764361403625,0.312982127719275,0.422887872280725,2,0,0
ANXA5_MOUSE,0.14801,0.00963427272364276,0.128741454552714,0.167278545447286,8,0.19374,0.0149338653460847,0.163872269307831,0.223607730692169,5,0,0
ANXA6_MOUSE,0.21849,0.0122976237141914,0.193894752571617,0.243085247428383,15,0.33661,0.019395830957287,0.297818338085426,0.375401661914574,9,0,0
AOFB_MOUSE,0.141415,0.00964963327991214,0.122115733440176,0.160714266559824,10,0.23902,0.0188841519570679,0.201251696085864,0.276788303914136,5,0,0
AOXC_MOUSE,0.30964,0.0210408038592016,0.267558392281597,0.351721607718403,22,0.43294,0.0296236111443147,0.373692777711371,0.492187222288629,9,0,0
AP1B1_MOUSE,0.13199,0.00813684302908233,0.115716313941835,0.148263686058165,9,0.184825,0.0149475726422267,0.154929854715547,0.214720145284453,2,0,0
AP2A1_MOUSE,0.153555,0.0146134833754693,0.124328033249061,0.182781966750939,4,0.232375,0.0271278825280723,0.178119234943855,0.286630765056145,2,0,0
AP2A2_MOUSE,0.18318,0.0175413168252165,0.148097366349567,0.218262633650433,2,0.30257,0.0302017411523093,0.242166517695381,0.362973482304619,3,0,0
APEH_MOUSE,0.17964,0.0232084430753323,0.133223113849335,0.226056886150665,2,0.29099,0.0307910789448237,0.229407842110353,0.352572157889647,3,0,0
ARF6_MOUSE,0.0682,0.00490279752026705,0.0583944049594659,0.0780055950405341,2,0.11925,0.00663914221393195,0.105971715572136,0.132528284427864,2,0,0
ARGI1_MOUSE,0.15224,0.00833499297782987,0.13557001404434,0.16890998595566,29,0.24555,0.0149691233907036,0.215611753218593,0.275488246781407,19,0,0
ARK72_MOUSE,0.15915,0.00715974551598252,0.144830508968035,0.173469491031965,7,0.20189,0.014017789224812,0.173854421550376,0.229925578449624,6,0,0
ARLY_MOUSE,0.19422,0.0110466071526074,0.172126785694785,0.216313214305215,21,0.288685,0.0255292188145885,0.237626562370823,0.339743437629177,16,0,0
ARP2_MOUSE,0.158035,0.0117391592073053,0.134556681585389,0.18151331841461,4,0.23634,0.0214557152967475,0.193428569406505,0.279251430593495,3,0,0
ARP3_MOUSE,0.12313,0.00810141701630196,0.106927165967396,0.139332834032604,3,0.16941,0.012762471489573,0.143885057020854,0.194934942979146,4,0,0
ASPD_MOUSE,0.12114,0.00976795726578901,0.101604085468422,0.140675914531578,5,0.185685,0.0132376358011659,0.159209728397668,0.212160271602332,8,0,0
ASSY_MOUSE,0.17446,0.011135736368261,0.152188527263478,0.196731472736522,42,0.276135,0.0185655711633741,0.239003857673252,0.313266142326748,24,0,0
AT11C_MOUSE,0.160355,0.0126506231860415,0.135053753627917,0.185656246372083,4,0.269705,0.0254001809748654,0.218904638050269,0.320505361949731,4,0,0
AT1A1_MOUSE,0.134775,0.00947744839754002,0.11582010320492,0.15372989679508,10,0.226175,0.0161139738981122,0.193947052203776,0.258402947796224,10,0,0
AT2A2_MOUSE,0.217685,0.0211345062221715,0.175415987555657,0.259954012444343,2,0.44736,0.0410726095642733,0.365214780871453,0.529505219128547,3,0,0
AT5F1_MOUSE,0.096415,0.00451833386478904,0.0873783322704219,0.105451667729578,10,0.15319,0.0133326659437411,0.126524668112518,0.179855331887482,3,0,0
ATAD3_MOUSE,0.129555,0.00982410157844944,0.109906796843101,0.149203203156899,2,0.1208,0.00894360882587271,0.102912782348255,0.138687217651745,3,0,0
ATP5H_MOUSE,0.09436,0.00420732575162647,0.0859453484967471,0.102774651503253,10,0.13476,0.00817349241021804,0.118413015179564,0.151106984820436,10,0,0
ATP5I_MOUSE,0.10165,0.0044521735863235,0.092745652827353,0.110554347172647,2,0.147985,0.00868589054669704,0.130613218906606,0.165356781093394,2,0,0
ATP5L_MOUSE,0.084795,0.00412675767865636,0.0765414846426873,0.0930485153573127,4,0.11065,0.00547162812878844,0.0997067437424231,0.121593256257577,4,0,0
ATPA_MOUSE,0.10755,0.00505882051547496,0.0974323589690501,0.11766764103095,40,0.14985,0.0101081854331282,0.129633629133744,0.170066370866256,24,0,0
ATPB_MOUSE,0.10155,0.00426613447703131,0.0930177310459374,0.110082268954063,43,0.12784,0.00822466973661879,0.111390660526762,0.144289339473238,27,0,0
ATPG_MOUSE,0.096075,0.00413533137327735,0.0878043372534453,0.104345662746555,8,0.12919,0.00761026685459571,0.113969466290809,0.144410533709191,5,0,0
ATPK_MOUSE,0.09155,0.00344506143694671,0.0846598771261066,0.0984401228738934,3,0.113345,0.0067213572647037,0.0999022854705926,0.126787714529407,2,0,0
ATPMK_MOUSE,0.20928,0.0150182634730539,0.179243473053892,0.239316526946108,2,0.22261,0.0214992384317354,0.179611523136529,0.265608476863471,3,0,0
ATPO_MOUSE,0.084575,0.00334394305277911,0.0778871138944418,0.0912628861055582,6,0.116255,0.00677473055524764,0.102705538889505,0.129804461110495,10,0,0
BAAT_MOUSE,0.40671,0.0264718165162169,0.353766366967566,0.459653633032434,3,0.50729,0.0394404389510431,0.428409122097914,0.586170877902086,3,0,0
BASI_MOUSE,0.24198,0.0191282720021729,0.203723455995654,0.280236544004346,4,0.453975,0.0402538355997665,0.373467328800467,0.534482671199533,2,0,0
BDH_MOUSE,0.11872,0.00587515538459675,0.106969689230806,0.130470310769193,12,0.140575,0.00936521244352113,0.121844575112958,0.159305424887042,6,0,0
BGLR_MOUSE,0.119545,0.0118138792529521,0.0959172414940958,0.143172758505904,2,0.11981,0.00775375503758449,0.104302489924831,0.135317510075169,2,0,0
BHMT1_MOUSE,0.17539,0.0117220464755112,0.151945907048978,0.198834092951022,31,0.251325,0.0187319705978801,0.21386105880424,0.28878894119576,22,0,0
BIP_MOUSE,0.26822,0.0161577904114631,0.235904419177074,0.300535580822926,18,0.441085,0.0243922573915809,0.392300485216838,0.489869514783162,24,0,0
BLVRB_MOUSE,0.14947,0.00905783075587998,0.13135433848824,0.16758566151176,10,0.2268,0.0144520963624342,0.197895807275132,0.255704192724868,3,0,0
BPHL_MOUSE,0.13763,0.00787434901516359,0.121881301969673,0.153378698030327,8,0.19394,0.0102616295663027,0.173416740867395,0.214463259132605,7,0,0
BPNT1_MOUSE,0.16357,0.0126962669780164,0.138177466043967,0.188962533956033,7,0.30477,0.0228026431017248,0.25916471379655,0.35037528620345,2,0,0
C1TC_MOUSE,0.1868,0.0137329491682376,0.159334101663525,0.214265898336475,20,0.27587,0.0220370109811755,0.231795978037649,0.319944021962351,12,0,0
C560_MOUSE,0.09208,0.00755483990840693,0.0769703201831861,0.107189679816814,2,0.11771,0.0140388318470885,0.089632336305823,0.145787663694177,2,0,0
CAH3_MOUSE,0.13338,0.00879599368672156,0.115788012626557,0.150971987373443,32,0.207005,0.0148243695239901,0.17735626095202,0.23665373904798,22,0,0
CALM1_MOUSE,0.19,0.012578202639432,0.164843594721136,0.215156405278864,6,0.43182,0.0332607082657048,0.36529858346859,0.49834141653141,2,0,0
CALR_MOUSE,0.24227,0.0144555624900195,0.213358875019961,0.271181124980039,13,0.395625,0.0191188440050085,0.357387311989983,0.433862688010017,10,0,0
CAND1_MOUSE,0.188095,0.0151600123023928,0.157774975395214,0.218415024604786,2,0.27004,0.0223931331651428,0.225253733669714,0.314826266330286,3,0,0
CAP1_MOUSE,0.16025,0.0142730201109282,0.131703959778144,0.188796040221856,7,0.342545,0.0252606950738795,0.292023609852241,0.393066390147759,6,0,0
CAPZB_MOUSE,0.19212,0.0133480256725997,0.165423948654801,0.218816051345199,2,0.28348,0.0232779796753434,0.236924040649313,0.330035959350687,2,0,0
CATB_MOUSE,0.18346,0.0178188860788323,0.147822227842335,0.219097772157665,8,0.37727,0.0355701612457735,0.306129677508453,0.448410322491547,3,0,0
CATD_MOUSE,0.10373,0.0076383269538513,0.0884533460922974,0.119006653907703,11,0.29892,0.0273064839158891,0.244307032168222,0.353532967831778,4,0,0
CATZ_MOUSE,0.16707,0.00983130027352852,0.147407399452943,0.186732600547057,2,0.307125,0.0370435566148418,0.233037886770316,0.381212113229684,4,0,0
CAZA2_MOUSE,0.20949,0.0194486746431129,0.170592650713774,0.248387349286226,3,0.258735,0.0259660118780865,0.206802976243827,0.310667023756173,4,0,0
CBR1_MOUSE,0.17136,0.0142159037357598,0.14292819252848,0.19979180747152,8,0.227215,0.0246212428999161,0.177972514200168,0.276457485799832,4,0,0
CBR4_MOUSE,0.10186,0.00858708933084735,0.0846858213383053,0.119034178661695,4,0.15566,0.0140999706895325,0.127460058620935,0.183859941379065,5,0,0
CBS_MOUSE,0.349335,0.029087061626099,0.291160876747802,0.407509123252198,8,0.545955,0.0393983827898068,0.467158234420386,0.624751765579614,2,0,0
CGL_MOUSE,0.18452,0.0122305994935741,0.160058801012852,0.208981198987148,14,0.27267,0.022551859627174,0.227566280745652,0.317773719254348,10,0,0
CH10_MOUSE,0.11559,0.00686243987014254,0.101865120259715,0.129314879740285,4,0.213905,0.0160507628110868,0.181803474377827,0.246006525622174,2,0,0
CH60_MOUSE,0.10748,0.0054352144075311,0.0966095711849378,0.118350428815062,37,0.154135,0.0104616108707398,0.13321177825852,0.17505822174148,22,0,0
CHDH_MOUSE,0.113675,0.00762237195602942,0.0984302560879412,0.128919743912059,12,0.15639,0.0126339727485722,0.131122054502856,0.181657945497144,12,0,0
CISD1_MOUSE,0.16154,0.01188948794701,0.13776102410598,0.18531897589402,3,0.241785,0.0192405824768585,0.203303835046283,0.280266164953717,2,0,0
CISY_MOUSE,0.091875,0.00530472345505179,0.0812655530898964,0.102484446910104,8,0.15596,0.012151609746213,0.131656780507574,0.180263219492426,3,0,0
CK054_MOUSE,0.1758,0.0113098628569493,0.153180274286101,0.198419725713899,9,0.28732,0.0203503479697574,0.246619304060485,0.328020695939515,11,0,0
CLH1_MOUSE,0.14182,0.00971368361102585,0.122392632777948,0.161247367222052,33,0.19329,0.0136732005431037,0.165943598913793,0.220636401086207,25,0,0
CLYBL_MOUSE,0.130515,0.00673253150481838,0.117049936990363,0.143980063009637,2,0.126275,0.0117128760616806,0.102849247876639,0.149700752123361,2,0,0
CMBL_MOUSE,0.1654,0.0129140379730703,0.139571924053859,0.191228075946141,6,0.26118,0.0143762855760295,0.232427428847941,0.289932571152059,4,0,0
CMC1_MOUSE,0.10931,0.00543616846518394,0.0984376630696321,0.120182336930368,5,0.300545,0.0319848193895557,0.236575361220889,0.364514638779111,2,0,0
CMC2_MOUSE,0.11213,0.00677167690650552,0.098586646186989,0.125673353813011,19,0.1684,0.0121146171440562,0.144170765711888,0.192629234288112,13,0,0
CNDP2_MOUSE,0.149805,0.0154282604449209,0.118948479110158,0.180661520889842,4,0.269415,0.020741922870687,0.227931154258626,0.310898845741374,2,0,0
COASY_MOUSE,0.21002,0.00937040759312321,0.191279184813754,0.228760815186246,2,0.358195,0.0251487048997168,0.307897590200566,0.408492409799434,4,0,0
COMT_MOUSE,0.29618,0.0174994529133471,0.261181094173306,0.331178905826694,13,0.492515,0.0345162267560313,0.423482546487937,0.561547453512063,4,0,0
COPA_MOUSE,0.31406,0.0262983351275781,0.261463329744844,0.366656670255156,5,0.43502,0.0351178675756986,0.364784264848603,0.505255735151397,4,0,0
COQ9_MOUSE,0.1188,0.0100679784848315,0.0986640430303369,0.138935956969663,3,0.23994,0.0162511952562474,0.207437609487505,0.272442390512495,2,0,0
COR1B_MOUSE,0.228285,0.0184750583430572,0.191334883313886,0.265235116686114,2,0.27059,0.018085759948822,0.234418480102356,0.306761519897644,2,0,0
COX2_MOUSE,0.10025,0.0064574815489828,0.0873350369020344,0.113164963097966,5,0.14318,0.0126139163320948,0.11795216733581,0.16840783266419,5,0,0
COX41_MOUSE,0.13333,0.0064661055927114,0.120397788814577,0.146262211185423,3,0.15077,0.00992170784010118,0.130926584319798,0.170613415680202,5,0,0
COX5B_MOUSE,0.11854,0.00534967571282024,0.10784064857436,0.12923935142564,3,0.121135,0.0147582149814061,0.0916185700371879,0.150651429962812,2,0,0
COX6C_MOUSE,0.11695,0.0119935685855084,0.0929628628289832,0.140937137171017,3,0.169215,0.0172920797240853,0.134630840551829,0.203799159448171,6,0,0
CP27A_MOUSE,0.264375,0.0192296783222902,0.22591564335542,0.30283435664458,4,0.388675,0.024583128507464,0.339508742985072,0.437841257014928,4,0,0
CP2DA_MOUSE,0.4257,0.0322324479556736,0.361235104088653,0.490164895911347,8,0.549,0.0423213778460744,0.464357244307851,0.633642755692149,2,0,0
CPSM_MOUSE,0.104975,0.00491080158673629,0.0951533968265274,0.114796603173473,146,0.14042,0.00803578286824475,0.12434843426351,0.15649156573649,89,0,0
CPT2_MOUSE,0.15347,0.00868274877651178,0.136104502446976,0.170835497553024,16,0.23212,0.0179890437842201,0.19614191243156,0.26809808756844,9,0,0
CSAD_MOUSE,0.182475,0.0105662033919577,0.161342593216085,0.203607406783915,14,0.30347,0.0223429263857439,0.258784147228512,0.348155852771488,10,0,0
CX6B1_MOUSE,0.132525,0.00531360064728149,0.121897798705437,0.143152201294563,4,0.23158,0.0149930520931855,0.201593895813629,0.261566104186371,3,0,0
CY1_MOUSE,0.095025,0.00510832082772828,0.0848083583445434,0.105241641655457,8,0.13667,0.0103291295404883,0.116011740919023,0.157328259080977,4,0,0
CYB5B_MOUSE,0.15006,0.0100170348297489,0.130025930340502,0.170094069659498,3,0.246565,0.0143552353315329,0.217854529336934,0.275275470663066,4,0,0
CYB5_MOUSE,0.253835,0.0177174124903022,0.218400175019396,0.289269824980604,6,0.367,0.018415747355746,0.330168505288508,0.403831494711492,3,0,0
CYC_MOUSE,0.12621,0.00641282528224209,0.113384349435516,0.139035650564484,8,0.17278,0.0215847794301598,0.12961044113968,0.21594955886032,2,0,0
CYTB_MOUSE,0.15464,0.0206666200292829,0.113306759941434,0.195973240058566,3,0.24223,0.0261441155937044,0.189941768812591,0.294518231187409,3,0,0
DCXR_MOUSE,0.1544,0.010784516297397,0.132830967405206,0.175969032594794,5,0.21341,0.0198013127146433,0.173807374570713,0.253012625429287,2,0,0
DDAH1_MOUSE,0.16215,0.00917949098569038,0.143791018028619,0.180508981971381,4,0.212495,0.0129709437977026,0.186553112404595,0.238436887595405,2,0,0
DDC_MOUSE,0.162575,0.0117769667109447,0.139021066578111,0.186128933421889,2,0.26862,0.0286828444846878,0.211254311030624,0.325985688969376,2,0,0
DDX1_MOUSE,0.23622,0.02802100435575,0.1801779912885,0.2922620087115,4,0.374215,0.0227248245748095,0.328765350850381,0.419664649149619,2,0,0
DECR2_MOUSE,0.281295,0.021674942225543,0.237945115548914,0.324644884451086,4,0.44247,0.04200670290215,0.3584565941957,0.5264834058043,2,0,0
DECR_MOUSE,0.10485,0.00448410704925688,0.0958817859014862,0.113818214098514,9,0.13045,0.00810868011985567,0.114232639760289,0.146667360239711,7,0,0
DHB12_MOUSE,0.14358,0.0191215472338631,0.105336905532274,0.181823094467726,3,0.38778,0.0329793211749083,0.321821357650183,0.453738642349817,5,0,0
DHB2_MOUSE,0.33728,0.0249024932748276,0.287475013450345,0.387084986549655,2,0.37934,0.0358789417774623,0.307582116445075,0.451097883554925,3,0,0
DHB4_MOUSE,0.344275,0.0193745340451962,0.305525931909608,0.383024068090392,12,0.336245,0.0275655769589696,0.281113846082061,0.391376153917939,4,0,0
DHB5_MOUSE,0.209335,0.0136645660041403,0.182005867991719,0.236664132008281,16,0.29264,0.0224240414547542,0.247791917090492,0.337488082909508,12,0,0
DHB8_MOUSE,0.13321,0.00692608641124584,0.119357827177508,0.147062172822492,5,0.09927,0.00775218952910286,0.0837656209417943,0.114774379058206,3,0,0
DHDH_MOUSE,0.165445,0.0100611868392413,0.145322626321517,0.185567373678483,4,0.208785,0.0151125118884943,0.178559976223011,0.239010023776989,6,0,0
DHE3_MOUSE,0.10539,0.00513880521856922,0.0951123895628616,0.115667610437138,45,0.146305,0.00919637196839637,0.127912256063207,0.164697743936793,26,0,0
DHI1_MOUSE,0.22484,0.0151774320577819,0.194485135884436,0.255194864115564,7,0.263625,0.0239641438095628,0.215696712380874,0.311553287619126,2,0,0
DHPR_MOUSE,0.13897,0.00855242106522247,0.121865157869555,0.156074842130445,15,0.26347,0.015690961577242,0.232088076845516,0.294851923154484,5,0,0
DHRS4_MOUSE,0.18787,0.0145388946533317,0.158792210693337,0.216947789306663,5,0.2249,0.0224041900641239,0.180091619871752,0.269708380128248,3,0,0
DHSO_MOUSE,0.16894,0.009715360994126,0.149509278011748,0.188370721988252,32,0.27153,0.0163270181263397,0.238875963747321,0.304184036252679,25,0,0
DIC_MOUSE,0.19445,0.00884277671602799,0.176764446567944,0.212135553432056,5,0.31301,0.0190662309603345,0.274877538079331,0.351142461920669,5,0,0
DLDH_MOUSE,0.09924,0.0055256189650731,0.0881887620698538,0.110291237930146,14,0.14398,0.0074848108124472,0.129010378375106,0.158949621624894,7,0,0
DNPEP_MOUSE,0.12663,0.0105994736255607,0.105431052748879,0.147828947251121,3,0.32686,0.024522943750304,0.277814112499392,0.375905887500608,3,0,0
DOPD_MOUSE,0.13203,0.00771893516816,0.11659212966368,0.14746787033632,14,0.20552,0.0147843255518392,0.175951348896322,0.235088651103678,7,0,0
DPP3_MOUSE,0.21049,0.0242064596295848,0.16207708074083,0.25890291925917,2,0.27654,0.0215403549563184,0.233459290087363,0.319620709912637,2,0,0
DPP4_MOUSE,0.12466,0.00931470430033061,0.106030591399339,0.143289408600661,6,0.17877,0.0197149735608543,0.139340052878291,0.218199947121709,5,0,0
DPYL2_MOUSE,0.09858,0.00876633843408842,0.0810473231318232,0.116112676868177,3,0.09617,0.009995955593339,0.076178088813322,0.116161911186678,2,0,0
DPYS_MOUSE,0.20502,0.0136539849602269,0.177712030079546,0.232327969920454,5,0.306925,0.0204976859586885,0.265929628082623,0.347920371917377,4,0,0
ECHA_MOUSE,0.12986,0.00658283938515209,0.116694321229696,0.143025678770304,39,0.18775,0.0121133838725629,0.163523232254874,0.211976767745126,21,0,0
ECHB_MOUSE,0.10743,0.0060789455394231,0.0952721089211538,0.119587891078846,21,0.14579,0.0117000943094721,0.122389811381056,0.169190188618944,11,0,0
ECHD2_MOUSE,0.114795,0.00493276924939458,0.104929461501211,0.124660538498789,8,0.15597,0.00782072295849399,0.140328554083012,0.171611445916988,5,0,0
ECHM_MOUSE,0.1087,0.00539155256096334,0.0979168948780733,0.119483105121927,13,0.144225,0.0069592564766757,0.130306487046649,0.158143512953351,4,0,0
ECHP_MOUSE,0.220485,0.018833783767755,0.18281743246449,0.25815256753551,26,0.357,0.0343195558794043,0.288360888241191,0.425639111758809,15,0,0
ECI1_MOUSE,0.101825,0.00538568436854638,0.0910536312629072,0.112596368737093,10,0.15717,0.00875178539194929,0.139666429216101,0.174673570783899,4,0,0
ECI2_MOUSE,0.168485,0.0155508481582083,0.137383303683583,0.199586696316417,8,0.2717,0.0186729661097036,0.234354067780593,0.309045932219407,4,0,0
EF1A1_MOUSE,0.143425,0.00842239082023925,0.126580218359522,0.160269781640479,22,0.193345,0.0120692260951626,0.169206547809675,0.217483452190325,12,0,0
EF1B_MOUSE,0.08326,0.00571187573271355,0.0718362485345729,0.0946837514654271,3,0.1819,0.0145886003348043,0.152722799330391,0.211077200669609,5,0,0
EF1D_MOUSE,0.1562,0.00912610999374737,0.137947780012505,0.174452219987495,5,0.17472,0.0121592460266002,0.1504015079468,0.1990384920532,3,0,0
EF1G_MOUSE,0.09256,0.00613146720689612,0.0802970655862078,0.104822934413792,8,0.122775,0.00636059132011119,0.110053817359778,0.135496182640222,8,0,0
EF2_MOUSE,0.23731,0.0154792660237405,0.206351467952519,0.268268532047481,29,0.40294,0.0347582579254854,0.333423484149029,0.472456515850971,9,0,0
EFTU_MOUSE,0.13886,0.00741850107138609,0.124022997857228,0.153697002142772,12,0.19617,0.0139004443460153,0.168369111307969,0.223970888692031,9,0,0
EIF3A_MOUSE,0.220685,0.0194064461309787,0.181872107738043,0.259497892261957,6,0.39978,0.0390403934203361,0.321699213159328,0.477860786840672,4,0,0
EIF3M_MOUSE,0.20622,0.0203556039277557,0.165508792144489,0.246931207855511,2,0.26528,0.029306169968804,0.206667660062392,0.323892339937608,3,0,0
ELOC_MOUSE,0.20625,0.0178949598012395,0.170460080397521,0.242039919602479,2,0.50868,0.0359485420634062,0.436782915873188,0.580577084126812,2,0,0
ENOA_MOUSE,0.1571,0.00738561826884535,0.142328763462309,0.171871236537691,23,0.22638,0.0142116323345076,0.197956735330985,0.254803264669015,15,0,0
ENPL_MOUSE,0.2561,0.0180459023870243,0.220008195225951,0.292191804774049,26,0.40317,0.0258192752870072,0.351531449425986,0.454808550574014,23,0,0
ERP29_MOUSE,0.20939,0.0173762121638348,0.17463757567233,0.24414242432767,2,0.32181,0.0307931300000087,0.260223739999983,0.383396260000017,3,0,0
EST1D_MOUSE,0.21569,0.0129411935682804,0.189807612863439,0.241572387136561,25,0.299575,0.0234160207904972,0.252742958419006,0.346407041580994,10,0,0
EST1E_MOUSE,0.17609,0.0134551839827644,0.149179632034471,0.203000367965529,2,0.30406,0.0237196787623658,0.256620642475268,0.351499357524732,2,0,0
EST1F_MOUSE,0.216345,0.0138651500498084,0.188614699900383,0.244075300099617,14,0.32835,0.0282010110517244,0.271947977896551,0.384752022103449,13,0,0
EST1_MOUSE,0.20675,0.013517271455384,0.179715457089232,0.233784542910768,12,0.34683,0.0301301967924465,0.286569606415107,0.407090393584893,6,0,0
EST2A_MOUSE,0.21521,0.0137984841952281,0.187613031609544,0.242806968390456,15,0.36736,0.0261251919705384,0.315109616058923,0.419610383941077,11,0,0
EST2E_MOUSE,0.26561,0.0216516700299263,0.222306659940147,0.308913340059853,10,0.34134,0.0323079517155278,0.276724096568944,0.405955903431056,3,0,0
EST3A_MOUSE,0.24043,0.0143999155200422,0.211630168959916,0.269229831040084,17,0.42451,0.0270006901372393,0.370508619725521,0.478511380274479,11,0,0
EST3B_MOUSE,0.20832,0.0175257732259674,0.173268453548065,0.243371546451935,4,0.31399,0.0244085008833525,0.265172998233295,0.362807001766705,9,0,0
ESTD_MOUSE,0.1393,0.00759457447109899,0.124110851057802,0.154489148942198,13,0.18832,0.0113566206446731,0.165606758710654,0.211033241289346,8,0,0
ETFA_MOUSE,0.10913,0.0048077288927649,0.0995145422144702,0.11874545778553,23,0.16132,0.0103427860653396,0.140634427869321,0.182005572130679,10,0,0
ETFB_MOUSE,0.11412,0.00618294740606373,0.101754105187873,0.126485894812127,14,0.14673,0.00852840362464832,0.129673192750703,0.163786807249297,11,0,0
ETFD_MOUSE,0.11046,0.00592434068628954,0.0986113186274209,0.122308681372579,24,0.145265,0.0110080093540829,0.123248981291834,0.167281018708166,8,0,0
ETHE1_MOUSE,0.11913,0.0101024921935821,0.0989250156128358,0.139334984387164,4,0.14187,0.00926906264224221,0.123331874715516,0.160408125284484,4,0,0
F16P1_MOUSE,0.21081,0.0112573435455312,0.188295312908938,0.233324687091062,26,0.34198,0.0244070916406986,0.293165816718603,0.390794183281397,25,0,0
FAAA_MOUSE,0.14234,0.00739166175383444,0.127556676492331,0.157123323507669,27,0.210395,0.0142762581839432,0.181842483632113,0.238947516367886,14,0,0
FABP5_MOUSE,0.107535,0.0122905797745798,0.0829538404508404,0.13211615954916,2,0.224405,0.0224226608583009,0.179559678283398,0.269250321716602,2,0,0
FABPL_MOUSE,0.158685,0.00920672709375631,0.140271545812487,0.177098454187513,16,0.25452,0.0186877456072106,0.217144508785579,0.291895491214421,13,0,0
FAS_MOUSE,0.255865,0.0224708294669274,0.210923341066145,0.300806658933855,76,0.38333,0.0383189617697078,0.306692076460584,0.459967923539416,10,0,0
FGGY_MOUSE,0.16217,0.0166087369476973,0.128952526104605,0.195387473895395,3,0.28411,0.019077815748809,0.245954368502382,0.322265631497618,3,0,0
FKBP2_MOUSE,0.22882,0.0174307443888344,0.193958511222331,0.263681488777669,2,0.39436,0.0258950839025213,0.342569832194957,0.446150167805043,2,0,0
FLNB_MOUSE,0.158635,0.0123636085314648,0.13390778293707,0.18336221706293,4,0.37217,0.033313669867896,0.305542660264208,0.438797339735792,3,0,0
FMO1_MOUSE,0.200725,0.016615107241721,0.167494785516558,0.233955214483442,6,0.308865,0.0210632042996359,0.266738591400728,0.350991408599272,8,0,0
FMO5_MOUSE,0.285465,0.0209298989966619,0.243605202006676,0.327324797993324,18,0.50491,0.0259309469877459,0.453048106024508,0.556771893975492,5,0,0
FTCD_MOUSE,0.22352,0.013619661576674,0.196280676846652,0.250759323153348,20,0.31671,0.0194792585256391,0.277751482948722,0.355668517051278,16,0,0
FUMH_MOUSE,0.126455,0.00788320265605146,0.110688594687897,0.142221405312103,14,0.19303,0.0146503119111643,0.163729376177671,0.222330623822329,6,0,0
G3P_MOUSE,0.15243,0.0101225385122162,0.132184922975568,0.172675077024432,27,0.23223,0.0140002311114569,0.204229537777086,0.260230462222914,21,0,0
G6PE_MOUSE,0.2557,0.022608333314933,0.210483333370134,0.300916666629866,4,0.3288,0.0413196087351491,0.246160782529702,0.411439217470298,3,0,0
G6PI_MOUSE,0.140695,0.00906916683476451,0.122556666330471,0.158833333669529,14,0.19065,0.0185443642129526,0.153561271574095,0.227738728425905,8,0,0
GABT_MOUSE,0.14768,0.0103828433976153,0.126914313204769,0.168445686795231,11,0.22055,0.0158180916674958,0.188913816665009,0.252186183334991,16,0,0
GAL3A_MOUSE,0.10975,0.00874981488298978,0.0922503702340204,0.12724962976598,7,0.149375,0.00993557993585543,0.129503840128289,0.169246159871711,8,0,0
GALM_MOUSE,0.1333,0.0116876946063762,0.109924610787248,0.156675389212752,5,0.23909,0.0195191343291065,0.200051731341787,0.278128268658213,6,0,0
GANAB_MOUSE,0.19058,0.0176396139232684,0.155300772153463,0.225859227846537,16,0.33408,0.02959942581487,0.27488114837026,0.39327885162974,4,0,0
GCDH_MOUSE,0.153485,0.00952802020621196,0.134428959587576,0.172541040412424,8,0.26982,0.0195877959164606,0.230644408167079,0.308995591832921,9,0,0
GCKR_MOUSE,0.136445,0.00989794357609069,0.116649112847819,0.156240887152181,2,0.25247,0.0167505777793323,0.218968844441335,0.285971155558665,7,0,0
GCSP_MOUSE,0.16528,0.014465927918966,0.136348144162068,0.194211855837932,3,0.270795,0.0227762554063984,0.225242489187203,0.316347510812797,6,0,0
GDIA_MOUSE,0.246445,0.0205692005884088,0.205306598823182,0.287583401176818,8,0.36225,0.0315144545155524,0.299221090968895,0.425278909031105,5,0,0
GDIB_MOUSE,0.261625,0.0193171520835161,0.222990695832968,0.300259304167032,10,0.44267,0.0264221012359194,0.389825797528161,0.495514202471839,3,0,0
GDIR1_MOUSE,0.10912,0.00794584503975639,0.0932283099204872,0.125011690079513,3,0.229675,0.0145943357076661,0.200486328584668,0.258863671415332,4,0,0
GFRP_MOUSE,0.16612,0.00968008387010729,0.146759832259785,0.185480167740215,4,0.246025,0.0212450954400157,0.203534809119969,0.288515190880031,2,0,0
GGLO_MOUSE,0.19901,0.0178938336680176,0.163222332663965,0.234797667336035,8,0.35504,0.0302499427573909,0.294540114485218,0.415539885514782,5,0,0
GLGB_MOUSE,0.10359,0.0069601345730366,0.0896697308539268,0.117510269146073,15,0.155275,0.0130750582990841,0.129124883401832,0.181425116598168,8,0,0
GLNA_MOUSE,0.21517,0.0154524458669216,0.184265108266157,0.246074891733843,16,0.34436,0.0257581870584171,0.292843625883166,0.395876374116834,9,0,0
GLO2_MOUSE,0.2354,0.015798054986111,0.203803890027778,0.266996109972222,5,0.38844,0.0299237319940461,0.328592536011908,0.448287463988092,4,0,0
GLPK_MOUSE,0.18137,0.0129829066313913,0.155404186737217,0.207335813262783,3,0.28444,0.0256762390101291,0.233087521979742,0.335792478020258,4,0,0
GLSL_MOUSE,0.24141,0.0195675719398733,0.202274856120253,0.280545143879747,11,0.36285,0.0260972969101396,0.310655406179721,0.415044593820279,4,0,0
GLU2B_MOUSE,0.19861,0.0158522159626293,0.166905568074741,0.230314431925259,5,0.307245,0.0251683299385456,0.256908340122909,0.357581659877091,2,0,0
GLYAL_MOUSE,0.109755,0.00735187146597219,0.0950512570680556,0.124458742931944,10,0.14653,0.0142932317467634,0.117943536506473,0.175116463493527,4,0,0
GLYAT_MOUSE,0.1161,0.00671311499241489,0.10267377001517,0.12952622998483,17,0.18381,0.0142194307931864,0.155371138413627,0.212248861586373,8,0,0
GLYC_MOUSE,0.17849,0.0110074925357549,0.15647501492849,0.20050498507151,15,0.28578,0.0172630548318538,0.251253890336292,0.320306109663708,8,0,0
GLYM_MOUSE,0.31663,0.0205450056708325,0.275539988658335,0.357720011341665,9,0.42508,0.0412632582599395,0.342553483480121,0.507606516519879,5,0,0
GNMT_MOUSE,0.153705,0.00883729139515332,0.136030417209693,0.171379582790307,20,0.279035,0.0165173949490146,0.246000210101971,0.312069789898029,10,0,0
GORS2_MOUSE,0.202845,0.0212363423754998,0.160372315249,0.245317684751,2,0.29746,0.0227673789392775,0.251925242121445,0.342994757878555,2,0,0
GPD1L_MOUSE,0.15704,0.012535429852015,0.13196914029597,0.18211085970403,2,0.260425,0.0191053070164137,0.222214385967173,0.298635614032827,2,0,0
GPDA_MOUSE,0.172265,0.00970182377436966,0.152861352451261,0.191668647548739,16,0.28479,0.0225869057736302,0.23961618845274,0.32996381154726,7,0,0
GPX1_MOUSE,0.15443,0.00946518357314423,0.135499632853712,0.173360367146288,10,0.21403,0.017755182219776,0.178519635560448,0.249540364439552,7,0,0
GRHPR_MOUSE,0.14314,0.00983258967575467,0.123474820648491,0.162805179351509,9,0.24785,0.014735143539668,0.218379712920664,0.277320287079336,14,0,0
GRP75_MOUSE,0.23767,0.0149712048828687,0.207727590234263,0.267612409765737,22,0.360775,0.0290375843731103,0.302699831253779,0.418850168746221,14,0,0
GSH1_MOUSE,0.24032,0.019948813595731,0.200422372808538,0.280217627191462,7,0.31087,0.0184681525085861,0.273933694982828,0.347806305017172,7,0,0
GSHB_MOUSE,0.12999,0.0133372856753303,0.103315428649339,0.156664571350661,3,0.22193,0.0157694229211084,0.190391154157783,0.253468845842217,4,0,0
GSTA3_MOUSE,0.14068,0.00694165336363956,0.126796693272721,0.154563306727279,11,0.23029,0.0156907991134777,0.198908401773045,0.261671598226955,6,0,0
GSTA4_MOUSE,0.124905,0.00494002647504805,0.115024947049904,0.134785052950096,6,0.248235,0.0236135918623634,0.201007816275273,0.295462183724727,2,0,0
GSTK1_MOUSE,0.15926,0.0137662152661869,0.131727569467626,0.186792430532374,8,0.289965,0.0214378668111959,0.247089266377608,0.332840733622392,6,0,0
GSTM1_MOUSE,0.169675,0.012810611958603,0.144053776082794,0.195296223917206,26,0.25338,0.0187839898556687,0.215812020288663,0.290947979711337,21,0,0
GSTM2_MOUSE,0.129185,0.0102801342288981,0.108624731542204,0.149745268457796,6,0.20769,0.0134043837452352,0.18088123250953,0.23449876749047,5,0,0
GSTM3_MOUSE,0.11824,0.0124596587685127,0.0933206824629747,0.143159317537025,3,0.2149,0.0214700405268829,0.171959918946234,0.257840081053766,3,0,0
GSTO1_MOUSE,0.10956,0.00862121691797278,0.0923175661640544,0.126802433835946,3,0.18496,0.020185011982076,0.144589976035848,0.225330023964152,3,0,0
GSTP1_MOUSE,0.15689,0.0117184726479803,0.133453054704039,0.180326945295961,27,0.21465,0.0142398016450873,0.186170396709825,0.243129603290175,20,0,0
GSTT1_MOUSE,0.13178,0.00739807678739882,0.116983846425202,0.146576153574798,8,0.217485,0.0192107549269939,0.179063490146012,0.255906509853988,6,0,0
GSTT2_MOUSE,0.128435,0.0080748509902083,0.112285298019583,0.144584701980417,4,0.17005,0.0130516822397538,0.143946635520492,0.196153364479508,7,0,0
GYS2_MOUSE,0.17219,0.0129401109023927,0.146309778195215,0.198070221804785,9,0.228805,0.019268455534491,0.190268088931018,0.267341911068982,6,0,0
H17B6_MOUSE,0.30701,0.0210656043163664,0.264878791367267,0.349141208632733,5,0.389635,0.0421404990741724,0.305354001851655,0.473915998148345,2,0,0
H2AY_MOUSE,0.088215,0.00584909724619811,0.0765168055076038,0.0999131944923962,2,0.13562,0.00860991056962498,0.11840017886075,0.15283982113925,6,0,0
HACL1_MOUSE,0.25297,0.0158311089388224,0.221307782122355,0.284632217877645,17,0.39051,0.0275008657852691,0.335508268429462,0.445511731570538,7,0,0
HBA_MOUSE,0.02173,0.00133128530293199,0.019067429394136,0.024392570605864,6,0.02093,0.00183967374443743,0.0172506525111251,0.0246093474888749,3,0,0
HBB1_MOUSE,0.01913,0.00116125442452855,0.0168074911509429,0.0214525088490571,8,0.02283,0.00160902727971491,0.0196119454405702,0.0260480545594298,7,0,0
HCD2_MOUSE,0.100025,0.00472996869990929,0.0905650626001814,0.109484937399819,14,0.14371,0.00758664739170627,0.128536705216587,0.158883294783413,6,0,0
HCDH_MOUSE,0.10376,0.00543457185101474,0.0928908562979705,0.114629143702029,15,0.139155,0.00800989397595452,0.123135212048091,0.155174787951909,4,0,0
HEM2_MOUSE,0.22077,0.0110635731299357,0.198642853740128,0.242897146259871,5,0.33923,0.0198268158008802,0.29957636839824,0.37888363160176,7,0,0
HEM6_MOUSE,0.21404,0.0193617476367826,0.175316504726435,0.252763495273565,5,0.29738,0.0262422349458769,0.244895530108246,0.349864469891754,3,0,0
HEMH_MOUSE,0.16766,0.0156751781353315,0.136309643729337,0.199010356270663,3,0.30374,0.0244050822842067,0.254929835431587,0.352550164568413,3,0,0
HGD_MOUSE,0.19417,0.0120351871288533,0.170099625742293,0.218240374257707,17,0.35698,0.0219193699197078,0.313141260160584,0.400818739839415,10,0,0
HIBCH_MOUSE,0.114415,0.00632233066298448,0.101770338674031,0.127059661325969,10,0.16167,0.0132119881476117,0.135246023704777,0.188093976295223,6,0,0
HINT2_MOUSE,0.15105,0.0127949325097392,0.125460134980522,0.176639865019478,2,0.18182,0.0129093100412049,0.15600137991759,0.20763862008241,3,0,0
HMCS2_MOUSE,0.2035,0.0117005516461145,0.180098896707771,0.226901103292229,38,0.32476,0.0202843578680952,0.28419128426381,0.36532871573619,13,0,0
HMGB1_MOUSE,0.15334,0.00495712952793723,0.143425740944126,0.163254259055874,6,0.23963,0.0225176452618486,0.194594709476303,0.284665290523697,5,0,0
HMGCL_MOUSE,0.14219,0.00783506111931113,0.126519877761378,0.157860122238622,10,0.222615,0.0148828787342395,0.192849242531521,0.252380757468479,6,0,0
HNRH2_MOUSE,0.19401,0.0172436171712453,0.159522765657509,0.228497234342491,4,0.33206,0.0252170994979032,0.281625801004194,0.382494198995807,2,0,0
HNRPK_MOUSE,0.32267,0.0295352113901324,0.263599577219735,0.381740422780265,11,0.586295,0.0390194565551045,0.508256086889791,0.664333913110209,2,0,0
HNRPM_MOUSE,0.160295,0.0159975433602258,0.128299913279548,0.192290086720452,2,0.28442,0.0219850056617616,0.240449988676477,0.328390011323523,3,0,0
HOGA1_MOUSE,0.08289,0.0059571752179994,0.0709756495640012,0.0948043504359988,7,0.12701,0.00695585831246391,0.113098283375072,0.140921716624928,7,0,0
HOT_MOUSE,0.15353,0.0112407468969428,0.131048506206114,0.176011493793886,3,0.17806,0.0154370771612048,0.14718584567759,0.20893415432241,3,0,0
HPPD_MOUSE,0.38138,0.0310968976077156,0.319186204784569,0.443573795215431,13,0.45077,0.0323502202078414,0.386069559584317,0.515470440415683,3,0,0
HS90A_MOUSE,0.26967,0.0199703548751608,0.229729290249678,0.309610709750322,19,0.338935,0.0321155655613666,0.274703868877267,0.403166131122733,6,0,0
HS90B_MOUSE,0.25858,0.0198642716076833,0.218851456784633,0.298308543215367,15,0.475315,0.0383186490403415,0.398677701919317,0.551952298080683,10,0,0
HSP74_MOUSE,0.18837,0.0117987751711997,0.164772449657601,0.211967550342399,4,0.36558,0.0317036088381396,0.302172782323721,0.428987217676279,3,0,0
HSP7C_MOUSE,0.311555,0.0214379631261084,0.268679073747783,0.354430926252217,18,0.52165,0.0452815685793303,0.431086862841339,0.612213137158661,9,0,0
HUTH_MOUSE,0.22431,0.0161871627941193,0.191935674411761,0.256684325588239,15,0.31913,0.0261957659767504,0.266738468046499,0.371521531953501,7,0,0
HUTI_MOUSE,0.18134,0.0100161486651831,0.161307702669634,0.201372297330366,14,0.236185,0.0134753362897265,0.209234327420547,0.263135672579453,2,0,0
HUTU_MOUSE,0.18651,0.0108688923899061,0.164772215220188,0.208247784779812,22,0.21988,0.0190342113533875,0.181811577293225,0.257948422706775,9,0,0
HYEP_MOUSE,0.230665,0.0186401273713439,0.193384745257312,0.267945254742688,14,0.360285,0.0234309671696375,0.313423065660725,0.407146934339275,12,0,0
HYES_MOUSE,0.24329,0.0149396310822199,0.21341073783556,0.27316926216444,37,0.33355,0.02316017878144,0.28722964243712,0.37987035756288,31,0,0
HYOU1_MOUSE,0.233725,0.0176518545571949,0.19842129088561,0.26902870911439,8,0.33745,0.0273366839326738,0.282776632134652,0.392123367865348,9,0,0
IAH1_MOUSE,0.154855,0.0115470936742414,0.131760812651517,0.177949187348483,8,0.31132,0.021224425502079,0.268871148995842,0.353768851004158,4,0,0
IDH3A_MOUSE,0.09081,0.00996496445254321,0.0708800710949136,0.110739928905086,3,0.12919,0.012076072442867,0.105037855114266,0.153342144885734,3,0,0
IDHC_MOUSE,0.174,0.00989803466510459,0.154203930669791,0.193796069330209,24,0.238645,0.0164540471528825,0.205736905694235,0.271553094305765,10,0,0
IDHP_MOUSE,0.11435,0.0076558155163015,0.099038368967397,0.129661631032603,18,0.19178,0.0155180365388158,0.160743926922368,0.222816073077632,12,0,0
IF2A_MOUSE,0.16343,0.0124912626475639,0.138447474704872,0.188412525295128,3,0.37556,0.0266209735738181,0.322318052852364,0.428801947147636,2,0,0
IF2B_MOUSE,0.20792,0.0215437184249966,0.164832563150007,0.251007436849993,2,0.35938,0.0284719395498979,0.302436120900204,0.416323879099796,3,0,0
IF4A1_MOUSE,0.357415,0.0222079929637931,0.312999014072414,0.401830985927586,8,0.48091,0.0328836730587147,0.415142653882571,0.546677346117429,3,0,0
IF5A1_MOUSE,0.278555,0.0145646815296715,0.249425636940657,0.307684363059343,4,0.38706,0.0320098674894575,0.323040265021085,0.451079734978915,7,0,0
INMT_MOUSE,0.14091,0.00867808320124041,0.123553833597519,0.158266166402481,15,0.19073,0.0115639799165758,0.167602040166848,0.213857959833152,13,0,0
IPYR_MOUSE,0.16931,0.0119437103294025,0.145422579341195,0.193197420658805,12,0.303245,0.0168470149429986,0.269550970114003,0.336939029885997,2,0,0
IQGA2_MOUSE,0.23361,0.0172503877998782,0.199109224400244,0.268110775599756,17,0.453895,0.0388596029751608,0.376175794049678,0.531614205950321,6,0,0
ISC2A_MOUSE,0.11326,0.00554122060346806,0.102177558793064,0.124342441206936,7,0.11156,0.00803622319697688,0.0954875536060462,0.127632446393954,5,0,0
IVD_MOUSE,0.117375,0.00648038324300692,0.104414233513986,0.130335766486014,8,0.14573,0.0113182058075212,0.123093588384958,0.168366411615042,5,0,0
K1C18_MOUSE,0.08014,0.0038716652516362,0.0723966694967276,0.0878833305032724,24,0.1079,0.00763313586089507,0.0926337282782099,0.12316627172179,15,0,0
K2C8_MOUSE,0.09387,0.00462497855062313,0.0846200428987537,0.103119957101246,34,0.13771,0.00836093874787082,0.120988122504258,0.154431877495742,14,0,0
KAD2_MOUSE,0.1014,0.00510150712080041,0.0911969857583992,0.111603014241601,10,0.179275,0.0146936747008817,0.149887650598237,0.208662349401763,8,0,0
KAD3_MOUSE,0.19576,0.010823273610499,0.174113452779002,0.217406547220998,6,0.29187,0.030892684954292,0.230084630091416,0.353655369908584,5,0,0
KAD4_MOUSE,0.16692,0.0141737070658205,0.138572585868359,0.195267414131641,2,0.17134,0.0174464727842454,0.136447054431509,0.206232945568491,3,0,0
KAT1_MOUSE,0.10477,0.00939330284012339,0.0859833943197532,0.123556605680247,2,0.25294,0.0179751407158312,0.216989718568338,0.288890281431662,5,0,0
KAT3_MOUSE,0.143665,0.0110491869329775,0.121566626134045,0.165763373865955,6,0.21706,0.0152983932614689,0.186463213477062,0.247656786522938,6,0,0
KBL_MOUSE,0.10739,0.00585375692918046,0.0956824861416391,0.119097513858361,9,0.1542,0.00913087088109552,0.135938258237809,0.172461741762191,3,0,0
KCY_MOUSE,0.2256,0.0141344483230046,0.197331103353991,0.253868896646009,4,0.274435,0.0201544854592571,0.234126029081486,0.314743970918514,2,0,0
KEG1_MOUSE,0.19048,0.0165330570645539,0.157413885870892,0.223546114129108,9,0.35693,0.0310036656798598,0.29492266864028,0.41893733135972,5,0,0
KHK_MOUSE,0.138565,0.0096971591180462,0.119170681763908,0.157959318236092,10,0.168315,0.0114669361693586,0.145381127661283,0.191248872338717,4,0,0
KMO_MOUSE,0.16805,0.0106964380450908,0.146657123909818,0.189442876090182,7,0.260195,0.023937684180923,0.212319631638154,0.308070368361846,6,0,0
KPYR_MOUSE,0.15884,0.0121059677170067,0.134628064565987,0.183051935434013,17,0.25394,0.0204466357863632,0.213046728427274,0.294833271572726,9,0,0
KYNU_MOUSE,0.169605,0.014744371264152,0.140116257471696,0.199093742528304,4,0.33422,0.0249539393472601,0.28431212130548,0.38412787869452,3,0,0
LACB2_MOUSE,0.12783,0.0158639429558888,0.0961021140882225,0.159557885911778,5,0.62319,0.0407666791002766,0.541656641799447,0.704723358200553,2,0,0
LACTB_MOUSE,0.057785,0.00465255994011336,0.0484798801197733,0.0670901198802267,2,0.168905,0.0154820388241819,0.137940922351636,0.199869077648364,2,0,0
LDHA_MOUSE,0.20482,0.0129937145408407,0.178832570918319,0.230807429081681,18,0.37759,0.0301132669100406,0.317363466179919,0.437816533820081,12,0,0
LDHD_MOUSE,0.25136,0.0156006412825651,0.22015871743487,0.28256128256513,2,0.3939,0.0279865588590363,0.337926882281927,0.449873117718073,4,0,0
LEG1_MOUSE,0.12797,0.00857823523274013,0.11081352953452,0.14512647046548,2,0.21538,0.018947697664954,0.177484604670092,0.253275395329908,2,0,0
LGMN_MOUSE,0.1297,0.00752965565818215,0.114640688683636,0.144759311316364,3,0.283535,0.02153908636456,0.24045682727088,0.32661317272912,2,0,0
LGUL_MOUSE,0.16013,0.0114906826915233,0.137148634616953,0.183111365383047,9,0.2437,0.0161671177169659,0.211365764566068,0.276034235433932,5,0,0
LKHA4_MOUSE,0.122015,0.0103296991989656,0.101355601602069,0.142674398397931,4,0.17726,0.0118184272707907,0.153623145458419,0.200896854541581,4,0,0
LMAN1_MOUSE,0.22337,0.0204512012905466,0.182467597418907,0.264272402581093,3,0.39667,0.0406954253896467,0.315279149220707,0.478060850779293,2,0,0
LMNA_MOUSE,0.05952,0.00450500860193779,0.0505099827961244,0.0685300172038756,6,0.09446,0.00842084558981673,0.0776183088203665,0.111301691179633,5,0,0
LONM_MOUSE,0.15069,0.0115307737062256,0.127628452587549,0.173751547412451,6,0.2925,0.0240896563897606,0.244320687220479,0.340679312779521,3,0,0
LPPRC_MOUSE,0.2711,0.0257313695582967,0.219637260883407,0.322562739116593,5,0.426285,0.0414274850706752,0.34343002985865,0.50913997014135,4,0,0
LRC59_MOUSE,0.09156,0.006651194402806,0.078257611194388,0.104862388805612,4,0.12691,0.00908089249961101,0.108748215000778,0.145071784999222,3,0,0
LYAG_MOUSE,0.12905,0.0122387330806731,0.104572533838654,0.153527466161346,3,0.20307,0.0198616165217643,0.163346766956471,0.242793233043529,3,0,0
LYPA1_MOUSE,0.17003,0.00982535331681633,0.150379293366367,0.189680706633633,3,0.25431,0.0216407698775789,0.211028460244842,0.297591539755158,5,0,0
M2GD_MOUSE,0.11147,0.00558248954310279,0.100305020913794,0.122634979086206,39,0.15246,0.00909565914051781,0.134268681718964,0.170651318281036,25,0,0
MAAI_MOUSE,0.1478,0.00679554321153101,0.134208913576938,0.161391086423062,8,0.18866,0.0116108906044071,0.165438218791186,0.211881781208814,13,0,0
MANF_MOUSE,0.23143,0.0216281086267539,0.188173782746492,0.274686217253508,5,0.32884,0.0251299881626632,0.278580023674674,0.379099976325326,2,0,0
MAOX_MOUSE,0.142445,0.0125315858451969,0.117381828309606,0.167508171690394,20,0.25345,0.018921536691505,0.21560692661699,0.29129307338301,15,0,0
MCAT_MOUSE,0.094345,0.00600907108305321,0.0823268578338936,0.106363142166106,2,0.21027,0.0113866903153583,0.187496619369283,0.233043380630717,3,0,0
MCCA_MOUSE,0.10731,0.0071114923547566,0.0930870152904868,0.121532984709513,7,0.12319,0.00827266512370355,0.106644669752593,0.139735330247407,11,0,0
MCCB_MOUSE,0.11883,0.0088453196171533,0.101139360765693,0.136520639234307,8,0.14224,0.0103071691953902,0.12162566160922,0.16285433839078,7,0,0
MDHC_MOUSE,0.14162,0.00849921255527765,0.124621574889445,0.158618425110555,11,0.23759,0.0137155653055288,0.210158869388942,0.265021130611058,10,0,0
MDHM_MOUSE,0.10619,0.00454915337444356,0.0970916932511129,0.115288306748887,21,0.16065,0.0085758639460163,0.143498272107967,0.177801727892033,13,0,0
MGST1_MOUSE,0.16938,0.0114628227342887,0.146454354531423,0.192305645468577,13,0.302285,0.0190569394116926,0.264171121176615,0.340398878823385,8,0,0
MIC19_MOUSE,0.10892,0.00867760118248815,0.0915647976350237,0.126275202364976,3,0.20677,0.0175365494193684,0.171696901161263,0.241843098838737,2,0,0
MIC60_MOUSE,0.123475,0.00746359879689502,0.10854780240621,0.13840219759379,8,0.1381,0.0110238057139285,0.116052388572143,0.160147611427857,8,0,0
MMSA_MOUSE,0.1121,0.00572784794582947,0.100644304108341,0.123555695891659,27,0.1394,0.00890079570972157,0.121598408580557,0.157201591419443,16,0,0
MOGS_MOUSE,0.069815,0.00559704067678479,0.0586209186464304,0.0810090813535696,4,0.1014,0.00692191780545923,0.0875561643890815,0.115243835610918,4,0,0
MPC2_MOUSE,0.17822,0.0153941996484927,0.147431600703015,0.209008399296985,3,0.26406,0.0257789237300262,0.212502152539948,0.315617847460053,2,0,0
MPCP_MOUSE,0.124985,0.0102095314106191,0.104565937178762,0.145404062821238,6,0.16431,0.0138806002541344,0.136548799491731,0.192071200508269,6,0,0
MSRA_MOUSE,0.20102,0.0117998586999385,0.177420282600123,0.224619717399877,4,0.27066,0.0224459628192036,0.225768074361593,0.315551925638407,4,0,0
MTCH2_MOUSE,0.117095,0.00789199463722758,0.101311010725545,0.132878989274455,8,0.186655,0.0117393682314587,0.163176263537083,0.210133736462917,6,0,0
MTP_MOUSE,0.20269,0.0140141925716503,0.174661614856699,0.230718385143301,20,0.35643,0.0272503042116975,0.301929391576605,0.410930608423395,14,0,0
MUTA_MOUSE,0.29247,0.0237385259838521,0.244992948032296,0.339947051967704,9,0.41271,0.0274513620043086,0.357807275991383,0.467612724008617,2,0,0
MYH9_MOUSE,0.24397,0.0197842430780983,0.204401513843803,0.283538486156197,20,0.35119,0.0295202551186732,0.292149489762654,0.410230510237346,17,0,0
NADC_MOUSE,0.20461,0.0132219723575288,0.178166055284942,0.231053944715058,11,0.33284,0.0207569384241311,0.291326123151738,0.374353876848262,4,0,0
NAKD2_MOUSE,0.11396,0.00685381499002841,0.100252370019943,0.127667629980057,3,0.13507,0.00903402452120049,0.117001950957599,0.153138049042401,6,0,0
NAMPT_MOUSE,0.38034,0.0427716328511325,0.294796734297735,0.465883265702265,2,0.377085,0.0264082458112223,0.324268508377555,0.429901491622445,2,0,0
NB5R3_MOUSE,0.172605,0.0114489854882186,0.149707029023563,0.195502970976437,8,0.288635,0.0237617738918263,0.241111452216347,0.336158547783653,10,0,0
NCPR_MOUSE,0.28081,0.0246010899861592,0.231607820027682,0.330012179972318,9,0.346,0.0321899885501513,0.281620022899697,0.410379977100302,2,0,0
NDKA_MOUSE,0.168255,0.0126521018843328,0.142950796231334,0.193559203768666,12,0.26976,0.0195174518422139,0.230725096315572,0.308794903684428,7,0,0
NDKB_MOUSE,0.16849,0.0160880255346015,0.136313948930797,0.200666051069203,4,0.28703,0.0253382873869656,0.236353425226069,0.337706574773931,5,0,0
NDUA8_MOUSE,0.10625,0.00554407271226998,0.09516185457546,0.11733814542454,4,0.13757,0.0100859192359029,0.117398161528194,0.157741838471806,4,0,0
NDUA9_MOUSE,0.16076,0.00999945193222029,0.140761096135559,0.180758903864441,5,0.22427,0.0211055721829644,0.182058855634071,0.266481144365929,3,0,0
NDUAA_MOUSE,0.16352,0.00921062182717543,0.145098756345649,0.181941243654351,7,0.27407,0.0203261340638684,0.233417731872263,0.314722268127737,3,0,0
NDUAC_MOUSE,0.147975,0.00908385035528688,0.129807299289426,0.166142700710574,2,0.21139,0.0143813966919922,0.182627206616016,0.240152793383984,2,0,0
NDUAD_MOUSE,0.11683,0.00773067719636458,0.101368645607271,0.132291354392729,6,0.15988,0.0118909258246549,0.13609814835069,0.18366185164931,4,0,0
NDUB9_MOUSE,0.126325,0.00676639110559662,0.112792217788807,0.139857782211193,4,0.116285,0.00868564296327744,0.0989137140734451,0.133656285926555,2,0,0
NDUBA_MOUSE,0.11811,0.00875859226221911,0.100592815475562,0.135627184524438,4,0.222075,0.0204588444227245,0.181157311154551,0.262992688845449,2,0,0
NDUC2_MOUSE,0.11909,0.00723702295081967,0.104615954098361,0.133564045901639,2,0.192645,0.0159033771341297,0.160838245731741,0.224451754268259,2,0,0
NDUS1_MOUSE,0.11919,0.00664425868277267,0.105901482634455,0.132478517365545,11,0.14936,0.0123274148144884,0.124705170371023,0.174014829628977,14,0,0
NDUS2_MOUSE,0.112125,0.00898606602099503,0.09415286795801,0.13009713204199,10,0.147705,0.0117470325956358,0.124210934808728,0.171199065191272,2,0,0
NDUS3_MOUSE,0.15204,0.00880914662992139,0.134421706740157,0.169658293259843,5,0.25092,0.0167587549303182,0.217402490139364,0.284437509860636,2,0,0
NDUV1_MOUSE,0.15875,0.00900207976121716,0.140745840477566,0.176754159522434,8,0.210415,0.0138295776695456,0.182755844660909,0.238074155339091,4,0,0
NDUV2_MOUSE,0.166285,0.0129258082725061,0.140433383454988,0.192136616545012,2,0.18416,0.0193673575892612,0.145425284821478,0.222894715178522,5,0,0
NIPS1_MOUSE,0.09517,0.00476012692867833,0.0856497461426433,0.104690253857357,13,0.14535,0.00987828443393118,0.125593431132138,0.165106568867862,4,0,0
NIT1_MOUSE,0.14501,0.00801817992375323,0.128973640152494,0.161046359847506,5,0.220285,0.0208808867699642,0.178523226460072,0.262046773539929,2,0,0
NIT2_MOUSE,0.111955,0.00748801151261382,0.0969789769747724,0.126931023025228,10,0.179085,0.0112513618395281,0.156582276320944,0.201587723679056,8,0,0
NNRD_MOUSE,0.126295,0.0126473375091717,0.101000324981657,0.151589675018343,4,0.3479,0.0345225400779772,0.278854919844046,0.416945080155954,2,0,0
NNRE_MOUSE,0.10876,0.005948107368089,0.096863785263822,0.120656214736178,3,0.15574,0.00765832598285464,0.140423348034291,0.171056651965709,3,0,0
NPM_MOUSE,0.19478,0.0144135787945521,0.165952842410896,0.223607157589104,6,0.27028,0.0211870816575891,0.227905836684822,0.312654163315178,3,0,0
NPS3B_MOUSE,0.126755,0.00859240499645463,0.109570190007091,0.143939809992909,4,0.149825,0.014512846331845,0.12079930733631,0.17885069266369,2,0,0
NQO2_MOUSE,0.13064,0.0096590139695051,0.11132197206099,0.14995802793901,7,0.23272,0.0143063261871182,0.204107347625764,0.261332652374236,4,0,0
NUCL_MOUSE,0.36497,0.0258335668350961,0.313302866329808,0.416637133670192,5,0.39731,0.0389124986850377,0.319485002629925,0.475134997370075,2,0,0
ODB2_MOUSE,0.11314,0.0073351143647174,0.0984697712705652,0.127810228729435,9,0.14006,0.016761638769192,0.106536722461616,0.173583277538384,7,0,0
ODBA_MOUSE,0.18223,0.0123221777859377,0.157585644428125,0.206874355571875,8,0.24556,0.0209412084800552,0.20367758303989,0.28744241696011,4,0,0
ODBB_MOUSE,0.12595,0.00640886765090146,0.113132264698197,0.138767735301803,4,0.10431,0.0115062638444963,0.0812974723110074,0.127322527688993,3,0,0
ODO2_MOUSE,0.08426,0.00481947578789344,0.0746210484242131,0.0938989515757869,8,0.136235,0.00798547788035941,0.120264044239281,0.152205955760719,4,0,0
ODP2_MOUSE,0.08702,0.00459999476256877,0.0778200104748625,0.0962199895251375,7,0.1064,0.00585485853588438,0.0946902829282312,0.118109717071769,4,0,0
ODPA_MOUSE,0.10199,0.00835575779792565,0.0852784844041487,0.118701515595851,9,0.16298,0.00875516263768958,0.145469674724621,0.180490325275379,3,0,0
ODPB_MOUSE,0.11653,0.00919802453696675,0.0981339509260665,0.134926049073933,7,0.23804,0.013346925732524,0.211346148534952,0.264733851465048,5,0,0
OPA1_MOUSE,0.128365,0.00852767874479039,0.111309642510419,0.145420357489581,2,0.301795,0.0354575097812382,0.230879980437524,0.372710019562477,2,0,0
OPLA_MOUSE,0.26749,0.0192253266885869,0.229039346622826,0.305940653377174,4,0.39587,0.0331153599995074,0.329639280000985,0.462100719999015,6,0,0
ORNT1_MOUSE,0.159575,0.0115561288794941,0.136462742241012,0.182687257758988,4,0.264085,0.0187506707877721,0.226583658424456,0.301586341575544,4,0,0
OST48_MOUSE,0.089895,0.00393016724223744,0.0820346655155251,0.0977553344844749,4,0.08679,0.0116302012112702,0.0635295975774596,0.11005040242254,3,0,0
OTC_MOUSE,0.10123,0.00475975751637849,0.091710484967243,0.110749515032757,24,0.16372,0.00964431480850485,0.14443137038299,0.18300862961701,9,0,0
PA2G4_MOUSE,0.13151,0.0081313631670085,0.115247273665983,0.147772726334017,6,0.192795,0.0205518236816654,0.151691352636669,0.233898647363331,4,0,0
PABP1_MOUSE,0.140915,0.0104128931118679,0.120089213776264,0.161740786223736,8,0.279835,0.0272094226152161,0.225416154769568,0.334253845230432,6,0,0
PAPS2_MOUSE,0.2392,0.0197409536996884,0.199718092600623,0.278681907399377,4,0.378865,0.043837489455375,0.29119002108925,0.46653997891075,2,0,0
PARK7_MOUSE,0.159525,0.00877422284681195,0.141976554306376,0.177073445693624,10,0.29387,0.0168859404594538,0.260098119081092,0.327641880918908,7,0,0
PBLD1_MOUSE,0.16417,0.00649488872047605,0.151180222559048,0.177159777440952,9,0.23651,0.0167850774440596,0.202939845111881,0.270080154888119,6,0,0
PBLD2_MOUSE,0.16338,0.0133108947197652,0.13675821056047,0.19000178943953,5,0.36312,0.0256089573876577,0.311902085224685,0.414337914775315,5,0,0
PCCA_MOUSE,0.094295,0.00591640237177192,0.0824621952564562,0.106127804743544,18,0.12997,0.0104130994577881,0.109143801084424,0.150796198915576,11,0,0
PCCB_MOUSE,0.08499,0.00637071273808055,0.0722485745238389,0.0977314254761611,9,0.14471,0.00966201410631951,0.125385971787361,0.164034028212639,8,0,0
PDIA1_MOUSE,0.241445,0.013918713940066,0.213607572119868,0.269282427880132,24,0.467045,0.0318371054498321,0.403370789100336,0.530719210899664,6,0,0
PDIA3_MOUSE,0.25096,0.0147373143905984,0.221485371218803,0.280434628781197,18,0.38121,0.0286943086324083,0.323821382735183,0.438598617264817,19,0,0
PDIA4_MOUSE,0.22842,0.0165059741357315,0.195408051728537,0.261431948271463,7,0.40896,0.0288433550101238,0.351273289979752,0.466646710020248,6,0,0
PDIA5_MOUSE,0.09186,0.00688790673289452,0.078084186534211,0.105635813465789,5,0.09902,0.00816264677950952,0.082694706440981,0.115345293559019,2,0,0
PDIA6_MOUSE,0.24886,0.0161914178931524,0.216477164213695,0.281242835786305,12,0.435215,0.0241056169358842,0.387003766128232,0.483426233871768,8,0,0
PDXK_MOUSE,0.378775,0.0103952653228955,0.357984469354209,0.399565530645791,2,0.22524,0.0129201124466508,0.199399775106698,0.251080224893302,5,0,0
PEBP1_MOUSE,0.15131,0.00844691694747897,0.134416166105042,0.168203833894958,9,0.2032,0.0120941573571979,0.179011685285604,0.227388314714396,4,0,0
PECR_MOUSE,0.21907,0.0148755574273652,0.18931888514527,0.24882111485473,7,0.25669,0.0200528989422416,0.216584202115517,0.296795797884483,5,0,0
PGAM1_MOUSE,0.14108,0.00868544826920931,0.123709103461581,0.158450896538419,13,0.22478,0.0136531517706619,0.197473696458676,0.252086303541324,12,0,0
PGBM_MOUSE,0.0653,0.00511274961597542,0.0550745007680492,0.0755254992319508,2,0.09891,0.00926494303036304,0.0803801139392739,0.117439886060726,6,0,0
PGK1_MOUSE,0.134635,0.0072682313707423,0.120098537258515,0.149171462741485,22,0.20036,0.0102217062514868,0.179916587497026,0.220803412502974,16,0,0
PGM1_MOUSE,0.14596,0.00819004481359656,0.129579910372807,0.162340089627193,26,0.21414,0.0175323497309586,0.179075300538083,0.249204699461917,12,0,0
PGRC1_MOUSE,0.290595,0.0243896666954107,0.241815666609179,0.339374333390821,2,0.43349,0.0286252256710407,0.376239548657919,0.490740451342081,2,0,0
PHB2_MOUSE,0.08744,0.00442159593976474,0.0785968081204705,0.0962831918795295,10,0.127535,0.0084458068449522,0.110643386310096,0.144426613689904,10,0,0
PHB_MOUSE,0.103495,0.00455978163125088,0.0943754367374983,0.112614563262502,12,0.14229,0.0126848214418096,0.116920357116381,0.167659642883619,4,0,0
PHS_MOUSE,0.19319,0.0119044193654421,0.169381161269116,0.216998838730884,3,0.31372,0.0262516089512542,0.261216782097492,0.366223217902508,4,0,0
PNCB_MOUSE,0.16234,0.0149150763574939,0.132509847285012,0.192170152714988,4,0.25336,0.0201636557406157,0.213032688518769,0.293687311481231,3,0,0
PNPH_MOUSE,0.14147,0.0119734734760262,0.117523053047948,0.165416946952052,7,0.226955,0.0141002617019232,0.198754476596154,0.255155523403846,4,0,0
PNPO_MOUSE,0.18256,0.0104403228682214,0.161679354263557,0.203440645736443,4,0.17915,0.0158100041485397,0.147529991702921,0.210770008297079,3,0,0
PPIA_MOUSE,0.17855,0.0110420250471351,0.15646594990573,0.20063405009427,11,0.31853,0.0208140480754143,0.276901903849171,0.360158096150829,10,0,0
PPIB_MOUSE,0.22182,0.0186188574066511,0.184582285186698,0.259057714813302,5,0.397975,0.0476709851334633,0.302633029733073,0.493316970266927,2,0,0
PRDX1_MOUSE,0.204295,0.0133319400113463,0.177631119977307,0.230958880022693,14,0.311565,0.020952678896288,0.269659642207424,0.353470357792576,8,0,0
PRDX2_MOUSE,0.13763,0.0101166549223767,0.117396690155247,0.157863309844753,7,0.23644,0.0188101467821163,0.198819706435767,0.274060293564233,4,0,0
PRDX3_MOUSE,0.11038,0.00555907192314516,0.0992618561537097,0.12149814384629,7,0.1052,0.00627870003829691,0.0926425999234062,0.117757400076594,3,0,0
PRDX5_MOUSE,0.166925,0.00827582142867423,0.150373357142652,0.183476642857348,8,0.23961,0.016899646760507,0.205810706478986,0.273409293521014,10,0,0
PRDX6_MOUSE,0.167335,0.0105183161546771,0.146298367690646,0.188371632309354,22,0.25889,0.015554247836309,0.227781504327382,0.289998495672618,15,0,0
PROD_MOUSE,0.2885,0.0190982544471716,0.250303491105657,0.326696508894343,5,0.429715,0.034066247855108,0.361582504289784,0.497847495710216,6,0,0
PROF1_MOUSE,0.182365,0.0122039287579674,0.157957142484065,0.206772857515935,12,0.366735,0.0325299720401258,0.301675055919748,0.431794944080252,4,0,0
PRS10_MOUSE,0.26935,0.0226219372872792,0.224106125425442,0.314593874574558,3,0.43064,0.0419037318330989,0.346832536333802,0.514447463666198,2,0,0
PRS6A_MOUSE,0.32364,0.0267419496771397,0.270156100645721,0.377123899354279,3,0.42761,0.0322959363313132,0.363018127337374,0.492201872662626,3,0,0
PSA1_MOUSE,0.14313,0.013947641801608,0.115234716396784,0.171025283603216,3,0.331795,0.0252640753238499,0.2812668493523,0.3823231506477,4,0,0
PSA2_MOUSE,0.18086,0.00982508957564717,0.161209820848706,0.200510179151294,3,0.29855,0.0252166851678564,0.248116629664287,0.348983370335713,3,0,0
PSA4_MOUSE,0.226835,0.016259267879975,0.19431646424005,0.25935353575995,2,0.29788,0.0184087888412017,0.261062422317597,0.334697577682403,2,0,0
PSA6_MOUSE,0.20264,0.017482436876304,0.167675126247392,0.237604873752608,10,0.32834,0.0300381350831162,0.268263729833768,0.388416270166232,3,0,0
PSA7_MOUSE,0.146575,0.0127152929838728,0.121144414032254,0.172005585967746,4,0.25454,0.0264848634319179,0.201570273136164,0.307509726863836,2,0,0
PSD13_MOUSE,0.26866,0.025231213854652,0.218197572290696,0.319122427709304,2,0.40877,0.0337808980626458,0.341208203874708,0.476331796125292,3,0,0
PSMD2_MOUSE,0.26473,0.0258672308989812,0.212995538202038,0.316464461797962,6,0.43125,0.0353371134191435,0.360575773161713,0.501924226838287,7,0,0
PSMD6_MOUSE,0.15915,0.0137494490125284,0.131651101974943,0.186648898025057,3,0.28601,0.0252127397993057,0.235584520401389,0.336435479598611,2,0,0
PSMD7_MOUSE,0.21773,0.0280161157312883,0.161697768537423,0.273762231462577,2,0.24877,0.0220170421959163,0.204735915608167,0.292804084391833,3,0,0
PTBP1_MOUSE,0.165425,0.0133953613741467,0.138634277251707,0.192215722748293,2,0.299705,0.0137215910179206,0.272261817964159,0.327148182035841,2,0,0
PTER_MOUSE,0.15728,0.0114569217459351,0.13436615650813,0.18019384349187,2,0.27132,0.0183704271936759,0.234579145612648,0.308060854387352,2,0,0
PTGR3_MOUSE,0.18383,0.0140965834308441,0.155636833138312,0.212023166861688,4,0.23456,0.0259878519523871,0.182584296095226,0.286535703904774,2,0,0
PUR9_MOUSE,0.156865,0.00918572865623314,0.138493542687534,0.175236457312466,2,0.233785,0.0209701725871473,0.191844654825705,0.275725345174295,2,0,0
PURA_MOUSE,0.05878,0.00501494392855497,0.0487501121428901,0.0688098878571099,3,0.07902,0.00624031588467868,0.0665393682306426,0.0915006317693574,3,0,0
PYC_MOUSE,0.12797,0.0063797622200554,0.115210475559889,0.140729524440111,45,0.19495,0.0102339290796447,0.174482141840711,0.215417858159289,31,0,0
PYGL_MOUSE,0.125735,0.00756820408681286,0.110598591826374,0.140871408173626,46,0.17562,0.0140536694453265,0.147512661109347,0.203727338890653,23,0,0
QCR1_MOUSE,0.11055,0.0044206793850473,0.101708641229905,0.119391358770095,15,0.16547,0.00977845652099559,0.145913086958009,0.185026913041991,9,0,0
QCR2_MOUSE,0.11651,0.00563697968293511,0.10523604063413,0.12778395936587,14,0.1603,0.0116493133821941,0.137001373235612,0.183598626764388,12,0,0
QCR7_MOUSE,0.16576,0.0134486608323987,0.138862678335203,0.192657321664797,4,0.237335,0.0141980495495496,0.208938900900901,0.265731099099099,2,0,0
QOR_MOUSE,0.148055,0.00745597833635318,0.133143043327294,0.162966956672706,8,0.20517,0.0116234209267447,0.18192315814651,0.228416841853489,7,0,0
RACK1_MOUSE,0.104285,0.00666406482306047,0.0909568703538791,0.117613129646121,10,0.13658,0.0115192871533789,0.113541425693242,0.159618574306758,9,0,0
RDH7_MOUSE,0.232895,0.0225524415463644,0.187790116907271,0.277999883092729,2,0.30339,0.0287322561247216,0.245925487750557,0.360854512249443,2,0,0
RGN_MOUSE,0.14121,0.00737083457747806,0.126468330845044,0.155951669154956,23,0.19705,0.0116875212903988,0.173674957419202,0.220425042580798,14,0,0
RIDA_MOUSE,0.149115,0.00656932799340774,0.135976344013185,0.162253655986815,8,0.21362,0.010148215914983,0.193323568170034,0.233916431829966,5,0,0
RINI_MOUSE,0.29728,0.0283312795288231,0.240617440942354,0.353942559057646,5,0.649075,0.0476493934942287,0.553776213011542,0.744373786988457,2,0,0
RL10A_MOUSE,0.09833,0.00582873715702197,0.0866725256859561,0.109987474314044,2,0.10215,0.0100618933727697,0.0820262132544606,0.122273786745539,3,0,0
RL10_MOUSE,0.19098,0.0203455218306806,0.150288956338639,0.231671043661361,3,0.2767,0.0175655413868048,0.24156891722639,0.31183108277361,3,0,0
RL12_MOUSE,0.076805,0.00274557348442316,0.0713138530311537,0.0822961469688463,6,0.09743,0.00601771310213387,0.0853945737957323,0.109465426204268,5,0,0
RL13_MOUSE,0.06918,0.00403885929709352,0.061102281405813,0.077257718594187,2,0.08915,0.00560109390170271,0.0779478121965946,0.100352187803405,3,0,0
RL14_MOUSE,0.092815,0.00471610397393382,0.0833827920521324,0.102247207947868,4,0.093805,0.0063142304662886,0.0811765390674228,0.106433460932577,2,0,0
RL15_MOUSE,0.08616,0.00492302747195031,0.0763139450560994,0.0960060549439006,3,0.17869,0.0136742752081906,0.151341449583619,0.206038550416381,2,0,0
RL17_MOUSE,0.09942,0.00454082025445438,0.0903383594910912,0.108501640508909,5,0.12674,0.00992005264052872,0.106899894718943,0.146580105281057,4,0,0
RL18_MOUSE,0.07456,0.00467821186224854,0.0652035762755029,0.0839164237244971,5,0.14767,0.0104414649313198,0.12678707013736,0.16855292986264,3,0,0
RL23A_MOUSE,0.07456,0.00660227598890363,0.0613554480221927,0.0877645519778072,5,0.210415,0.0159078697579618,0.178599260484076,0.242230739515924,2,0,0
RL23_MOUSE,0.07545,0.00351974825824431,0.0684105034835114,0.0824894965164886,2,0.094775,0.00701076013793104,0.0807534797241379,0.108796520275862,2,0,0
RL24_MOUSE,0.077985,0.00680234861845973,0.0643803027630805,0.0915896972369195,2,0.17992,0.0158497619759352,0.14822047604813,0.21161952395187,3,0,0
RL27_MOUSE,0.22146,0.0157483064002171,0.189963387199566,0.252956612800434,3,0.11932,0.0128896197892872,0.0935407604214256,0.145099239578574,3,0,0
RL30_MOUSE,0.08515,0.00443573230743465,0.0762785353851307,0.0940214646148693,5,0.12075,0.00764145540346573,0.105467089193069,0.136032910806931,5,0,0
RL32_MOUSE,0.08057,0.00411422458554895,0.0723415508289021,0.0887984491710979,2,0.07969,0.00625723345674224,0.0671755330865155,0.0922044669134845,3,0,0
RL38_MOUSE,0.106165,0.00943550848218293,0.0872939830356342,0.125036016964366,2,0.20424,0.0172941856496383,0.169651628700723,0.238828371299277,3,0,0
RL3_MOUSE,0.06595,0.00400695448582626,0.0579360910283475,0.0739639089716525,7,0.07889,0.00688754422916432,0.0651149115416713,0.0926650884583286,6,0,0
RL4_MOUSE,0.06996,0.00410972244075467,0.0617405551184907,0.0781794448815093,11,0.08325,0.00790526337410821,0.0674394732517836,0.0990605267482164,11,0,0
RL5_MOUSE,0.07494,0.00449241743072784,0.0659551651385443,0.0839248348614557,6,0.108125,0.00687692101388536,0.0943711579722293,0.121878842027771,6,0,0
RL6_MOUSE,0.08878,0.0058513266776727,0.0770773466446546,0.100482653355345,9,0.13244,0.00922755858368446,0.113984882832631,0.150895117167369,7,0,0
RL7A_MOUSE,0.09183,0.00636177719738405,0.0791064456052319,0.104553554394768,8,0.122485,0.0104617397267365,0.101561520546527,0.143408479453473,8,0,0
RL7_MOUSE,0.08013,0.00551933109856672,0.0690913378028666,0.0911686621971334,5,0.116855,0.00852417016531881,0.0998066596693624,0.133903340330638,6,0,0
RL8_MOUSE,0.07362,0.00311091288310949,0.067398174233781,0.079841825766219,4,0.111205,0.00815765893219251,0.094889682135615,0.127520317864385,6,0,0
RLA0_MOUSE,0.06904,0.00330153517544944,0.0624369296491011,0.0756430703508989,9,0.073875,0.00452786438690879,0.0648192712261824,0.0829307287738176,6,0,0
RLA1_MOUSE,0.07849,0.00531967342980576,0.0678506531403885,0.0891293468596115,3,0.08235,0.00532822862193415,0.0716935427561317,0.0930064572438683,2,0,0
RLA2_MOUSE,0.089295,0.00484478788908345,0.0796054242218331,0.0989845757781669,6,0.1513,0.00459883055711051,0.142102338885779,0.160497661114221,5,0,0
RMD3_MOUSE,0.09347,0.0041174690972306,0.0852350618055388,0.101704938194461,3,0.16992,0.0123160813406431,0.145287837318714,0.194552162681286,2,0,0
ROA2_MOUSE,0.18937,0.0144399484135898,0.16049010317282,0.21824989682718,10,0.27398,0.0176819369524981,0.238616126095004,0.309343873904996,3,0,0
ROA3_MOUSE,0.221405,0.0179883262175859,0.185428347564828,0.257381652435172,4,0.32236,0.0177778678433032,0.286804264313394,0.357915735686606,4,0,0
RPN1_MOUSE,0.11797,0.00822723919598076,0.101515521608038,0.134424478391962,16,0.177275,0.0141608182619761,0.148953363476048,0.205596636523952,10,0,0
RPN2_MOUSE,0.108705,0.00694032736488541,0.0948243452702292,0.122585654729771,12,0.1474,0.00951152766742746,0.128376944665145,0.166423055334855,12,0,0
RRBP1_MOUSE,0.27897,0.0177902899923974,0.243389420015205,0.314550579984795,8,0.41074,0.0237834321454403,0.363173135709119,0.458306864290881,7,0,0
RS10_MOUSE,0.098,0.00386345201690093,0.0902730959661981,0.105726904033802,3,0.11692,0.00728588270598213,0.102348234588036,0.131491765411964,2,0,0
RS12_MOUSE,0.06183,0.00421738207432088,0.0533952358513582,0.0702647641486418,3,0.067955,0.00720988622258999,0.05353522755482,0.08237477244518,2,0,0
RS13_MOUSE,0.07825,0.00356717850296917,0.0711156429940617,0.0853843570059383,3,0.14659,0.00912149552679393,0.128347008946412,0.164832991053588,5,0,0
RS14_MOUSE,0.10452,0.00694963582777642,0.0906207283444472,0.118419271655553,3,0.149455,0.0121164197358133,0.125222160528373,0.173687839471627,2,0,0
RS16_MOUSE,0.06913,0.00580949611109766,0.0575110077778047,0.0807489922221953,3,0.16841,0.0115376666807486,0.145334666638503,0.191485333361497,2,0,0
RS17_MOUSE,0.08504,0.00488435286698071,0.0752712942660386,0.0948087057339614,4,0.11328,0.00866446098356901,0.095951078032862,0.130608921967138,2,0,0
RS18_MOUSE,0.08328,0.00600513595536071,0.0712697280892786,0.0952902719107214,7,0.13724,0.00930906371295328,0.118621872574093,0.155858127425907,3,0,0
RS19_MOUSE,0.08717,0.00481252223853229,0.0775449555229354,0.0967950444770646,4,0.129865,0.0088604705065324,0.112144058986935,0.147585941013065,2,0,0
RS20_MOUSE,0.0716,0.0038696389504095,0.063860722099181,0.079339277900819,3,0.09409,0.00445897003460322,0.0851720599307935,0.103007940069206,5,0,0
RS27L_MOUSE,0.11951,0.00849650914448283,0.102516981711034,0.136503018288966,2,0.29514,0.0204210802021992,0.254297839595602,0.335982160404398,2,0,0
RS28_MOUSE,0.100335,0.00564506241478564,0.0890448751704287,0.111625124829571,2,0.14968,0.0107001023545256,0.128279795290949,0.171080204709051,2,0,0
RS2_MOUSE,0.09363,0.00515848617375552,0.083313027652489,0.103946972347511,9,0.13923,0.00802084955663307,0.123188300886734,0.155271699113266,5,0,0
RS3_MOUSE,0.097575,0.00584984137618483,0.0858753172476303,0.10927468275237,10,0.08823,0.00658493333051796,0.0750601333389641,0.101399866661036,7,0,0
RS4X_MOUSE,0.07869,0.00437954577659949,0.069930908446801,0.087449091553199,8,0.10494,0.00835178242453766,0.0882364351509247,0.121643564849075,4,0,0
RS6_MOUSE,0.08589,0.00480536991330465,0.0762792601733907,0.0955007398266093,3,0.19713,0.0173064910175318,0.162517017964936,0.231742982035064,3,0,0
RS8_MOUSE,0.08583,0.00440944716063506,0.0770111056787299,0.0946488943212701,5,0.11807,0.00960436237672296,0.0988612752465541,0.137278724753446,5,0,0
RS9_MOUSE,0.087445,0.00636534340553457,0.0747143131889308,0.100175686811069,2,0.132715,0.0184775406450246,0.0957599187099508,0.169670081290049,2,0,0
RSSA_MOUSE,0.06466,0.00326091521313504,0.0581381695737299,0.0711818304262701,5,0.09511,0.00556753896259657,0.0839749220748068,0.106245077925193,4,0,0
RTCB_MOUSE,0.22378,0.0233848737873631,0.177010252425274,0.270549747574726,3,0.19886,0.0200286139756559,0.158802772048688,0.238917227951312,2,0,0
S14L2_MOUSE,0.22998,0.0115783966673776,0.206823206665245,0.253136793334755,9,0.33331,0.0237713460506757,0.285767307898649,0.380852692101351,13,0,0
S14L4_MOUSE,0.207975,0.0123762633149038,0.183222473370192,0.232727526629808,8,0.340655,0.0219092359102594,0.296836528179481,0.384473471820519,4,0,0
S27A2_MOUSE,0.33078,0.025605125268556,0.279569749462888,0.381990250537112,18,0.51145,0.0435674624405126,0.424315075118975,0.598584924881025,7,0,0
SAHH_MOUSE,0.21485,0.0118316709991684,0.191186658001663,0.238513341998337,27,0.33612,0.0236713163678847,0.288777367264231,0.383462632735769,17,0,0
SARDH_MOUSE,0.10002,0.00506944301266746,0.0898811139746651,0.110158886025335,50,0.12821,0.0079015340505042,0.112406931898992,0.144013068101008,19,0,0
SBP1_MOUSE,0.16519,0.0104867677020846,0.144216464595831,0.186163535404169,27,0.26889,0.0158337803919389,0.237222439216122,0.300557560783878,33,0,0
SC23A_MOUSE,0.167655,0.0149659154828838,0.137723169034232,0.197586830965768,8,0.22605,0.0229087267117934,0.180232546576413,0.271867453423587,6,0,0
SC31A_MOUSE,0.200495,0.0168312722901432,0.166832455419714,0.234157544580286,4,0.42876,0.0344299637117813,0.359900072576437,0.497619927423563,3,0,0
SCRN2_MOUSE,0.13039,0.0120269521103562,0.106336095779288,0.154443904220712,2,0.25275,0.0175224111250416,0.217705177749917,0.287794822250083,3,0,0
SDHA_MOUSE,0.13841,0.00954179360129357,0.119326412797413,0.157493587202587,19,0.219545,0.0146102606531545,0.190324478693691,0.248765521306309,16,0,0
SDHB_MOUSE,0.12895,0.00836526833277417,0.112219463334452,0.145680536665548,9,0.259295,0.0158891045391045,0.227516790921791,0.291073209078209,4,0,0
SDHL_MOUSE,0.256845,0.0194329515078369,0.217979096984326,0.295710903015674,8,0.44916,0.0354398490886829,0.378280301822634,0.520039698177366,5,0,0
SFXN1_MOUSE,0.11667,0.00557034605806747,0.105529307883865,0.127810692116135,6,0.181,0.0128313145696529,0.155337370860694,0.206662629139306,5,0,0
SND1_MOUSE,0.175405,0.0129313968571427,0.149542206285715,0.201267793714285,18,0.27383,0.0192798530321936,0.235270293935613,0.312389706064387,17,0,0
SODC_MOUSE,0.14006,0.00602765277324521,0.12800469445351,0.15211530554649,9,0.19831,0.0116706777372059,0.174968644525588,0.221651355474412,7,0,0
SODM_MOUSE,0.105,0.00482342727138077,0.0953531454572385,0.114646854542762,9,0.157265,0.0109315888497029,0.135401822300594,0.179128177699406,6,0,0
SOX_MOUSE,0.25216,0.0207032720067829,0.210753455986434,0.293566544013566,5,0.35826,0.0424277632563496,0.273404473487301,0.443115526512699,3,0,0
SPEB_MOUSE,0.10148,0.00575700388404173,0.0899659922319165,0.112994007768083,5,0.15177,0.0088809015020101,0.13400819699598,0.16953180300402,4,0,0
SPRE_MOUSE,0.15627,0.0086361629772872,0.138997674045426,0.173542325954574,9,0.22315,0.0153645675775785,0.192420864844843,0.253879135155157,5,0,0
SPS2_MOUSE,0.194705,0.0139663908603084,0.166772218279383,0.222637781720617,6,0.24352,0.0212858559942174,0.200948288011565,0.286091711988435,3,0,0
SPTN1_MOUSE,0.17917,0.010904558376604,0.157360883246792,0.200979116753208,13,0.269335,0.0209488057300024,0.227437388539995,0.311232611460005,6,0,0
SPYA_MOUSE,0.151205,0.013230985889241,0.124743028221518,0.177666971778482,8,0.28197,0.0230187514803919,0.235932497039216,0.328007502960784,3,0,0
SSDH_MOUSE,0.11414,0.00628695645305798,0.101566087093884,0.126713912906116,8,0.12423,0.00916976519228809,0.105890469615424,0.142569530384576,3,0,0
SSRD_MOUSE,0.14544,0.0103899460698837,0.124660107860233,0.166219892139767,3,0.26324,0.0190778459361815,0.225084308127637,0.301395691872363,2,0,0
ST1A1_MOUSE,0.25426,0.0188630062238603,0.216533987552279,0.291986012447721,7,0.46505,0.0405957316112919,0.383858536777416,0.546241463222584,3,0,0
ST1D1_MOUSE,0.17122,0.0171659633143602,0.13688807337128,0.20555192662872,3,0.331405,0.0281431763668713,0.275118647266257,0.387691352733743,2,0,0
STA10_MOUSE,0.19249,0.0129439425178786,0.166602114964243,0.218377885035757,9,0.259015,0.0271875309761535,0.204639938047693,0.313390061952307,4,0,0
STIP1_MOUSE,0.20283,0.0200437053209794,0.162742589358041,0.242917410641959,4,0.33219,0.0259496857231465,0.280290628553707,0.384089371446293,3,0,0
SUCA_MOUSE,0.09787,0.00534174487938921,0.0871865102412216,0.108553489758778,13,0.10216,0.0112354732370878,0.0796890535258243,0.124630946474176,5,0,0
SUCB1_MOUSE,0.12171,0.010672977191317,0.100364045617366,0.143055954382634,15,0.21571,0.0144767855525294,0.186756428894941,0.244663571105059,6,0,0
SUCB2_MOUSE,0.15168,0.0068079637396577,0.138064072520685,0.165295927479315,12,0.18834,0.00977286141967987,0.16879427716064,0.20788572283936,10,0,0
SUOX_MOUSE,0.09923,0.0057649901664076,0.0877000196671848,0.110759980332815,8,0.14607,0.0121999984946623,0.121670003010675,0.170469996989325,9,0,0
SURF4_MOUSE,0.266355,0.0141092217556484,0.238136556488703,0.294573443511297,4,0.53605,0.0369511347655098,0.46214773046898,0.60995226953102,3,0,0
SYDC_MOUSE,0.160975,0.0123747246762475,0.136225550647505,0.185724449352495,6,0.320075,0.0288702299738939,0.262334540052212,0.377815459947788,2,0,0
SYEP_MOUSE,0.1588,0.00770015450449973,0.143399690991001,0.174200309008999,5,0.28228,0.0187834050775435,0.244713189844913,0.319846810155087,12,0,0
SYNC_MOUSE,0.3285,0.0229514966366003,0.282597006726799,0.374402993273201,3,0.337135,0.0353212918324164,0.266492416335167,0.407777583664833,2,0,0
SYVC_MOUSE,0.09375,0.00430123544478043,0.0851475291104391,0.102352470889561,4,0.10646,0.00671823637097108,0.0930235272580578,0.119896472741942,3,0,0
TADBP_MOUSE,0.215,0.0208678768145356,0.173264246370929,0.256735753629071,3,0.37098,0.0395341405524475,0.291911718895105,0.450048281104895,2,0,0
TALDO_MOUSE,0.24764,0.0140883026841683,0.219463394631663,0.275816605368337,3,0.44099,0.0335496425666327,0.373890714866735,0.508089285133265,2,0,0
TBA1A_MOUSE,0.131555,0.0127317480013724,0.106091503997255,0.157018496002745,20,0.254015,0.0153893510948471,0.223236297810306,0.284793702189694,10,0,0
TBA1B_MOUSE,0.13132,0.00831193180675901,0.114696136386482,0.147943863613518,3,0.18291,0.019804733812969,0.143300532374062,0.222519467625938,5,0,0
TBA4A_MOUSE,0.20371,0.0129449719261583,0.177820056147683,0.229599943852317,5,0.39185,0.0252394350125795,0.341371129974841,0.442328870025159,2,0,0
TBB2A_MOUSE,0.11441,0.00797168008091593,0.0984666398381681,0.130353360161832,15,0.178995,0.0131681313445685,0.152658737310863,0.205331262689137,10,0,0
TCPA_MOUSE,0.23637,0.0241955070756665,0.187978985848667,0.284761014151333,5,0.40253,0.0400838940839337,0.322362211832133,0.482697788167867,4,0,0
TCPB_MOUSE,0.238825,0.0203442984318213,0.198136403136357,0.279513596863643,6,0.37963,0.0371715838562552,0.30528683228749,0.453973167712511,3,0,0
TCPD_MOUSE,0.21294,0.0174464953660975,0.178047009267805,0.247832990732195,4,0.30997,0.0216791846968156,0.266611630606369,0.353328369393631,3,0,0
TCPG_MOUSE,0.21761,0.0168496159105899,0.18391076817882,0.25130923182118,12,0.375225,0.0305258905578078,0.314173218884384,0.436276781115616,8,0,0
TECR_MOUSE,0.23381,0.0205276173024783,0.192754765395043,0.274865234604957,5,0.23289,0.0260953721643164,0.180699255671367,0.285080744328633,2,0,0
TERA_MOUSE,0.26671,0.0163574627937422,0.233995074412516,0.299424925587485,21,0.48361,0.0262563068573007,0.431097386285399,0.536122613714601,9,0,0
TGM2_MOUSE,0.160595,0.0108238215390545,0.138947356921891,0.182242643078109,6,0.29322,0.0237933085686048,0.24563338286279,0.34080661713721,7,0,0
THIC_MOUSE,0.16909,0.00969918309101185,0.149691633817976,0.188488366182024,11,0.24118,0.014776350055078,0.211627299889844,0.270732700110156,9,0,0
THIKA_MOUSE,0.30876,0.0238979702714338,0.260964059457132,0.356555940542867,17,0.51723,0.0440921252142285,0.429045749571543,0.605414250428457,3,0,0
THIL_MOUSE,0.10979,0.00593570337212651,0.097918593255747,0.121661406744253,20,0.17797,0.0121907002973121,0.153588599405376,0.202351400594624,12,0,0
THIM_MOUSE,0.105645,0.0048853351044948,0.0958743297910104,0.11541567020899,42,0.13836,0.00964651980025065,0.119066960399499,0.157653039600501,23,0,0
THNS2_MOUSE,0.12397,0.00833935949482144,0.107291281010357,0.140648718989643,3,0.23312,0.016832002039643,0.199455995920714,0.266784004079286,3,0,0
THTM_MOUSE,0.17582,0.0145310600006887,0.146757879998623,0.204882120001377,5,0.36641,0.0329492800069657,0.300511439986069,0.432308560013931,2,0,0
THTR_MOUSE,0.10574,0.00494841293277517,0.0958431741344496,0.11563682586555,11,0.17315,0.0114535174078132,0.150242965184374,0.196057034815626,11,0,0
TKFC_MOUSE,0.18826,0.0111164722168303,0.16602705556634,0.210492944433661,21,0.30073,0.0185406937545371,0.263648612490926,0.337811387509074,19,0,0
TKT_MOUSE,0.088825,0.00503657658273321,0.0787518468345336,0.0988981531654664,28,0.11073,0.00713751298557501,0.09645497402885,0.12500502597115,18,0,0
TLN1_MOUSE,0.24339,0.0167326058055098,0.20992478838898,0.27685521161102,3,0.36042,0.0291188485688801,0.30218230286224,0.41865769713776,7,0,0
TPIS_MOUSE,0.14432,0.00645153302505679,0.131416933949886,0.157223066050114,15,0.27305,0.01899864376841,0.23505271246318,0.31104728753682,11,0,0
TPMT_MOUSE,0.20256,0.0152345773373786,0.172090845325243,0.233029154674757,2,0.318345,0.0308986941677246,0.256547611664551,0.380142388335449,2,0,0
TRXR1_MOUSE,0.210035,0.023996432346943,0.162042135306114,0.258027864693886,2,0.379305,0.0281291946516663,0.323046610696667,0.435563389303333,4,0,0
TRXR2_MOUSE,0.104235,0.0104190193571298,0.0833969612857404,0.12507303871426,4,0.149885,0.0076729558791249,0.13453908824175,0.16523091175825,2,0,0
TTC38_MOUSE,0.2142,0.0162402792582011,0.181719441483598,0.246680558516402,10,0.28803,0.0302739416469195,0.227482116706161,0.348577883293839,3,0,0
TXTP_MOUSE,0.10613,0.00670274269565709,0.0927245146086858,0.119535485391314,5,0.18698,0.0186999932982695,0.149580013403461,0.224379986596539,3,0,0
UBA1_MOUSE,0.21765,0.0191890989715598,0.17927180205688,0.25602819794312,10,0.35744,0.0263430455644507,0.304753908871099,0.410126091128901,8,0,0
UBP5_MOUSE,0.208675,0.0169519169379674,0.174771166124065,0.242578833875935,2,0.28052,0.0294960058799531,0.221527988240094,0.339512011759906,3,0,0
UCRI_MOUSE,0.09027,0.00662429259213589,0.0770214148157282,0.103518585184272,8,0.20457,0.00953291101326097,0.185504177973478,0.223635822026522,2,0,0
UD11_MOUSE,0.21069,0.010548277508568,0.189593444982864,0.231786555017136,17,0.26936,0.0233285875874955,0.222702824825009,0.316017175174991,11,0,0
UD16_MOUSE,0.15012,0.0121315486520141,0.125856902695972,0.174383097304028,8,0.30119,0.0169357077840661,0.267318584431868,0.335061415568132,3,0,0
UD2A3_MOUSE,0.191345,0.0113050021711416,0.168734995657717,0.213955004342283,12,0.27443,0.0225304810842041,0.229369037831592,0.319490962168408,7,0,0
UDB17_MOUSE,0.24252,0.0172639625394089,0.207992074921182,0.277047925078818,27,0.40698,0.0351085771512883,0.336762845697423,0.477197154302577,3,0,0
UGDH_MOUSE,0.2581,0.0174725906970356,0.223154818605929,0.293045181394071,15,0.38092,0.0289060125754499,0.3231079748491,0.4387320251509,7,0,0
UGGG1_MOUSE,0.184295,0.0157669131729955,0.152761173654009,0.215828826345991,2,0.281815,0.0212632150725118,0.239288569854976,0.324341430145024,4,0,0
UGPA_MOUSE,0.23609,0.016191375044704,0.203707249910592,0.268472750089408,15,0.34501,0.0313274587013668,0.282355082597266,0.407664917402734,3,0,0
VDAC1_MOUSE,0.159105,0.00917384277838657,0.140757314443227,0.177452685556773,10,0.19047,0.0145338962702778,0.161402207459444,0.219537792540556,5,0,0
VDAC2_MOUSE,0.14593,0.00844179255091755,0.129046414898165,0.162813585101835,8,0.169915,0.0146682815472713,0.140578436905457,0.199251563094543,4,0,0
VDAC3_MOUSE,0.15331,0.00998102349438089,0.133347953011238,0.173272046988762,8,0.23744,0.0154242857275526,0.206591428544895,0.268288571455105,3,0,0
VIME_MOUSE,0.07274,0.00551345899428377,0.0617130820114325,0.0837669179885675,3,0.08852,0.010564060517489,0.067391878965022,0.109648121034978,3,0,0
VINC_MOUSE,0.129195,0.00876449831949283,0.111666003361014,0.146723996638986,8,0.17825,0.0178187649205761,0.142612470158848,0.213887529841152,5,0,0
VWA8_MOUSE,0.13565,0.00853772329965889,0.118574553400682,0.152725446599318,5,0.23306,0.0175315172910978,0.197996965417804,0.268123034582196,8,0,0
XDH_MOUSE,0.20525,0.0221798124520464,0.160890375095907,0.249609624904093,3,0.31773,0.0236015732845287,0.270526853430943,0.364933146569057,3,0,0
XYLB_MOUSE,0.160695,0.0109139917141207,0.138867016571759,0.182522983428241,8,0.227255,0.0158582945797631,0.195538410840474,0.258971589159526,6,0,0
