sp|K22E_HUMAN|
sp|K22E_HUMAN|
, , , , , , , , , , , ,Liver_HW_2h_L0, , , , , , , , , , , , , , , ,Liver_HW_2h_L1, , , , , , , , , , , , , , , ,Liver_HW_2h_L2, , , , , , , , , , , , , , , ,Liver_HW_2h_L3, , , , , , , , , , , , , , , ,Liver_HW_2h_L6, , , , , , , , , , , , , , , ,Liver_HW_2h_L7, , , , , , , , , , , , , , , ,Liver_HW_2h_L9, , , , , , , , , , , , , , , ,Liver_HW_2h_L13, , , , , , , , , , , , , , , ,Liver_HW_2h_L16, , , , , , , , , , , , , , , ,Liver_HW_2h_L21, , , , , , , , , , , , , , , ,Liver_HW_2h_L24, , , , , , , , , , , , , , , ,Liver_HW_2h_L31, , , , , , , , , , , , , , , , 
Peptide, UniqueToProtein, Exchangeable Hydrogens, Charge, m/z(Sequence), M0, M1, M2, M3, M4, M5, Total Labeling, m/z(Precursor), IonScore, Expectn, Error(ppm), Scan, I0, I1, I2, I3, I4, I5, Start Elution (min), End Elution (min), I0 Peak Width, Total Labeling, Net Labeling,m/z(Precursor), IonScore, Expectn, Error(ppm), Scan, I0, I1, I2, I3, I4, I5, Start Elution (min), End Elution (min), I0 Peak Width, Total Labeling, Net Labeling,m/z(Precursor), IonScore, Expectn, Error(ppm), Scan, I0, I1, I2, I3, I4, I5, Start Elution (min), End Elution (min), I0 Peak Width, Total Labeling, Net Labeling,m/z(Precursor), IonScore, Expectn, Error(ppm), Scan, I0, I1, I2, I3, I4, I5, Start Elution (min), End Elution (min), I0 Peak Width, Total Labeling, Net Labeling,m/z(Precursor), IonScore, Expectn, Error(ppm), Scan, I0, I1, I2, I3, I4, I5, Start Elution (min), End Elution (min), I0 Peak Width, Total Labeling, Net Labeling,m/z(Precursor), IonScore, Expectn, Error(ppm), Scan, I0, I1, I2, I3, I4, I5, Start Elution (min), End Elution (min), I0 Peak Width, Total Labeling, Net Labeling,m/z(Precursor), IonScore, Expectn, Error(ppm), Scan, I0, I1, I2, I3, I4, I5, Start Elution (min), End Elution (min), I0 Peak Width, Total Labeling, Net Labeling,m/z(Precursor), IonScore, Expectn, Error(ppm), Scan, I0, I1, I2, I3, I4, I5, Start Elution (min), End Elution (min), I0 Peak Width, Total Labeling, Net Labeling,m/z(Precursor), IonScore, Expectn, Error(ppm), Scan, I0, I1, I2, I3, I4, I5, Start Elution (min), End Elution (min), I0 Peak Width, Total Labeling, Net Labeling,m/z(Precursor), IonScore, Expectn, Error(ppm), Scan, I0, I1, I2, I3, I4, I5, Start Elution (min), End Elution (min), I0 Peak Width, Total Labeling, Net Labeling,m/z(Precursor), IonScore, Expectn, Error(ppm), Scan, I0, I1, I2, I3, I4, I5, Start Elution (min), End Elution (min), I0 Peak Width, Total Labeling, Net Labeling,m/z(Precursor), IonScore, Expectn, Error(ppm), Scan, I0, I1, I2, I3, I4, I5, Start Elution (min), End Elution (min), I0 Peak Width, Total Labeling, Net Labeling
HGGGGGGFGGGGFGSR,Yes, 32, 3,  440.86581,47.484,33.823,13.589,3.960,0.925,0.182,77.492, 440.86708,   35.58000, 6.900000e-04, -2.9, 10007,1.567510e+08,1.164558e+08,4.166455e+07,1.340373e+07,1.920947e+06,0.000000e+00,22.264410, 22.427422,0.000100,0.426255,0.006260, 440.86765,   33.41000, 1.700000e-03, -4.2, 9954,1.136355e+08,7.428660e+07,3.174783e+07,7.800751e+06,5.884830e+05,0.000000e+00,22.170609, 22.346722,0.000100,0.395305,-0.000000, 440.86786,   40.46000, 5.900000e-04, -4.7, 9980,3.685352e+07,2.243897e+07,7.328472e+06,1.676083e+06,9.258189e+05,2.417670e+05,21.861361, 22.358526,0.000100,0.378445,0.006340, 440.86826,   20.01000, 1.400000e-02, -5.6, 9921,1.945360e+07,1.279010e+07,5.228069e+06,1.247665e+06,9.626010e+05,3.127320e+05,21.788460, 22.345495,0.000100,0.396670,0.026176, 440.86773,   40.09000, 5.100000e-04, -4.4, 9893,2.887088e+07,1.940320e+07,6.393906e+06,1.315700e+06,3.201760e+05,0.000000e+00,22.258022, 22.393570,0.000100,0.401938,-0.000000, 440.86708,    0.00000, 0.000000e+00, -2.9, 10007,2.482559e+07,1.825259e+07,5.685792e+06,1.116327e+06,2.940910e+05,0.000000e+00,21.951988, 22.440132,0.000100,0.423709,-0.000000, 440.86708,    0.00000, 0.000000e+00, -2.9, 10007,2.639712e+07,1.709595e+07,5.436885e+06,1.461512e+06,2.023290e+05,0.000000e+00,22.266916, 22.675816,0.000100,0.393073,0.000000, 440.86664,   40.06000, 7.900000e-04, -1.9, 10026,3.973498e+07,2.414253e+07,9.391392e+06,1.957230e+06,5.473030e+05,0.000000e+00,22.045969, 22.589930,0.000100,0.377950,0.000000, 440.86617,   38.16000, 1.000000e-03, -0.8, 9913,2.020499e+07,1.281487e+07,6.451945e+06,5.527980e+05,1.865210e+05,0.000000e+00,22.152527, 22.416992,0.000100,0.388096,0.000816, 440.86770,   29.56000, 2.500000e-03, -4.3, 9961,3.546522e+07,2.016912e+07,8.892520e+06,9.104870e+05,0.000000e+00,0.000000e+00,22.073841, 22.604607,0.000100,0.362530,-0.000000, 440.86812,   33.59000, 9.700000e-04, -5.2, 9948,1.985280e+07,1.145083e+07,3.129013e+06,7.027440e+05,2.055630e+05,0.000000e+00,22.012177, 22.563044,0.000100,0.365799,0.000000, 440.86895,    21.10000, 2.200000e-02, -7.1, 9996, 3.666690e+07,2.207902e+07,8.455647e+06,1.795492e+06,0.000000e+00,0.000000e+00,22.540758, 22.706985,0.000100,0.375839,-0.000000,
HGGGGGGFGGGGFGSR,Yes, 32, 2,  660.79508,47.484,33.823,13.589,3.960,0.925,0.182,77.492, 660.79714,   95.24000, 4.000000e-09, -3.1, 10012,3.944274e+07,2.665902e+07,1.155273e+07,2.189127e+06,0.000000e+00,0.000000e+00,22.264410, 22.403814,0.000100,0.403303,-0.000000, 660.79827,   58.45000, 3.500000e-06, -4.8, 9956,3.522005e+07,2.785514e+07,1.002842e+07,1.739591e+06,0.000000e+00,0.000000e+00,21.702175, 22.298138,0.000100,0.441618,0.032353, 660.79910,   42.46000, 1.200000e-04, -6.1, 9957,9.433505e+06,7.163120e+06,2.849758e+06,0.000000e+00,0.000000e+00,0.000000e+00,22.242571, 22.312098,0.000100,0.431601,0.013757, 660.79714,    0.00000, 0.000000e+00, -3.1, 10012,6.503160e+05,1.355985e+06,2.661260e+05,0.000000e+00,0.000000e+00,0.000000e+00,22.298019, 22.298019,0.000100,0.675863,0.412142, 660.79714,    0.00000, 0.000000e+00, -3.1, 10012,4.434224e+06,3.468285e+06,1.893317e+06,1.947680e+05,0.000000e+00,0.000000e+00,22.305750, 22.332766,0.000100,0.438884,0.095984, 660.79828,   28.02000, 2.400000e-03, -4.8, 9933,3.649828e+06,2.168457e+06,1.091152e+06,0.000000e+00,0.000000e+00,0.000000e+00,22.341970, 22.416096,0.000100,0.372697,-0.000000, 660.79718,   39.02000, 2.200000e-04, -3.2, 10085,1.521513e+06,1.334040e+06,6.730030e+05,0.000000e+00,0.000000e+00,0.000000e+00,22.637939, 22.637939,0.000100,0.467174,0.131725, 660.79781,   62.87000, 1.400000e-06, -4.1, 10031,8.881340e+06,6.555733e+06,2.638011e+06,0.000000e+00,0.000000e+00,0.000000e+00,22.466782, 22.514095,0.000100,0.424675,0.000000, 660.79714,    0.00000, 0.000000e+00, -3.1, 10012,6.442728e+06,5.575255e+06,1.902513e+06,1.750700e+05,0.000000e+00,0.000000e+00,21.158169, 22.373901,0.000100,0.463909,0.069039, 660.79714,    0.00000, 0.000000e+00, -3.1, 10012,8.782530e+06,6.651888e+06,2.426320e+06,2.607790e+05,0.000000e+00,0.000000e+00,22.514370, 22.583376,0.000100,0.430978,0.006196, 660.79714,    0.00000, 0.000000e+00, -3.1, 10012,2.696310e+05,5.397250e+05,2.094400e+05,0.000000e+00,0.000000e+00,0.000000e+00,21.334429, 21.334429,0.000100,0.666857,0.465323, 660.79993,    67.78000, 4.600000e-07, -7.3, 9985, 6.245385e+06,4.023161e+06,1.525794e+06,0.000000e+00,0.000000e+00,0.000000e+00,22.564159, 22.651031,0.000100,0.391795,0.000000,
NLDLDSIIAEVK,No, 20, 2,  665.36664,46.616,33.792,14.036,4.257,1.039,0.215,79.865, 665.37080,   37.00000, 5.900000e-03, -6.3, 39254,3.742997e+08,2.717884e+08,7.801302e+07,3.932712e+07,0.000000e+00,0.000000e+00,64.328568, 64.802727,0.000100,0.420668,-0.000000, 665.36983,   53.64000, 3.100000e-03, -4.8, 39371,7.391084e+07,5.545786e+07,1.490269e+07,9.490320e+05,3.994970e+05,0.000000e+00,64.361382, 64.436707,0.000100,0.428681,0.000000, 665.87341,   33.29000, 8.300000e-03, -762.2, 39481,6.693125e+06,3.134222e+06,1.492107e+06,1.162118e+06,0.000000e+00,0.000000e+00,65.373947, 65.373947,0.000100,0.318929,0.052883, 665.37080,    0.00000, 0.000000e+00, -6.3, 39254,9.291250e+05,3.056290e+05,1.903526e+06,0.000000e+00,0.000000e+00,0.000000e+00,63.508755, 63.508755,0.000100,0.247522,0.539706, 665.37080,    0.00000, 0.000000e+00, -6.3, 39254,4.142631e+06,3.140439e+06,2.291968e+06,1.349014e+06,0.000000e+00,0.000000e+00,65.550278, 65.550278,0.000100,0.431197,0.212418, 665.37080,    0.00000, 0.000000e+00, -6.3, 39254,0.000000e+00,0.000000e+00,0.000000e+00,0.000000e+00,0.000000e+00,0.000000e+00,3878.003418, 3878.003418,0.000000,0.000000,0.000000, 665.37080,    0.00000, 0.000000e+00, -6.3, 39254,1.084140e+06,4.011320e+05,5.475580e+05,0.000000e+00,0.000000e+00,0.000000e+00,63.585960, 63.585960,0.000100,0.270073,0.120031, 665.87024,   37.30000, 1.300000e-02, -757.5, 39204,5.351586e+06,4.167503e+06,1.271353e+06,0.000000e+00,0.000000e+00,0.000000e+00,64.920906, 64.946442,0.000100,0.437805,-0.000000, 665.37080,    0.00000, 0.000000e+00, -6.3, 39254,1.528361e+06,5.417840e+05,1.703082e+06,0.000000e+00,0.000000e+00,0.000000e+00,64.913681, 64.913681,0.000100,0.261713,0.358866, 665.37080,    0.00000, 0.000000e+00, -6.3, 39254,0.000000e+00,0.000000e+00,0.000000e+00,0.000000e+00,0.000000e+00,0.000000e+00,3862.593262, 3862.593262,0.000000,0.000000,0.000000, 665.37080,    0.00000, 0.000000e+00, -6.3, 39254,2.800669e+07,1.552230e+07,5.385110e+07,3.098599e+07,1.352487e+07,6.668027e+06,65.278687, 65.377991,0.000100,0.356597,0.640259, 665.37080,     0.00000, 0.000000e+00, -6.3, 39254, 5.375728e+07,1.472636e+07,8.604756e+07,4.951188e+07,2.161112e+07,1.065470e+07,65.545250, 65.621742,0.000100,0.215035,0.633438,
FLEQQNQVLQTK,No, 24, 2,  738.39627,42.452,34.765,15.845,5.205,1.364,0.301,89.033, 738.39929,   69.77000, 7.300000e-07, -4.1, 18309,1.184938e+09,9.377352e+08,3.971433e+08,1.314549e+08,3.090817e+07,0.000000e+00,34.277859, 34.513363,0.000100,0.441771,-0.000000, 738.40103,   64.11000, 3.700000e-06, -6.4, 18430,8.602247e+08,6.816584e+08,2.827802e+08,9.741163e+07,2.171685e+07,2.650759e+06,34.471443, 34.689819,0.000100,0.442095,-0.000000, 738.40245,   65.68000, 5.400000e-06, -8.4, 18320,2.864910e+08,2.361080e+08,1.023987e+08,3.081414e+07,2.606166e+06,0.000000e+00,34.254925, 34.433483,0.000100,0.451796,0.000000, 738.40457,   46.36000, 9.700000e-05, -11.3, 18254,1.415991e+08,1.179223e+08,4.792352e+07,1.600731e+07,1.116740e+06,0.000000e+00,34.418697, 34.618683,0.000100,0.454384,0.000000, 738.40419,   61.45000, 6.500000e-06, -10.7, 18234,2.302664e+08,1.786981e+08,7.858702e+07,2.591304e+07,2.935876e+06,0.000000e+00,34.510452, 34.707355,0.000100,0.436953,0.000000, 738.40200,   45.36000, 1.100000e-04, -7.8, 18261,1.371231e+08,1.052653e+08,5.276154e+07,1.587559e+07,1.172720e+06,0.000000e+00,34.535049, 34.781506,0.000100,0.434283,0.004057, 738.40263,   65.54000, 4.900000e-06, -8.6, 18314,2.765495e+08,2.376004e+08,9.479782e+07,3.098582e+07,2.963777e+06,4.756410e+05,34.399853, 34.768993,0.000100,0.462123,0.000000, 738.40153,   61.38000, 3.700000e-06, -7.1, 18363,4.233238e+08,3.417605e+08,1.463526e+08,5.139253e+07,9.111547e+06,0.000000e+00,34.741753, 34.934479,0.000100,0.446697,-0.000000, 738.90363,   62.77000, 4.900000e-06, -687.6, 18280,2.623136e+08,2.008727e+08,8.866282e+07,3.223762e+07,4.309006e+06,0.000000e+00,34.630871, 34.801609,0.000100,0.433676,-0.000000, 738.40479,   45.74000, 6.900000e-05, -11.5, 18250,3.378047e+08,2.720339e+08,1.190104e+08,3.828499e+07,7.601085e+06,0.000000e+00,34.741955, 34.932507,0.000100,0.446075,0.000000, 738.40445,   51.01000, 2.700000e-05, -11.1, 18441,1.485688e+08,1.101042e+08,5.275073e+07,1.774692e+07,2.980126e+06,0.000000e+00,34.729156, 35.077087,0.000100,0.425650,0.000000, 738.40326,    53.57000, 2.300000e-05, -9.5, 18347, 2.728739e+08,2.120662e+08,9.498202e+07,2.894599e+07,6.643818e+06,0.000000e+00,34.852268, 35.060787,0.000100,0.437304,-0.000000,
GSSSGGGYSSGSSSYGSGGR,Yes, 44, 2,  870.85644,39.741,34.299,17.179,6.310,1.873,0.473,97.443, 870.85881,  106.03000, 1.100000e-10, -2.7, 7462,1.928748e+07,1.688485e+07,8.494517e+06,2.576066e+06,3.987190e+05,0.000000e+00,18.516504, 18.720097,0.000100,0.466789,-0.000000, 870.86096,   96.18000, 1.000000e-09, -5.2, 7356,7.921084e+06,6.077564e+06,3.060861e+06,2.476770e+05,0.000000e+00,0.000000e+00,18.411961, 18.495861,0.000100,0.434154,-0.000000, 870.86011,   36.09000, 4.100000e-04, -4.2, 7310,7.098650e+05,5.238460e+05,2.976490e+05,0.000000e+00,0.000000e+00,0.000000e+00,18.408562, 18.466589,0.000100,0.424610,0.000000, 870.85881,    0.00000, 0.000000e+00, -2.7, 7462,0.000000e+00,0.000000e+00,0.000000e+00,0.000000e+00,0.000000e+00,0.000000e+00,1117.861206, 1117.861206,0.000000,0.000000,0.000000, 870.85956,   80.83000, 2.600000e-08, -3.6, 7339,8.150770e+05,1.038483e+06,6.446000e+05,0.000000e+00,0.000000e+00,0.000000e+00,18.570633, 18.625719,0.000100,0.560264,0.221041, 871.36188,   84.19000, 1.600000e-08, -580.7, 7359,8.259570e+05,1.576263e+06,3.339620e+05,0.000000e+00,0.000000e+00,0.000000e+00,18.585344, 18.610382,0.000100,0.656169,0.218761, 871.35986,  101.43000, 3.700000e-10, -578.4, 7466,2.294957e+06,1.119106e+06,7.793180e+05,3.403460e+05,0.000000e+00,0.000000e+00,18.823767, 18.877882,0.000100,0.327793,-0.000000, 871.35883,   83.63000, 1.400000e-08, -577.2, 7504,8.500250e+06,7.375926e+06,4.414157e+06,6.772200e+05,0.000000e+00,0.000000e+00,18.803394, 18.928993,0.000100,0.464591,0.017825, 871.35785,   81.33000, 2.400000e-08, -576.1, 7406,1.016929e+06,6.584170e+05,7.273660e+05,0.000000e+00,0.000000e+00,0.000000e+00,18.664331, 18.671432,0.000100,0.393004,0.083983, 870.85974,   50.69000, 1.800000e-05, -3.8, 7497,1.477399e+06,6.090140e+05,4.409360e+05,0.000000e+00,0.000000e+00,0.000000e+00,18.801588, 18.843555,0.000100,0.291895,0.000000, 870.85881,    0.00000, 0.000000e+00, -2.7, 7462,0.000000e+00,0.000000e+00,0.000000e+00,0.000000e+00,0.000000e+00,0.000000e+00,1113.292236, 1113.292236,0.000000,0.000000,0.000000, 870.86139,    62.62000, 1.600000e-06, -5.7, 7367, 1.256956e+06,5.790460e+05,3.847990e+05,0.000000e+00,0.000000e+00,0.000000e+00,18.736481, 18.797016,0.000100,0.315384,-0.000000,
GGSGGGGSISGGGYGSGGGSGGR,Yes, 48, 2,  871.37789,39.917,34.433,17.081,6.194,1.810,0.449,96.663, 871.38025,   68.92000, 3.600000e-07, -2.7, 8157,5.325926e+07,4.616434e+07,1.975462e+07,7.573025e+06,1.671287e+06,1.430660e+05,19.462706, 19.799921,0.000100,0.464320,-0.000000, 871.38025,    0.00000, 0.000000e+00, -2.7, 8157,1.556778e+07,1.510178e+07,6.932938e+06,2.161762e+06,3.125650e+05,0.000000e+00,19.368361, 19.587706,0.000100,0.492403,0.040611, 871.38025,    0.00000, 0.000000e+00, -2.7, 8157,5.514344e+06,1.122644e+07,8.700538e+06,3.431583e+06,1.123991e+06,1.696380e+05,19.270451, 19.603918,0.000100,0.670604,0.554434, 871.38025,    0.00000, 0.000000e+00, -2.7, 8157,1.162516e+06,2.789773e+06,2.092765e+06,7.706790e+05,2.200440e+05,0.000000e+00,19.333517, 19.411386,0.000100,0.705863,0.596132, 871.38025,    0.00000, 0.000000e+00, -2.7, 8157,4.750508e+06,5.926083e+06,3.979343e+06,1.595011e+06,3.542230e+05,0.000000e+00,19.286966, 19.695721,0.000100,0.555054,0.301707, 871.88110,   55.34000, 6.500000e-06, -577.8, 8069,3.969589e+06,7.551728e+06,5.047659e+06,2.006786e+06,5.069190e+05,2.102430e+05,19.388083, 19.742023,0.000100,0.655457,0.487614, 871.38035,   72.91000, 1.500000e-07, -2.8, 8189,6.014848e+06,8.019807e+06,6.435907e+06,2.761332e+06,4.837050e+05,0.000000e+00,19.639996, 20.001261,0.000100,0.571429,0.392668, 871.88019,   92.73000, 2.000000e-09, -576.8, 8213,1.265608e+07,1.129679e+07,5.363257e+06,1.578798e+06,1.397310e+05,0.000000e+00,19.703568, 19.991838,0.000100,0.471626,-0.000000, 871.87854,   71.67000, 2.300000e-07, -574.9, 8082,4.268861e+06,6.376546e+06,4.980790e+06,2.429805e+06,4.151330e+05,0.000000e+00,19.407467, 19.761919,0.000100,0.598995,0.443179, 871.37915,   49.23000, 3.000000e-05, -1.4, 8172,4.728255e+06,5.656013e+06,3.606826e+06,7.471690e+05,2.825380e+05,0.000000e+00,19.588583, 19.911440,0.000100,0.544671,0.235220, 871.38025,    0.00000, 0.000000e+00, -2.7, 8157,1.852204e+06,5.458996e+06,3.971663e+06,1.754257e+06,7.250450e+05,0.000000e+00,19.583742, 19.902533,0.000100,0.746662,0.662468, 871.88263,    17.68000, 2.200000e-02, -579.6, 8090, 6.076150e+06,5.964353e+06,3.127949e+06,7.781970e+05,1.410730e+05,0.000000e+00,19.725677, 19.963097,0.000100,0.495357,0.074726,
PINLEPIFQGYIDSLK,Yes, 27, 3,  616.33648,32.646,35.093,20.318,8.324,2.689,0.725,115.082, 616.33820,   44.03000, 9.000000e-05, -2.8, 44951,5.460659e+07,4.658632e+07,2.507404e+07,1.040387e+07,2.336402e+06,1.907120e+05,72.768532, 73.102356,0.000100,0.460371,0.000000, 616.33954,   41.11000, 1.800000e-04, -5.0, 45148,3.625175e+07,3.008213e+07,1.710165e+07,7.844157e+06,1.577656e+06,2.083450e+05,72.693550, 73.230827,0.000100,0.453496,-0.000000, 616.34167,   31.83000, 1.200000e-03, -8.4, 45201,9.382439e+06,6.679020e+06,4.824984e+06,1.994010e+06,2.297510e+05,0.000000e+00,72.043297, 72.549301,0.000100,0.415841,0.000000, 616.33820,    0.00000, 0.000000e+00, -2.8, 44951,1.243353e+07,7.505374e+06,3.685355e+06,2.809235e+06,8.881030e+05,0.000000e+00,71.974197, 72.486237,0.000100,0.376419,0.023576, 616.33996,   19.65000, 1.400000e-02, -5.7, 44817,7.981231e+06,6.815916e+06,3.705064e+06,1.397908e+06,6.001910e+05,0.000000e+00,72.169739, 72.298264,0.000100,0.460624,0.000000, 616.33820,    0.00000, 0.000000e+00, -2.8, 44951,2.211303e+07,1.807896e+07,1.005037e+07,4.113696e+06,2.200369e+06,2.390690e+05,72.241219, 72.499352,0.000100,0.449815,0.011406, 616.33731,   18.65000, 1.800000e-02, -1.3, 45055,8.414689e+06,5.501048e+06,4.081335e+06,2.466845e+06,9.721800e+05,0.000000e+00,72.453094, 72.987007,0.000100,0.395311,0.068362, 616.33820,    0.00000, 0.000000e+00, -2.8, 44951,4.295839e+07,3.355442e+07,2.192202e+07,1.224889e+07,5.194842e+06,9.875040e+05,72.406158, 72.662674,0.000100,0.438546,0.054969, 616.33892,   16.49000, 2.800000e-02, -4.0, 44950,1.795302e+07,1.496252e+07,9.000066e+06,6.363079e+06,2.027520e+06,8.039380e+05,72.491837, 72.619881,0.000100,0.454573,0.079628, 616.67627,   27.54000, 3.100000e-03, -551.9, 44754,1.606373e+07,1.165618e+07,6.136344e+06,2.735248e+06,9.923700e+05,1.726050e+05,72.467369, 72.621841,0.000100,0.420498,-0.000000, 616.33820,    0.00000, 0.000000e+00, -2.8, 44951,7.868923e+06,7.096903e+06,4.036339e+06,2.376945e+06,9.880940e+05,3.574450e+05,72.921021, 73.405273,0.000100,0.474207,0.058832, 616.67517,    18.40000, 1.900000e-02, -550.1, 45259, 8.188618e+06,7.226775e+06,4.349137e+06,2.577511e+06,5.090200e+05,0.000000e+00,73.017609, 73.197052,0.000100,0.468803,0.026791,
VGTRPINLEPIFQGYIDSLK,Yes, 33, 3,  754.08271,25.904,33.605,23.192,11.232,4.264,1.346,137.470, 754.08592,   43.14000, 1.300000e-04, -4.3, 38460,9.452494e+07,1.222375e+08,7.808960e+07,3.520188e+07,1.691318e+07,1.810011e+06,63.154465, 63.500912,0.000100,0.563924,0.000000, 754.42035,   39.24000, 3.200000e-04, -448.1, 38539,7.389172e+07,8.957781e+07,6.411663e+07,2.490323e+07,7.867177e+06,1.590274e+06,63.163979, 63.483547,0.000100,0.547979,0.000000, 754.42023,   33.49000, 9.400000e-04, -448.0, 38693,1.586099e+07,2.118589e+07,1.116761e+07,4.253258e+06,0.000000e+00,0.000000e+00,63.304920, 63.527512,0.000100,0.571867,-0.000000, 754.08592,    0.00000, 0.000000e+00, -4.3, 38460,0.000000e+00,0.000000e+00,0.000000e+00,0.000000e+00,0.000000e+00,0.000000e+00,3792.960693, 3792.960693,0.000000,0.000000,0.000000, 754.75452,   21.70000, 9.200000e-03, -891.7, 38413,7.503677e+06,8.833947e+06,6.796955e+06,2.234912e+06,6.708790e+05,0.000000e+00,63.607746, 63.732937,0.000100,0.540712,-0.000000, 754.41815,   28.68000, 2.200000e-03, -445.2, 38463,3.616342e+06,3.915420e+06,2.390144e+06,2.291870e+05,1.674628e+05,0.000000e+00,63.714504, 63.839676,0.000100,0.519854,0.000000, 754.08386,   29.08000, 2.000000e-03, -1.5, 38490,8.160325e+06,1.017279e+07,8.406210e+06,2.084812e+06,4.022190e+05,0.000000e+00,63.685658, 63.809055,0.000100,0.554886,-0.000000, 754.08592,    0.00000, 0.000000e+00, -4.3, 38460,1.035192e+07,1.499783e+07,1.065346e+07,2.694707e+06,2.858220e+05,0.000000e+00,63.794590, 63.975716,0.000100,0.591636,-0.000000, 754.42206,   18.76000, 2.200000e-02, -450.4, 38505,6.621860e+06,1.044410e+07,5.519278e+06,0.000000e+00,0.000000e+00,0.000000e+00,63.758667, 63.932941,0.000100,0.611984,-0.000000, 754.42230,   27.24000, 2.800000e-03, -450.7, 38343,4.667846e+06,8.095290e+06,4.823059e+06,4.810830e+05,0.000000e+00,0.000000e+00,63.800999, 64.000839,0.000100,0.634271,0.000000, 754.08592,    0.00000, 0.000000e+00, -4.3, 38460,2.648540e+05,9.728990e+05,2.771950e+05,0.000000e+00,0.000000e+00,0.000000e+00,64.233833, 64.233833,0.000100,0.786020,-0.000000, 754.41925,    17.98000, 2.100000e-02, -446.7, 38768, 5.804200e+06,9.159056e+06,5.859860e+06,0.000000e+00,0.000000e+00,0.000000e+00,64.292320, 64.435310,0.000100,0.612103,-0.000000,
GSGFGGGSGFGGGSGFSGGGFGGGGFGGGR,Yes, 56, 3,  800.34436,25.339,33.176,23.340,11.598,4.539,1.482,140.216, 800.34768,   59.12000, 2.900000e-06, -4.1, 30528,4.561888e+07,5.998668e+07,4.377600e+07,1.794248e+07,6.597319e+06,4.449560e+05,51.704857, 51.874294,0.000100,0.568026,0.000000, 800.68207,  104.20000, 2.300000e-10, -422.3, 30474,3.141005e+07,4.144018e+07,3.458780e+07,1.065371e+07,3.318784e+06,9.843150e+05,51.560692, 51.751694,0.000100,0.568841,0.007401, 800.34852,   57.68000, 3.900000e-06, -5.2, 30622,1.002012e+07,1.769801e+07,1.247654e+07,1.578939e+06,4.974210e+05,0.000000e+00,51.700195, 51.794498,0.000100,0.638499,-0.000000, 800.34768,    0.00000, 0.000000e+00, -4.1, 30528,0.000000e+00,0.000000e+00,0.000000e+00,0.000000e+00,0.000000e+00,0.000000e+00,3105.859131, 3105.859131,0.000000,0.000000,0.000000, 800.34768,    0.00000, 0.000000e+00, -4.1, 30528,5.264671e+06,6.534947e+06,4.252650e+06,1.218925e+06,0.000000e+00,0.000000e+00,51.942837, 51.990295,0.000100,0.553827,0.000000, 800.34768,    0.00000, 0.000000e+00, -4.1, 30528,2.626979e+06,3.441662e+06,2.625619e+06,3.518840e+05,0.000000e+00,0.000000e+00,51.919785, 51.968685,0.000100,0.567122,-0.000000, 800.68073,   43.12000, 9.000000e-05, -420.6, 30522,3.045578e+06,4.305254e+06,2.926223e+06,1.065140e+06,0.000000e+00,0.000000e+00,52.068649, 52.092587,0.000100,0.585683,-0.000000, 800.68079,   55.48000, 7.200000e-06, -420.7, 30506,8.122943e+06,9.128748e+06,7.367488e+06,0.000000e+00,0.000000e+00,0.000000e+00,52.236053, 52.309822,0.000100,0.529151,0.000000, 800.34768,    0.00000, 0.000000e+00, -4.1, 30528,3.731420e+06,5.023116e+06,4.328307e+06,8.287760e+05,4.550410e+05,0.000000e+00,52.141712, 52.190250,0.000100,0.573773,0.000000, 800.34768,    0.00000, 0.000000e+00, -4.1, 30528,2.742808e+06,3.455949e+06,3.354727e+06,7.793800e+05,0.000000e+00,0.000000e+00,52.212456, 52.235729,0.000100,0.557523,0.010663, 800.34768,    0.00000, 0.000000e+00, -4.1, 30528,3.552977e+06,3.014602e+06,2.392141e+06,8.865910e+05,0.000000e+00,0.000000e+00,52.479202, 52.502586,0.000100,0.459013,0.000000, 800.34768,     0.00000, 0.000000e+00, -4.1, 30528, 6.501430e+06,1.111737e+07,6.651630e+06,1.679263e+06,0.000000e+00,0.000000e+00,52.474270, 52.569733,0.000100,0.630995,0.000000,
GSGFGGGSGFGGGSGFSGGGFGGGGFGGGR,Yes, 56, 2, 1200.01291,25.339,33.176,23.340,11.598,4.539,1.482,140.216,1200.02280,  119.27000, 6.600000e-12, -8.2, 30516,2.696181e+07,3.529373e+07,2.276549e+07,1.199598e+07,1.582757e+06,0.000000e+00,51.681446, 51.850147,0.000100,0.566917,0.000000,1200.02136,  137.81000, 1.200000e-13, -7.0, 30479,2.255134e+07,2.639913e+07,1.943597e+07,9.786001e+06,1.541066e+06,0.000000e+00,51.584972, 51.727161,0.000100,0.539303,-0.000000,1201.02222,   76.84000, 6.200000e-08, -841.4, 30647,4.674118e+06,8.738499e+06,6.177389e+06,1.038700e+06,0.000000e+00,0.000000e+00,51.700195, 51.770203,0.000100,0.651513,0.006982,1200.02280,    0.00000, 0.000000e+00, -8.2, 30516,0.000000e+00,0.000000e+00,0.000000e+00,0.000000e+00,0.000000e+00,0.000000e+00,3104.464111, 3104.464111,0.000000,0.000000,0.000000,1200.02280,    0.00000, 0.000000e+00, -8.2, 30516,1.898677e+06,2.527809e+06,3.288623e+06,4.669740e+05,0.000000e+00,0.000000e+00,51.942837, 51.966312,0.000100,0.571064,0.168519,1200.02280,    0.00000, 0.000000e+00, -8.2, 30516,1.728128e+06,2.173240e+06,1.491024e+06,0.000000e+00,0.000000e+00,0.000000e+00,51.944389, 51.968685,0.000100,0.557046,0.000000,1200.02280,    0.00000, 0.000000e+00, -8.2, 30516,6.496220e+05,1.205546e+06,6.493130e+05,0.000000e+00,0.000000e+00,0.000000e+00,52.117451, 52.117451,0.000100,0.649831,0.000000,1200.51868,  103.76000, 1.900000e-10, -421.6, 30493,6.564664e+06,1.001681e+07,4.812357e+06,2.969279e+06,0.000000e+00,0.000000e+00,52.236053, 52.335075,0.000100,0.604096,-0.000000,1200.51563,   87.96000, 5.700000e-09, -419.1, 30426,1.543313e+06,1.251906e+06,1.438286e+06,0.000000e+00,0.000000e+00,0.000000e+00,52.165356, 52.165356,0.000100,0.447874,0.000000,1200.02280,    0.00000, 0.000000e+00, -8.2, 30516,1.745998e+06,3.422738e+06,1.952252e+06,0.000000e+00,0.000000e+00,0.000000e+00,52.212456, 52.235729,0.000100,0.662200,0.000000,1200.02280,    0.00000, 0.000000e+00, -8.2, 30516,0.000000e+00,0.000000e+00,0.000000e+00,0.000000e+00,0.000000e+00,0.000000e+00,3097.460449, 3097.460449,0.000000,0.000000,0.000000,1200.02053,    95.73000, 1.100000e-09, -6.4, 30614, 3.494285e+06,5.159977e+06,2.887362e+06,8.433120e+05,0.000000e+00,0.000000e+00,52.474270, 52.545761,0.000100,0.596235,0.000000,
FGGFGGPGGVGGLGGPGGFGPGGYPGGIHEVSVNQSLLQPLNVK,Yes, 79, 4, 1023.77364,9.161,20.637,24.842,20.641,13.242,6.978,220.102,1023.77850,   35.71000, 4.500000e-04, -4.8, 39256,2.031226e+07,5.221982e+07,5.589191e+07,4.876704e+07,2.708800e+07,1.553412e+07,64.323013, 64.503731,0.000100,0.719955,0.000000,1024.02795,   35.38000, 4.800000e-04, -248.6, 39301,2.779600e+07,5.634994e+07,6.169756e+07,6.027998e+07,2.411874e+07,1.807836e+07,64.274345, 64.436707,0.000100,0.669669,-0.000000,1023.77850,    0.00000, 0.000000e+00, -4.8, 39256,4.944610e+05,1.453767e+06,1.027321e+06,1.728171e+06,8.456430e+05,0.000000e+00,64.552551, 64.552551,0.000100,0.746200,0.000000,1023.77850,    0.00000, 0.000000e+00, -4.8, 39256,0.000000e+00,0.000000e+00,0.000000e+00,0.000000e+00,0.000000e+00,0.000000e+00,3867.709717, 3867.709717,0.000000,0.000000,0.000000,1024.02869,   22.38000, 8.000000e-03, -249.3, 39102,0.000000e+00,0.000000e+00,0.000000e+00,0.000000e+00,0.000000e+00,0.000000e+00,3878.250000, 3878.250000,0.000000,0.000000,0.000000,1023.77850,    0.00000, 0.000000e+00, -4.8, 39256,0.000000e+00,0.000000e+00,0.000000e+00,0.000000e+00,0.000000e+00,0.000000e+00,3864.107178, 3864.107178,0.000000,0.000000,0.000000,1024.27917,   27.84000, 2.400000e-03, -494.2, 39198,0.000000e+00,0.000000e+00,0.000000e+00,0.000000e+00,0.000000e+00,0.000000e+00,3882.939941, 3882.939941,0.000000,0.000000,0.000000,1023.77850,    0.00000, 0.000000e+00, -4.8, 39256,1.653439e+06,3.993223e+06,3.962884e+06,4.786876e+06,2.190814e+06,1.167864e+06,64.946442, 64.971001,0.000100,0.707183,0.045562,1024.27844,   29.80000, 1.600000e-03, -493.4, 39249,2.577915e+06,4.157774e+06,6.049230e+06,2.989777e+06,2.829168e+06,1.632521e+06,64.938438, 65.014259,0.000100,0.617275,0.042573,1023.77850,    0.00000, 0.000000e+00, -4.8, 39256,1.166940e+06,2.263574e+06,2.243675e+06,1.800812e+06,2.738420e+05,0.000000e+00,64.938515, 64.963036,0.000100,0.659835,-0.000000,1023.77850,    0.00000, 0.000000e+00, -4.8, 39256,0.000000e+00,0.000000e+00,0.000000e+00,0.000000e+00,0.000000e+00,0.000000e+00,3879.083496, 3879.083496,0.000000,0.000000,0.000000,1023.77850,     0.00000, 0.000000e+00, -4.8, 39256, 4.669940e+05,1.919012e+06,1.027245e+06,0.000000e+00,0.000000e+00,0.000000e+00,65.419334, 65.419334,0.000100,0.804278,-0.000000,
VDPEIQNVK,No, 16, 2,  521.28238,   55.132,31.220,10.448,2.580,0.516,0.088,62.361, , , , , , , , , , , , , , , , ,  521.28494,   51.10000, 1.400000e-04, -4.9, 12143,1.907337e+08,1.239223e+08,3.830334e+07,1.126751e+07,3.630398e+06,1.235066e+06,25.431025, 25.703020,0.000100,0.393834,0.068025, 521.28494,    0.00000, 0.000000e+00, -4.9, 12143,1.457685e+07,8.126248e+06,2.897787e+06,7.944870e+05,2.726677e+05,0.000000e+00,25.475555, 25.516870,0.000100,0.357936,0.015928, 521.28494,    0.00000, 0.000000e+00, -4.9, 12143,0.000000e+00,0.000000e+00,0.000000e+00,0.000000e+00,0.000000e+00,0.000000e+00,1528.082397, 1528.082397,0.000000,0.000000,0.000000, 521.28494,    0.00000, 0.000000e+00, -4.9, 12143,1.036439e+07,6.440459e+06,5.755179e+06,2.537297e+06,9.602590e+05,3.580200e+05,25.607134, 25.822514,0.000100,0.383250,0.292471, 521.28494,    0.00000, 0.000000e+00, -4.9, 12143,2.157657e+06,1.366990e+06,3.526650e+05,0.000000e+00,0.000000e+00,0.000000e+00,25.595133, 25.595133,0.000100,0.387837,0.026291, 521.28264,   33.65000, 1.100000e-03, -0.5, 12236,1.298779e+07,9.481534e+06,7.977588e+06,3.440269e+06,9.141980e+05,0.000000e+00,25.806473, 26.046692,0.000100,0.421977,0.330601, 521.28239,   49.74000, 1.300000e-04, -0.0, 12174,5.251319e+07,3.106543e+07,1.703270e+07,1.042633e+07,1.981351e+06,4.564150e+05,25.705107, 25.934446,0.000100,0.371691,0.172011, 521.78369,   36.98000, 3.000000e-03, -962.6, 12110,2.433729e+07,1.286975e+07,6.903858e+06,3.154862e+06,1.400086e+06,5.113339e+05,25.618544, 25.810806,0.000100,0.345896,0.125487, 521.28602,   22.05000, 2.200000e-02, -7.0, 12132,1.411356e+07,9.690199e+06,6.117242e+06,3.258427e+06,7.920720e+05,8.736470e+05,25.741100, 25.939346,0.000100,0.407087,0.280021, 521.28494,    0.00000, 0.000000e+00, -4.9, 12143,0.000000e+00,0.000000e+00,0.000000e+00,0.000000e+00,0.000000e+00,0.000000e+00,1534.577393, 1534.577393,0.000000,0.000000,0.000000, 521.28494,     0.00000, 0.000000e+00, -4.9, 12143, 1.271188e+07,7.439403e+06,3.955182e+06,1.753989e+06,5.842060e+05,8.005380e+05,26.015095, 26.145105,0.000100,0.369178,0.170977,
GFSSGSAVVSGGSR,No, 30, 2,  627.80730,   50.096,32.787,12.572,3.547,0.810,0.157,72.598, , , , , , , , , , , , , , , , ,  627.81050,   77.87000, 1.300000e-07, -5.1, 12068,2.220719e+08,1.456313e+08,5.167177e+07,7.908894e+06,0.000000e+00,0.000000e+00,25.373482, 25.528149,0.000100,0.396057,0.000000, 627.81050,    0.00000, 0.000000e+00, -5.1, 12068,5.860404e+07,4.440410e+07,1.876818e+07,4.499398e+06,0.000000e+00,0.000000e+00,24.488035, 25.460466,0.000100,0.431074,0.089533, 627.81050,    0.00000, 0.000000e+00, -5.1, 12068,2.277638e+07,1.706428e+07,7.024352e+06,1.309230e+06,0.000000e+00,0.000000e+00,25.409172, 25.484074,0.000100,0.428313,0.076710, 627.81025,   72.33000, 2.200000e-07, -4.7, 12016,4.293469e+07,3.490673e+07,1.427522e+07,8.369320e+05,0.000000e+00,0.000000e+00,25.486462, 25.573015,0.000100,0.448434,0.111729, 627.80979,   72.66000, 3.500000e-07, -4.0, 12020,3.922246e+07,2.843617e+07,1.410209e+07,2.931306e+06,0.000000e+00,0.000000e+00,25.468159, 25.601847,0.000100,0.420289,0.096710, 627.80942,   63.55000, 1.300000e-06, -3.4, 12155,3.766923e+07,3.105606e+07,1.307087e+07,1.621722e+06,0.000000e+00,0.000000e+00,25.702641, 25.806473,0.000100,0.451887,0.126682, 627.80888,   71.82000, 1.500000e-06, -2.5, 12116,5.693919e+07,4.176275e+07,1.724929e+07,2.391113e+06,0.000000e+00,0.000000e+00,25.642546, 25.775133,0.000100,0.423120,0.063230, 627.81050,    0.00000, 0.000000e+00, -5.1, 12068,3.713151e+07,2.664454e+07,1.407360e+07,5.214472e+06,0.000000e+00,0.000000e+00,25.524279, 25.618544,0.000100,0.417783,0.124963, 627.81045,   71.64000, 2.900000e-07, -5.0, 12083,5.097378e+07,3.863155e+07,1.771594e+07,3.191549e+06,0.000000e+00,0.000000e+00,25.614294, 25.751886,0.000100,0.431130,0.098607, 627.81050,    0.00000, 0.000000e+00, -5.1, 12068,2.388437e+07,2.037083e+07,1.012809e+07,2.732528e+06,4.188200e+05,0.000000e+00,25.753593, 25.840073,0.000100,0.460304,0.183820, 627.81145,    67.47000, 7.100000e-07, -6.6, 12157, 6.101554e+07,4.265522e+07,1.728895e+07,4.010418e+06,0.000000e+00,0.000000e+00,25.856064, 25.969189,0.000100,0.411449,0.039931,
