Peptides, PeptideUnique, RateConstants, Correlations, RootMeanRSS, AbsoluteIsotopeError, Charge, m/z(Sequence), NEH, Abundance, NDP, Rsquared,sigma,CI lower band, CI upper band
KLMSEHGVR, Yes, 0.09915, 0.988074, 0.015740, 0.061662,  3,   352.85880,  17, 14542037.000000, 12.000000, 0.967888, 0.006778, 0.084230, 0.114066
EAQVYEAFK, Yes, 0.12322, 0.977718, 0.025194, 0.052762,  2,   542.76910,  21, 379423904.000000, 12.000000, 0.931000, 0.011809, 0.097228, 0.149211
PANFLDLGGGVK, Yes, 0.71351, 0.031638, 0.167224, 0.275720,  2,   594.32459,  19, 480275584.000000, 12.000000, -0.881331, 0.860279, 0.000000, 6.739994
EQIDIFEGIK, Yes, 0.41894, 0.950579, 0.033402, 0.321873,  2,   596.31642,  19, 352948576.000000, 12.000000, 0.845631, 0.074250, 0.255514, 0.582362
VMVAEALDISR, Yes, 0.15479, 0.998878, 0.006621, 0.031413,  2,   602.32372,  23, 471296736.000000, 12.000000, 0.994725, 0.004937, 0.143921, 0.165653
ETYLAILMDR, Yes, 0.15917, 0.994607, 0.012560, 0.069510,  2,   612.81827,  17, 422217120.000000, 12.000000, 0.979186, 0.010685, 0.135650, 0.182686
SENEPIENEAAR, Yes, 0.14953, 0.996773, 0.011644, 0.018265,  2,   679.81274,  37, 76843312.000000, 12.000000, 0.991021, 0.005857, 0.136641, 0.162421
VEAILVNIFGGIVN, Yes, 0.13187, 0.993858, 0.011609, 0.041571,  2,   729.42176,  21, 35964084.000000, 12.000000, 0.979901, 0.008067, 0.114119, 0.149628
LEGTNVQEAQNILK, Yes, 0.16135, 0.996207, 0.011867, 0.060910,  2,   778.91755,  29, 280878336.000000, 12.000000, 0.985199, 0.008935, 0.141682, 0.181011
SSGLPITSAVDLEDAAK, Yes, 0.05494, 0.970384, 0.021379, 0.050479,  2,   837.43324,  35, 344326880.000000, 12.000000, 0.924577, 0.004148, 0.045815, 0.064072
VVGELAQQMIGYNLATK, Yes, 0.15620, 0.997831, 0.005898, 0.026083,  3,   612.32923,  31, 128941352.000000, 12.000000, 0.993593, 0.005424, 0.144261, 0.168139
VVGELAQQMIGYNLATK, Yes, 0.14731, 0.997431, 0.007609, 0.048340,  2,   917.99020,  31, 163177376.000000, 12.000000, 0.989804, 0.006537, 0.132927, 0.161703
VEAILVNIFGGIVNcAIIANGITK, Yes, 0.00801, 0.554405, 0.062904, 0.063827,  3,   833.80496,  38, 23454330.000000, 12.000000, 0.119276, 0.007918, 0.000000, 4.325164
IDATQVEVNPFGETPEGQVVcFDAK, Yes, 0.15383, 0.990221, 0.009164, 0.044219,  3,   917.43746,  49, 28055862.000000, 12.000000, 0.969687, 0.010339, 0.131071, 0.176584
IDATQVEVNPFGETPEGQVVcFDAK, Yes, 0.12772, 0.954882, 0.040809, 0.224048,  2,  1375.65255,  49, 8109763.000000, 7.000000, 0.747875, 0.042594, 0.023494, 0.231941
SHNGPVIVGSPQGGVDIEEVAASSPELIFK, Yes, 0.14551, 0.994265, 0.008251, 0.050088,  3,  1011.85577,  63, 42154448.000000, 12.000000, 0.973707, 0.008913, 0.125892, 0.165127
YIGLDGNIAcFVNGAGLAMATcDIIFLNGGK, Yes, 0.07895, 0.985639, 0.006372, 0.118891,  3,  1082.53125,  50, 8145340.500000, 12.000000, 0.904683, 0.007160, 0.063189, 0.094707
INFDDNAEFR, Yes, 0.16317, 0.997779, 0.006724, 0.015487,  2,   620.78328,  20, 352697920.000000, 12.000000, 0.994239, 0.005323, 0.151456, 0.174886
KLMSEHGVR, Yes, 0.08961, 0.971216, 0.022695, 0.085557,  2,   528.78457,  17, 2215725.250000, 12.000000, 0.938731, 0.008231, 0.071496, 0.107727
MAENLGFLGSLK, Yes, 0.33525, 0.932611, 0.028412, 0.363906,  2,   640.33937,  20, 516987808.000000, 12.000000, 0.365319, 0.108232, 0.097034, 0.573470


MeanRateConst/CorrCutOff, 0.136092, 0.900000


MedianRateConst/RMSSCutOff, 0.147315, 0.050000
StandDev/NumberPeptides, 0.007677, 15
TotalIonCurrent, 1.5084e+11
