epoch,loss,mae,mse,val_loss,val_mae,val_mse
1,0.006408542860299349,0.08122814446687698,0.012817085720598698,0.0021197760943323374,0.05396847799420357,0.004239552188664675
2,0.002476651221513748,0.05385459214448929,0.004953302443027496,0.0012802195269614458,0.039155445992946625,0.0025604390539228916
3,0.0019339649006724358,0.047442153096199036,0.0038679298013448715,0.0011237236903980374,0.036082424223423004,0.002247447380796075
4,0.0016439722385257483,0.043397873640060425,0.0032879444770514965,0.001259713200852275,0.038695428520441055,0.00251942640170455
5,0.0017644257750362158,0.045280586928129196,0.0035288515500724316,0.0011252015829086304,0.037095826119184494,0.0022504031658172607
6,0.0016348242061212659,0.04327864572405815,0.0032696484122425318,0.0011063036508858204,0.03636419400572777,0.0022126073017716408
7,0.0015680399956181645,0.04239002987742424,0.003136079991236329,0.001514048664830625,0.042963359504938126,0.00302809732966125
8,0.0014051967300474644,0.04008180648088455,0.0028103934600949287,0.0010934622259810567,0.03547200933098793,0.0021869244519621134
9,0.0013382058823481202,0.0389062762260437,0.0026764117646962404,0.0009191067656502128,0.031167656183242798,0.0018382135313004255
10,0.0012995597207918763,0.03834002465009689,0.0025991194415837526,0.001113125472329557,0.03735418617725372,0.002226250944659114
11,0.001520128222182393,0.04189366474747658,0.003040256444364786,0.0009267708519473672,0.03122270479798317,0.0018535417038947344
12,0.00142508908174932,0.04050367698073387,0.00285017816349864,0.0013622994301840663,0.03677607700228691,0.0027245988603681326
13,0.0013926010578870773,0.03993716463446617,0.0027852021157741547,0.0010885325027629733,0.035734228789806366,0.0021770650055259466
14,0.0013567598070949316,0.03919440880417824,0.002713519614189863,0.001236813492141664,0.039345450699329376,0.002473626984283328
15,0.0012851610081270337,0.03818467631936073,0.0025703220162540674,0.0012079731095582247,0.0383608415722847,0.0024159462191164494
16,0.0012570403050631285,0.03770065680146217,0.002514080610126257,0.0009604244842194021,0.03286891058087349,0.0019208489684388041
17,0.0012150229886174202,0.0370490737259388,0.0024300459772348404,0.0009294722694903612,0.03206196427345276,0.0018589445389807224
18,0.0011677973670884967,0.03615131229162216,0.0023355947341769934,0.0009140960755757987,0.03141040354967117,0.0018281921511515975
19,0.0011355859460309148,0.035615403205156326,0.0022711718920618296,0.0009343914571218193,0.032405320554971695,0.0018687829142436385
20,0.0011291411938145757,0.03551046922802925,0.0022582823876291513,0.0009179378976114094,0.032400038093328476,0.0018358757952228189
21,0.0010990089504048228,0.03479917719960213,0.0021980179008096457,0.0008872406324371696,0.030940352007746696,0.001774481264874339
22,0.0012524863705039024,0.037470605224370956,0.002504972741007805,0.0010124853579327464,0.031876083463430405,0.002024970715865493
23,0.0012765846913680434,0.03811219334602356,0.002553169382736087,0.0010363610927015543,0.03446388244628906,0.0020727221854031086
24,0.0012256905902177095,0.03730606287717819,0.002451381180435419,0.0008361300569958985,0.029232369735836983,0.001672260113991797
25,0.001228892244398594,0.03732352703809738,0.002457784488797188,0.0009248362039215863,0.03199819102883339,0.0018496724078431726
26,0.0011606956832110882,0.036222878843545914,0.0023213913664221764,0.0009805631125345826,0.032287031412124634,0.0019611262250691652
27,0.001169694005511701,0.03631500154733658,0.002339388011023402,0.0008967069443315268,0.030108625069260597,0.0017934138886630535
28,0.0011312502902001143,0.035676177591085434,0.0022625005804002285,0.000930164591409266,0.03192964568734169,0.001860329182818532
29,0.0010879714973270893,0.03494296967983246,0.0021759429946541786,0.000973604794126004,0.034033529460430145,0.001947209588252008
30,0.0011125323362648487,0.035385485738515854,0.0022250646725296974,0.0008881696267053485,0.030004939064383507,0.001776339253410697
31,0.0010958765633404255,0.0351564884185791,0.002191753126680851,0.0008077043457888067,0.0288479495793581,0.0016154086915776134
32,0.0010776533745229244,0.03484852984547615,0.002155306749045849,0.000874246412422508,0.031340327113866806,0.001748492824845016
33,0.001049732556566596,0.03432226553559303,0.002099465113133192,0.0009374365909025073,0.03236767277121544,0.0018748731818050146
34,0.0010522528318688273,0.034451041370630264,0.0021045056637376547,0.0008070144685916603,0.029160860925912857,0.0016140289371833205
35,0.0010051258141174912,0.033561576157808304,0.0020102516282349825,0.0010737169068306684,0.03619053214788437,0.002147433813661337
36,0.0009927562205120921,0.03341261297464371,0.0019855124410241842,0.0008199663716368377,0.029701756313443184,0.0016399327432736754
37,0.0009986321674659848,0.03352423757314682,0.0019972643349319696,0.0009810046758502722,0.034441184252500534,0.0019620093517005444
38,0.0009989239042624831,0.03336275368928909,0.0019978478085249662,0.0008074228535406291,0.029590018093585968,0.0016148457070812583
39,0.000979727366939187,0.03318730741739273,0.001959454733878374,0.0008494866779074073,0.03079603798687458,0.0016989733558148146
40,0.0009641001815907657,0.0329892635345459,0.0019282003631815314,0.000800860405433923,0.028086798265576363,0.001601720810867846
41,0.0009497748105786741,0.03262292221188545,0.0018995496211573482,0.0007922518416307867,0.0280566718429327,0.0015845036832615733
42,0.0009547510999254882,0.032579660415649414,0.0019095021998509765,0.0007688635378144681,0.028474919497966766,0.0015377270756289363
43,0.0009591081761755049,0.03275999799370766,0.0019182163523510098,0.0007943910895846784,0.02958248183131218,0.0015887821791693568
44,0.0009501338936388493,0.032555386424064636,0.0019002677872776985,0.0007641639676876366,0.028146233409643173,0.0015283279353752732
45,0.0010566858109086752,0.034610964357852936,0.0021133716218173504,0.000844195659738034,0.030561404302716255,0.001688391319476068
46,0.0010809296509250998,0.034999020397663116,0.0021618593018501997,0.000910454080440104,0.03026374615728855,0.001820908160880208
47,0.0010459512704983354,0.03432720899581909,0.0020919025409966707,0.0008481326512992382,0.029294805601239204,0.0016962653025984764
48,0.0010375870624557137,0.03421102836728096,0.0020751741249114275,0.0007893841248005629,0.028498254716396332,0.0015787682496011257
49,0.0010534293251112103,0.03465685620903969,0.0021068586502224207,0.0009011809015646577,0.0323568731546402,0.0018023618031293154
50,0.001021728734485805,0.03409312292933464,0.00204345746897161,0.0010297740809619427,0.03493883088231087,0.0020595481619238853
51,0.0010334531543776393,0.034236617386341095,0.0020669063087552786,0.0008535521919839084,0.029032444581389427,0.0017071043839678168
52,0.001013674191199243,0.033838264644145966,0.002027348382398486,0.0008617435814812779,0.0307802464812994,0.0017234871629625559
53,0.00102430849801749,0.03421535715460777,0.00204861699603498,0.0009147901437245309,0.03084455616772175,0.0018295802874490619
54,0.0009974614949896932,0.03358835726976395,0.0019949229899793863,0.0007570184534415603,0.027666844427585602,0.0015140369068831205
55,0.0009897244162857533,0.03348815068602562,0.0019794488325715065,0.0007448685937561095,0.027770355343818665,0.001489737187512219
56,0.00098317489027977,0.03335028514266014,0.00196634978055954,0.0009040405857376754,0.030004242435097694,0.0018080811714753509
57,0.0009567682282067835,0.03309331834316254,0.001913536456413567,0.0007637488306500018,0.028062401339411736,0.0015274976613000035
58,0.0009559387690387666,0.033215370029211044,0.0019118775380775332,0.0008053380297496915,0.029837196692824364,0.001610676059499383
59,0.0009494507103227079,0.03287998214364052,0.0018989014206454158,0.0010333139216527343,0.036243364214897156,0.0020666278433054686
60,0.0009476113482378423,0.032897185534238815,0.0018952226964756846,0.0007328668725676835,0.027951151132583618,0.001465733745135367
61,0.0009517045109532773,0.0328918993473053,0.0019034090219065547,0.0008332622819580138,0.03042777255177498,0.0016665245639160275
62,0.0009325839928351343,0.032533902674913406,0.0018651679856702685,0.0007508740527555346,0.028773510828614235,0.0015017481055110693
63,0.000912804389372468,0.03237020596861839,0.001825608778744936,0.0007420584443025291,0.028489720076322556,0.0014841168886050582
64,0.000907540787011385,0.03219524398446083,0.00181508157402277,0.0007116702036000788,0.027551958337426186,0.0014233404072001576
65,0.0009056703420355916,0.03229372203350067,0.0018113406840711832,0.0009629335254430771,0.03469913452863693,0.0019258670508861542
66,0.0008982445579022169,0.03203565999865532,0.0017964891158044338,0.0006960659520700574,0.026948431506752968,0.0013921319041401148
67,0.0008684574859216809,0.03152498975396156,0.0017369149718433619,0.0007525062537752092,0.029023978859186172,0.0015050125075504184
68,0.0008750090491957963,0.03154158592224121,0.0017500180983915925,0.0006974190473556519,0.026568695902824402,0.0013948380947113037
69,0.0008633828838355839,0.031432610005140305,0.0017267657676711679,0.0006934227421879768,0.027319584041833878,0.0013868454843759537
70,0.0008501472766511142,0.031120026484131813,0.0017002945533022285,0.0007124608964659274,0.027923177927732468,0.0014249217929318547
71,0.0008494309731759131,0.031176168471574783,0.0016988619463518262,0.0006842837319709361,0.026912733912467957,0.0013685674639418721
72,0.0008476274088025093,0.031184175983071327,0.0016952548176050186,0.000748041202314198,0.029697075486183167,0.001496082404628396
73,0.0008457456133328378,0.031194036826491356,0.0016914912266656756,0.0007010951521806419,0.02805495262145996,0.0014021903043612838
74,0.0008341509965248406,0.030792701989412308,0.0016683019930496812,0.0006551931146532297,0.026540732011198997,0.0013103862293064594
75,0.0008218013099394739,0.030749334022402763,0.0016436026198789477,0.0006888500065542758,0.02618083544075489,0.0013777000131085515
76,0.0008275453583337367,0.030630089342594147,0.0016550907166674733,0.0007429997785948217,0.028855668380856514,0.0014859995571896434
77,0.0008218163275159895,0.030726458877325058,0.001643632655031979,0.0006690005538985133,0.026570694521069527,0.0013380011077970266
78,0.0008009804296307266,0.030372805893421173,0.0016019608592614532,0.0006907242932356894,0.027371283620595932,0.0013814485864713788
79,0.0008061927510425448,0.030342405661940575,0.0016123855020850897,0.0006743316189385951,0.02689414471387863,0.0013486632378771901
80,0.0007957710768096149,0.030133390799164772,0.0015915421536192298,0.000674066657666117,0.027216123417019844,0.001348133315332234
81,0.0007958099595271051,0.030137233436107635,0.0015916199190542102,0.000737640424631536,0.028598422184586525,0.001475280849263072
82,0.0007932322332635522,0.03008655086159706,0.0015864644665271044,0.0006557030719704926,0.026550399139523506,0.0013114061439409852
83,0.0007904096855781972,0.03006071224808693,0.0015808193711563945,0.0007059830822981894,0.02791011892259121,0.0014119661645963788
84,0.0007857386372052133,0.02994183637201786,0.0015714772744104266,0.0006806807941757143,0.027280796319246292,0.0013613615883514285
85,0.0007796408608555794,0.02979787439107895,0.0015592817217111588,0.0006496014539152384,0.026421919465065002,0.0012992029078304768
86,0.0007844992796890438,0.029912209138274193,0.0015689985593780875,0.0006449074717238545,0.026133235543966293,0.001289814943447709
87,0.0007786508649587631,0.029869109392166138,0.0015573017299175262,0.0006431811489164829,0.02624315395951271,0.0012863622978329659
88,0.0007834402495063841,0.029933225363492966,0.0015668804990127683,0.0006517301080748439,0.026291901245713234,0.0013034602161496878
89,0.0007685906020924449,0.029673390090465546,0.0015371812041848898,0.0006543934578076005,0.026580018922686577,0.001308786915615201
90,0.0007734792889095843,0.02981964312493801,0.0015469585778191686,0.0007246159948408604,0.028511015698313713,0.0014492319896817207
91,0.0008683495107106864,0.03161804378032684,0.0017366990214213729,0.0008706262451596558,0.03170397877693176,0.0017412524903193116
92,0.0008868928416632116,0.031891610473394394,0.0017737856833264232,0.0006705497507937253,0.02653190679848194,0.0013410995015874505
93,0.0008706043590791523,0.03173001855611801,0.0017412087181583047,0.0006909677758812904,0.027291126549243927,0.0013819355517625809
94,0.0008413880132138729,0.031094659119844437,0.0016827760264277458,0.0006499026203528047,0.026266811415553093,0.0012998052407056093
95,0.0008724977960810065,0.03161932900547981,0.001744995592162013,0.0007171315955929458,0.02834523469209671,0.0014342631911858916
96,0.0008452453766949475,0.031098591163754463,0.001690490753389895,0.0006693696486763656,0.027177132666110992,0.0013387392973527312
97,0.0008556884131394327,0.03132633492350578,0.0017113768262788653,0.0006840547430329025,0.027409151196479797,0.001368109486065805
98,0.0008552518556825817,0.031444866210222244,0.0017105037113651633,0.0008225941564887762,0.03081447444856167,0.0016451883129775524
99,0.000849811127409339,0.031255219131708145,0.001699622254818678,0.0006843178998678923,0.02794584259390831,0.0013686357997357845
100,0.0008540611597709358,0.03142748773097992,0.0017081223195418715,0.0008012271136976779,0.030874352902173996,0.0016024542273953557
101,0.0008127654436975718,0.03071829304099083,0.0016255308873951435,0.0009024228202179074,0.03341907635331154,0.0018048456404358149
102,0.000840999186038971,0.031169326975941658,0.001681998372077942,0.0007408859091810882,0.029950428754091263,0.0014817718183621764
103,0.0008085976587608457,0.030648257583379745,0.0016171953175216913,0.0006091282120905817,0.025515031069517136,0.0012182564241811633
104,0.0008053061901591718,0.030596312135457993,0.0016106123803183436,0.0006740161334164441,0.027680540457367897,0.0013480322668328881
105,0.000796825042925775,0.03038950264453888,0.00159365008585155,0.0006009729113429785,0.02535928599536419,0.001201945822685957
106,0.0007774102268740535,0.030073313042521477,0.001554820453748107,0.0005713524878956378,0.025208529084920883,0.0011427049757912755
107,0.0007614584174007177,0.029896846041083336,0.0015229168348014355,0.0006090500392019749,0.026271142065525055,0.0012181000784039497
108,0.0007651324267499149,0.029835747554898262,0.0015302648534998298,0.0006465614424087107,0.028436817228794098,0.0012931228848174214
109,0.0007515427423641086,0.02962646633386612,0.0015030854847282171,0.0007100721704773605,0.02989736571907997,0.001420144340954721
110,0.0007523199892602861,0.0296456441283226,0.0015046399785205722,0.0005993040977045894,0.02675221860408783,0.0011986081954091787
111,0.0007471998105756938,0.029548946768045425,0.0014943996211513877,0.0007653335342183709,0.030611658468842506,0.0015306670684367418
112,0.0007618899689987302,0.029828736558556557,0.0015237799379974604,0.0006066976930014789,0.026942245662212372,0.0012133953860029578
113,0.0007358454749919474,0.029416095465421677,0.0014716909499838948,0.00055802142014727,0.024892441928386688,0.00111604284029454
114,0.0007233668002299964,0.029146751388907433,0.0014467336004599929,0.0006044560577720404,0.026938825845718384,0.0012089121155440807
115,0.0007554032490588725,0.0295131616294384,0.001510806498117745,0.0006237307679839432,0.02731449156999588,0.0012474615359678864
116,0.0007362221367657185,0.029329508543014526,0.001472444273531437,0.0005689950194209814,0.02552257478237152,0.0011379900388419628
117,0.0007114007603377104,0.028807934373617172,0.0014228015206754208,0.0004895676393061876,0.02352168783545494,0.0009791352786123753
118,0.0007146748248487711,0.028954235836863518,0.0014293496496975422,0.000523579481523484,0.02415250428020954,0.001047158963046968
119,0.0007092021405696869,0.028913727030158043,0.0014184042811393738,0.0005443311529234052,0.024774406105279922,0.0010886623058468103
120,0.0007141923997551203,0.028888599947094917,0.0014283847995102406,0.0005719650071114302,0.02598329819738865,0.0011439300142228603
121,0.0007103130919858813,0.0289829820394516,0.0014206261839717627,0.0005919926334172487,0.026084449142217636,0.0011839852668344975
122,0.0007095418986864388,0.028767172247171402,0.0014190837973728776,0.0005059384275227785,0.02408822625875473,0.001011876855045557
123,0.0007056514150463045,0.028743619099259377,0.001411302830092609,0.00048407743452116847,0.022869130596518517,0.0009681548690423369
124,0.0006908957147970796,0.028597505763173103,0.0013817914295941591,0.0005430459277704358,0.0247372817248106,0.0010860918555408716
125,0.0006911606178618968,0.028541579842567444,0.0013823212357237935,0.0005012701149098575,0.024234091863036156,0.001002540229819715
126,0.0006764173158444464,0.028157833963632584,0.0013528346316888928,0.000515467079821974,0.02336762100458145,0.001030934159643948
127,0.0006865957984700799,0.0283532552421093,0.0013731915969401598,0.00046193943126127124,0.02236466109752655,0.0009238788625225425
128,0.0006902191089466214,0.028450272977352142,0.0013804382178932428,0.0005293216090649366,0.025255240499973297,0.0010586432181298733
129,0.0006734431954100728,0.028228027746081352,0.0013468863908201456,0.0004877208557445556,0.023219391703605652,0.0009754417114891112
130,0.0006645370158366859,0.027838068082928658,0.0013290740316733718,0.0005474446807056665,0.025615006685256958,0.001094889361411333
131,0.0006627176189795136,0.02796376869082451,0.0013254352379590273,0.0004910523421131074,0.022697940468788147,0.0009821046842262149
132,0.0006764701101928949,0.02814750373363495,0.0013529402203857899,0.0005237003788352013,0.024651091545820236,0.0010474007576704025
133,0.0006482492899522185,0.027554193511605263,0.001296498579904437,0.0005498012760654092,0.025359442457556725,0.0010996025521308184
134,0.0006557469605468214,0.027760274708271027,0.0013114939210936427,0.0005058045499026775,0.024112414568662643,0.001011609099805355
135,0.0006621196516789496,0.027882320806384087,0.0013242393033578992,0.0005210048402659595,0.024717167019844055,0.001042009680531919
136,0.0006549878744408488,0.027762258425354958,0.0013099757488816977,0.0004645012377295643,0.022562488913536072,0.0009290024754591286
137,0.0006570781697519124,0.027788665145635605,0.0013141563395038247,0.0005110194906592369,0.02443232573568821,0.0010220389813184738
138,0.0006423095474019647,0.027453260496258736,0.0012846190948039293,0.00046759567339904606,0.02277451381087303,0.0009351913467980921
139,0.0006249971920624375,0.027193838730454445,0.001249994384124875,0.0005077936220914125,0.024230370298027992,0.001015587244182825
140,0.0006388961337506771,0.02729319967329502,0.0012777922675013542,0.00044579218956641853,0.022423742339015007,0.0008915843791328371
141,0.0006314149359241128,0.02717563696205616,0.0012628298718482256,0.0006013633101247251,0.026946203783154488,0.0012027266202494502
142,0.000642772763967514,0.02733735553920269,0.001285545527935028,0.0006467191851697862,0.027499528601765633,0.0012934383703395724
143,0.0006424103630706668,0.02747897244989872,0.0012848207261413336,0.0004955119802616537,0.024046914651989937,0.0009910239605233073
144,0.0006323640118353069,0.027289550751447678,0.0012647280236706138,0.0004371355753391981,0.021754935383796692,0.0008742711506783962
145,0.0006386290187947452,0.027254661545157433,0.0012772580375894904,0.0004648995236493647,0.02297675609588623,0.0009297990472987294
146,0.0006142877973616123,0.02676730789244175,0.0012285755947232246,0.0004433777357917279,0.021877985447645187,0.0008867554715834558
147,0.000618434976786375,0.02691100724041462,0.00123686995357275,0.00045807563583366573,0.022516407072544098,0.0009161512716673315
148,0.0006223532254807651,0.02707294188439846,0.0012447064509615302,0.00046683536493219435,0.023347308859229088,0.0009336707298643887
149,0.0006191471475176513,0.02695894055068493,0.0012382942950353026,0.0005016717477701604,0.023944441229104996,0.0010033434955403209
150,0.0006121182232163846,0.026823947206139565,0.0012242364464327693,0.00043542016646824777,0.021956896409392357,0.0008708403329364955
151,0.0006032243836671114,0.026623765006661415,0.0012064487673342228,0.0004426086088642478,0.021869484335184097,0.0008852172177284956
152,0.0006064237095415592,0.026742350310087204,0.0012128474190831184,0.00044435879681259394,0.022294702008366585,0.0008887175936251879
153,0.0006030660588294268,0.026634449139237404,0.0012061321176588535,0.0005041398690082133,0.02398383803665638,0.0010082797380164266
154,0.0005991101497784257,0.026507573202252388,0.0011982202995568514,0.0004282598092686385,0.02141525037586689,0.000856519618537277
155,0.0005902938428334892,0.02630075067281723,0.0011805876856669784,0.0004222637217026204,0.021563179790973663,0.0008445274434052408
156,0.000600990024395287,0.02660849690437317,0.001201980048790574,0.0004869478289037943,0.024227028712630272,0.0009738956578075886
157,0.0005951964412815869,0.026437588036060333,0.0011903928825631738,0.00043869164073839784,0.02214874140918255,0.0008773832814767957
158,0.0005986173637211323,0.026465140283107758,0.0011972347274422646,0.00043626365368254483,0.02224637009203434,0.0008725273073650897
159,0.0005914981011301279,0.026302406564354897,0.0011829962022602558,0.0004365070490166545,0.022105176001787186,0.000873014098033309
160,0.0005943311844021082,0.026361308991909027,0.0011886623688042164,0.000437296403106302,0.021938640624284744,0.000874592806212604
161,0.0005887835868634284,0.02625700645148754,0.0011775671737268567,0.00042041842243634164,0.021570004522800446,0.0008408368448726833
162,0.000589847972150892,0.02644232288002968,0.001179695944301784,0.0004691654467023909,0.02283446677029133,0.0009383308934047818
163,0.0005754114827141166,0.026045672595500946,0.0011508229654282331,0.0004347173380665481,0.021882468834519386,0.0008694346761330962
164,0.0005859845550730824,0.026254864409565926,0.001171969110146165,0.0004401922633405775,0.022153204306960106,0.000880384526681155
165,0.0005851183086633682,0.026178663596510887,0.0011702366173267365,0.00047306789201684296,0.02387557178735733,0.0009461357840336859
166,0.0005743520450778306,0.026025457307696342,0.001148704090155661,0.0004686010943260044,0.023047462105751038,0.0009372021886520088
167,0.0005846783751621842,0.026213590055704117,0.0011693567503243685,0.00042055154335685074,0.021581748500466347,0.0008411030867137015
168,0.0005787653499282897,0.026100408285856247,0.0011575306998565793,0.0004849154211115092,0.023477425798773766,0.0009698308422230184
169,0.0005805155960842967,0.0261247381567955,0.0011610311921685934,0.000442811637185514,0.022305095568299294,0.000885623274371028
170,0.0005787860718555748,0.02605566196143627,0.0011575721437111497,0.00044382622581906617,0.022129535675048828,0.0008876524516381323
171,0.000562119297683239,0.025598499923944473,0.001124238595366478,0.0004077901830896735,0.020960267633199692,0.000815580366179347
172,0.0005754641606472433,0.02604985237121582,0.0011509283212944865,0.0004358688311185688,0.02202586643397808,0.0008717376622371376
173,0.0005792125593870878,0.02603043243288994,0.0011584251187741756,0.0004326456692069769,0.021955527365207672,0.0008652913384139538
174,0.0005642063915729523,0.025706220418214798,0.0011284127831459045,0.0004740223230328411,0.023433271795511246,0.0009480446460656822
175,0.0005640835734084249,0.025881441310048103,0.0011281671468168497,0.0004306943737901747,0.021838398650288582,0.0008613887475803494
176,0.0005701198824681342,0.02586076222360134,0.0011402397649362683,0.00041955028427764773,0.021389959380030632,0.0008391005685552955
177,0.0005596060073003173,0.025645332410931587,0.0011192120146006346,0.000498597277328372,0.024327462539076805,0.000997194554656744
178,0.0005628748331218958,0.025734204798936844,0.0011257496662437916,0.00046485854545608163,0.022921882569789886,0.0009297170909121633
179,0.000567308277823031,0.025764288380742073,0.001134616555646062,0.00048175521078519523,0.02381683699786663,0.0009635104215703905
180,0.0005700120236724615,0.025850830599665642,0.001140024047344923,0.0004453348519746214,0.02240408957004547,0.0008906697039492428
181,0.000564421119634062,0.02567080222070217,0.001128842239268124,0.0004189292376395315,0.02112193964421749,0.000837858475279063
182,0.0006312703480944037,0.027393238618969917,0.0012625406961888075,0.0004905493115074933,0.023855045437812805,0.0009810986230149865
183,0.0006498862057924271,0.027658356353640556,0.0012997724115848541,0.00048601647722534835,0.02362576685845852,0.0009720329544506967
184,0.0006450035725720227,0.027484798803925514,0.0012900071451440454,0.000450960302259773,0.022090014070272446,0.000901920604519546
185,0.0006593967555090785,0.027850400656461716,0.001318793511018157,0.00047873586299829185,0.022434689104557037,0.0009574717259965837
186,0.0006620794883929193,0.027929462492465973,0.0013241589767858386,0.0005703528877347708,0.026806732639670372,0.0011407057754695415
187,0.0006391906063072383,0.027370670810341835,0.0012783812126144767,0.00043204950634390116,0.021911736577749252,0.0008640990126878023
188,0.0006438795244321227,0.027574321255087852,0.0012877590488642454,0.0004713603120762855,0.0234251506626606,0.000942720624152571
189,0.0006354901706799865,0.027340112254023552,0.001270980341359973,0.0005276963347569108,0.024982202798128128,0.0010553926695138216
190,0.0006348040187731385,0.027400439605116844,0.001269608037546277,0.0004445583326742053,0.022711364552378654,0.0008891166653484106
191,0.000642630213405937,0.027365852147340775,0.001285260426811874,0.0004714782990049571,0.022806724533438683,0.0009429565980099142
192,0.0006405237363651395,0.02736007794737816,0.001281047472730279,0.0006443734164349735,0.028203509747982025,0.001288746832869947
193,0.0006451617227867246,0.027616366744041443,0.0012903234455734491,0.00045262163621373475,0.022906221449375153,0.0009052432724274695
194,0.00063877715729177,0.027352092787623405,0.00127755431458354,0.000506225973367691,0.024313583970069885,0.001012451946735382
195,0.0006385447923094034,0.02747122198343277,0.0012770895846188068,0.00044805469224229455,0.021682964637875557,0.0008961093844845891
196,0.0006481177406385541,0.02757135033607483,0.0012962354812771082,0.00046238998766057193,0.022959522902965546,0.0009247799753211439
197,0.0006322382832877338,0.02724415436387062,0.0012644765665754676,0.0005038068047724664,0.02427683211863041,0.0010076136095449328
198,0.0006376196979545057,0.02733932062983513,0.0012752393959090114,0.0005234034615568817,0.0241773072630167,0.0010468069231137633
199,0.0006228392012417316,0.027069924399256706,0.0012456784024834633,0.00043182348599657416,0.02188149467110634,0.0008636469719931483
200,0.0006287675932981074,0.027229931205511093,0.0012575351865962148,0.0004628347815014422,0.022715702652931213,0.0009256695630028844
201,0.0006340202526189387,0.0273240115493536,0.0012680405052378774,0.00048416314530186355,0.02342136576771736,0.0009683262906037271
202,0.0006264625117182732,0.027204954996705055,0.0012529250234365463,0.00042847503209486604,0.021753830835223198,0.0008569500641897321
203,0.000633136136457324,0.027182409539818764,0.001266272272914648,0.0004381698672659695,0.02232949621975422,0.000876339734531939
204,0.0006341038970276713,0.027292709797620773,0.0012682077940553427,0.0004943213425576687,0.023836057633161545,0.0009886426851153374
205,0.0006240396178327501,0.027081141248345375,0.0012480792356655002,0.0004380244645290077,0.02241520583629608,0.0008760489290580153
206,0.0006195475580170751,0.027064532041549683,0.0012390951160341501,0.0004044354718644172,0.020786035805940628,0.0008088709437288344
207,0.000630917027592659,0.027307316660881042,0.001261834055185318,0.00047722598537802696,0.02396715059876442,0.0009544519707560539
208,0.0006137076998129487,0.02695535495877266,0.0012274153996258974,0.00046287159784696996,0.022669188678264618,0.0009257431956939399
209,0.0006169135449454188,0.027015281841158867,0.0012338270898908377,0.0005350757855921984,0.026274943724274635,0.0010701515711843967
210,0.0006149032851681113,0.026875006034970284,0.0012298065703362226,0.0005723280482925475,0.026318054646253586,0.001144656096585095
211,0.0006153624854050577,0.02683587372303009,0.0012307249708101153,0.00044444113154895604,0.022256745025515556,0.0008888822630979121
212,0.0006238403730094433,0.026991581544280052,0.0012476807460188866,0.0004049993003718555,0.02094620279967785,0.000809998600743711
213,0.0006053236429579556,0.026698652654886246,0.0012106472859159112,0.0006056216079741716,0.027010779827833176,0.0012112432159483433
214,0.000604025786742568,0.02665359154343605,0.001208051573485136,0.00040981030906550586,0.021043555811047554,0.0008196206181310117
215,0.0006128042005002499,0.026832958683371544,0.0012256084010004997,0.00047071301378309727,0.022888988256454468,0.0009414260275661945
216,0.0006045170594006777,0.02669515646994114,0.0012090341188013554,0.000392725138226524,0.020392028614878654,0.000785450276453048
217,0.0006126331863924861,0.026912881061434746,0.0012252663727849722,0.0004717308038379997,0.022976765409111977,0.0009434616076759994
218,0.0006050608935765922,0.026692217215895653,0.0012101217871531844,0.00046525808284059167,0.0231928750872612,0.0009305161656811833
219,0.0005958914989605546,0.026409687474370003,0.0011917829979211092,0.000409957196097821,0.02146942913532257,0.000819914392195642
220,0.0005930605693720281,0.026371529325842857,0.0011861211387440562,0.0005836809286847711,0.026094045490026474,0.0011673618573695421
221,0.0005888252635486424,0.026352856308221817,0.0011776505270972848,0.0006046142661944032,0.026274671778082848,0.0012092285323888063
222,0.0006042886525392532,0.026605242863297462,0.0012085773050785065,0.0005387210985645652,0.024603715166449547,0.0010774421971291304
223,0.0005948527250438929,0.02647870033979416,0.0011897054500877857,0.0004843485658057034,0.022625073790550232,0.0009686971316114068
224,0.0005959259578958154,0.0265207476913929,0.0011918519157916307,0.00048262192285619676,0.02389604225754738,0.0009652438457123935
225,0.0005977783002890646,0.026559138670563698,0.0011955566005781293,0.0004904719535261393,0.02350546047091484,0.0009809439070522785
226,0.0006022265297360718,0.026619432494044304,0.0012044530594721437,0.0004326498892623931,0.020926829427480698,0.0008652997785247862
227,0.0005883571575395763,0.02632005698978901,0.0011767143150791526,0.0004831969563383609,0.022542916238307953,0.0009663939126767218
228,0.0005845058476552367,0.026273583993315697,0.0011690116953104734,0.0003991307457908988,0.020917832851409912,0.0007982614915817976
229,0.0005942343268543482,0.02646043710410595,0.0011884686537086964,0.00048190689994953573,0.023322001099586487,0.0009638137998990715
230,0.0005775620229542255,0.02606257237493992,0.001155124045908451,0.000398441479774192,0.02045021951198578,0.000796882959548384
231,0.0005842337268404663,0.026105964556336403,0.0011684674536809325,0.0005196745041757822,0.025068219751119614,0.0010393490083515644
232,0.0005815690383315086,0.0262106005102396,0.0011631380766630173,0.00047523321700282395,0.024248449131846428,0.0009504664340056479
233,0.0005807701963931322,0.0260795745998621,0.0011615403927862644,0.0004716325202025473,0.023083284497261047,0.0009432650404050946
234,0.0005752140423282981,0.026044975966215134,0.0011504280846565962,0.0005520838894881308,0.025258764624595642,0.0011041677789762616
235,0.0005709136021323502,0.025756387040019035,0.0011418272042647004,0.0004535587504506111,0.02172115072607994,0.0009071175009012222
236,0.0005733153084293008,0.025966200977563858,0.0011466306168586016,0.00047982719843275845,0.023604650050401688,0.0009596543968655169
237,0.000573445693589747,0.025952279567718506,0.001146891387179494,0.000384966260753572,0.02030075527727604,0.000769932521507144
238,0.0005739009939134121,0.02590756118297577,0.0011478019878268242,0.0004193741478957236,0.021459432318806648,0.0008387482957914472
239,0.0005729293916374445,0.02593202330172062,0.001145858783274889,0.00037262093974277377,0.020101912319660187,0.0007452418794855475
240,0.00057030568132177,0.025848528370261192,0.00114061136264354,0.00038670378853566945,0.0209581907838583,0.0007734075770713389
241,0.0005690646939910948,0.025924239307641983,0.0011381293879821897,0.0004217122041154653,0.022073762491345406,0.0008434244082309306
242,0.0005710245459340513,0.02593948133289814,0.0011420490918681026,0.00047318366705439985,0.02334415353834629,0.0009463673341087997
243,0.0005757596809417009,0.025907006114721298,0.0011515193618834019,0.00039075317909009755,0.020160343497991562,0.0007815063581801951
244,0.0005686304066330194,0.02584921568632126,0.001137260813266039,0.0005096722161397338,0.024324223399162292,0.0010193444322794676
245,0.0005524615407921374,0.025496473535895348,0.0011049230815842748,0.00037663354305550456,0.020139183849096298,0.0007532670861110091
246,0.0005588417407125235,0.025568412616848946,0.001117683481425047,0.0004110001027584076,0.021459203213453293,0.0008220002055168152
247,0.0005648743244819343,0.0257659163326025,0.0011297486489638686,0.0004226764722261578,0.0220592450350523,0.0008453529444523156
248,0.0005564072635024786,0.025768671184778214,0.0011128145270049572,0.0004304542962927371,0.021591154858469963,0.0008609085925854743
249,0.0005558652919717133,0.02550971880555153,0.0011117305839434266,0.00043084550998173654,0.022643787786364555,0.0008616910199634731
250,0.0005487723392434418,0.025356322526931763,0.0010975446784868836,0.00046429201029241085,0.023303166031837463,0.0009285840205848217
251,0.0005574634997174144,0.025531236082315445,0.0011149269994348288,0.0006381627172231674,0.02751065418124199,0.0012763254344463348
252,0.0005522264982573688,0.025558900088071823,0.0011044529965147376,0.0004073056043125689,0.021466748788952827,0.0008146112086251378
253,0.0005572777590714395,0.02555580995976925,0.001114555518142879,0.0003888797073159367,0.020572122186422348,0.0007777594146318734
254,0.0005534401279874146,0.025501850992441177,0.0011068802559748292,0.00039454642683267593,0.021009687334299088,0.0007890928536653519
255,0.0005452601471915841,0.025339500978589058,0.0010905202943831682,0.0004912700969725847,0.02359030768275261,0.0009825401939451694
256,0.0005592331872321665,0.025636913254857063,0.001118466374464333,0.0003845668106805533,0.020193375647068024,0.0007691336213611066
257,0.000536156992893666,0.025066105648875237,0.001072313985787332,0.0003987765812780708,0.02072094939649105,0.0007975531625561416
258,0.0005481172120198607,0.025346804410219193,0.0010962344240397215,0.0004755471309181303,0.024055110290646553,0.0009510942618362606
259,0.0005438595544546843,0.025188323110342026,0.0010877191089093685,0.0004114461480639875,0.021490635350346565,0.000822892296127975
260,0.0005492205382324755,0.02542225643992424,0.001098441076464951,0.0004785750061273575,0.023324431851506233,0.000957150012254715
261,0.0005393819301389158,0.02507702261209488,0.0010787638602778316,0.0004358734586276114,0.022433945909142494,0.0008717469172552228
262,0.0005383185343816876,0.025215711444616318,0.0010766370687633753,0.0003686661657411605,0.020184190943837166,0.000737332331482321
263,0.0005318228504620492,0.024979548528790474,0.0010636457009240985,0.000415997754316777,0.021183554083108902,0.000831995508633554
264,0.0005309268599376082,0.025001192465424538,0.0010618537198752165,0.0004921628860756755,0.02414228953421116,0.000984325772151351
265,0.0005272352136671543,0.024965258315205574,0.0010544704273343086,0.0005008482257835567,0.023614997044205666,0.0010016964515671134
266,0.0005415107007138431,0.025238752365112305,0.0010830214014276862,0.0005701912450604141,0.026177894324064255,0.0011403824901208282
267,0.0005270743859000504,0.024898845702409744,0.0010541487718001008,0.00042419403325766325,0.021945254877209663,0.0008483880665153265
268,0.0005204483168199658,0.024779366329312325,0.0010408966336399317,0.0003689151199068874,0.019607899710536003,0.0007378302398137748
269,0.0005255549913272262,0.024938290938735008,0.0010511099826544523,0.00040212503517977893,0.020744135603308678,0.0008042500703595579
270,0.000522594025824219,0.024772578850388527,0.001045188051648438,0.00044053999590687454,0.02292683534324169,0.0008810799918137491
271,0.0005312465946190059,0.02496824413537979,0.0010624931892380118,0.00038712244713678956,0.020839989185333252,0.0007742448942735791
272,0.0005267125670798123,0.024889294058084488,0.0010534251341596246,0.0005239071906544268,0.024938831105828285,0.0010478143813088536
273,0.0005264902138151228,0.024880405515432358,0.0010529804276302457,0.00044491986045613885,0.022414933890104294,0.0008898397209122777
274,0.0005277541349641979,0.024809399619698524,0.0010555082699283957,0.00040976126911118627,0.021322699263691902,0.0008195225382223725
275,0.00053267931798473,0.02504514716565609,0.00106535863596946,0.00041349040111526847,0.02141554467380047,0.0008269808022305369
276,0.0005279351607896388,0.024859895929694176,0.0010558703215792775,0.00039277112227864563,0.020511062815785408,0.0007855422445572913
277,0.0005132965743541718,0.024591075256466866,0.0010265931487083435,0.0004362578911241144,0.0224900059401989,0.0008725157822482288
278,0.0005224750493653119,0.024788228794932365,0.0010449500987306237,0.000527036318089813,0.02577926218509674,0.001054072636179626
279,0.0005114750238135457,0.024570075795054436,0.0010229500476270914,0.00043635620386339724,0.02213551662862301,0.0008727124077267945
280,0.0005217102007009089,0.024744488298892975,0.0010434204014018178,0.0004124098632019013,0.021258970722556114,0.0008248197264038026
281,0.0005222281906753778,0.02472943440079689,0.0010444563813507557,0.00040092633571475744,0.020768428221344948,0.0008018526714295149
282,0.0005060018738731742,0.02442026510834694,0.0010120037477463484,0.0003796155215241015,0.020481131970882416,0.000759231043048203
283,0.0005077866371721029,0.024442309513688087,0.0010155732743442059,0.0003939609450753778,0.021100902929902077,0.0007879218901507556
284,0.0005123759037815034,0.024578694254159927,0.0010247518075630069,0.0005188157083466649,0.024916330352425575,0.0010376314166933298
285,0.0005226520588621497,0.024797335267066956,0.0010453041177242994,0.00042468414176255465,0.021905679255723953,0.0008493682835251093
286,0.0005146317998878658,0.02464049868285656,0.0010292635997757316,0.00039705957169644535,0.02098359726369381,0.0007941191433928907
287,0.0005084311123937368,0.02452811226248741,0.0010168622247874737,0.0006207107217051089,0.027422413229942322,0.0012414214434102178
288,0.0005071591585874557,0.024504806846380234,0.0010143183171749115,0.00041608817991800606,0.02117573469877243,0.0008321763598360121
289,0.0005050726467743516,0.024456974118947983,0.0010101452935487032,0.0003636617911979556,0.019540539011359215,0.0007273235823959112
290,0.0005099859554320574,0.024415278807282448,0.0010199719108641148,0.00038333277916535735,0.02067672833800316,0.0007666655583307147
291,0.0005000550299882889,0.02418741211295128,0.0010001100599765778,0.00040901187458075583,0.02109760418534279,0.0008180237491615117
292,0.0005034873029217124,0.02427893504500389,0.0010069746058434248,0.00041283085010945797,0.02141553908586502,0.0008256617002189159
293,0.0004995183553546667,0.02424647845327854,0.0009990367107093334,0.0003766520239878446,0.02021409384906292,0.0007533040479756892
294,0.0004980714293196797,0.024190038442611694,0.0009961428586393595,0.0003753387136384845,0.019943369552493095,0.000750677427276969
295,0.0004963401588611305,0.02428571879863739,0.000992680317722261,0.0004536734486464411,0.022230619564652443,0.0009073468972928822
296,0.0005024876445531845,0.02427435852587223,0.001004975289106369,0.0003582322096917778,0.019358616322278976,0.0007164644193835557
297,0.0005040471442043781,0.02433711104094982,0.0010080942884087563,0.0003784776490647346,0.01965102180838585,0.0007569552981294692
298,0.000496945227496326,0.024144165217876434,0.000993890454992652,0.0003609677078202367,0.019709350541234016,0.0007219354156404734
299,0.0004973874310962856,0.024174785241484642,0.0009947748621925712,0.00036435885704122484,0.019927052780985832,0.0007287177140824497
300,0.0004946590634062886,0.0241079181432724,0.0009893181268125772,0.0003983030328527093,0.021137123927474022,0.0007966060657054186
301,0.0004937772173434496,0.024053329601883888,0.0009875544346868992,0.00036660677869804204,0.01924135908484459,0.0007332135573960841
302,0.0004935908364132047,0.024102170020341873,0.0009871816728264093,0.00038939990918152034,0.02038717269897461,0.0007787998183630407
303,0.0004921375657431781,0.024146869778633118,0.0009842751314863563,0.0004301189910620451,0.022277995944023132,0.0008602379821240902
304,0.000494931940920651,0.02397732622921467,0.000989863881841302,0.0003693195467349142,0.02020254172384739,0.0007386390934698284
305,0.00048367807175964117,0.023740919306874275,0.0009673561435192823,0.00036225339863449335,0.019538359716534615,0.0007245067972689867
306,0.0004910005955025554,0.02399209327995777,0.0009820011910051107,0.00040095404256135225,0.021002156659960747,0.0008019080851227045
307,0.0004909620620310307,0.024033209308981895,0.0009819241240620613,0.000361494196113199,0.01949014887213707,0.000722988392226398
308,0.0004988909931853414,0.02403314970433712,0.0009977819863706827,0.000371714384527877,0.020371513441205025,0.000743428769055754
309,0.000486245087813586,0.023854950442910194,0.000972490175627172,0.0003770196926780045,0.02027704380452633,0.000754039385356009
310,0.000488777004648,0.02404591254889965,0.000977554009296,0.00040939595783129334,0.021162254735827446,0.0008187919156625867
311,0.0004821574839297682,0.023793967440724373,0.0009643149678595364,0.0003817231918219477,0.020226821303367615,0.0007634463836438954
312,0.0004891104763373733,0.023961324244737625,0.0009782209526747465,0.000364183506462723,0.01957239955663681,0.000728367012925446
313,0.0004935528850182891,0.024145562201738358,0.0009871057700365782,0.00044902192894369364,0.022326374426484108,0.0008980438578873873
314,0.0004842651542276144,0.02392556704580784,0.0009685303084552288,0.0003921948664356023,0.02068927511572838,0.0007843897328712046
315,0.00048552066436968744,0.023893913254141808,0.0009710413287393749,0.000379155419068411,0.02005169540643692,0.000758310838136822
316,0.0004825521318707615,0.02385791763663292,0.000965104263741523,0.00036093450034968555,0.01952350325882435,0.0007218690006993711
317,0.000485198077512905,0.023935338482260704,0.00097039615502581,0.0003694452752824873,0.020133191719651222,0.0007388905505649745
318,0.0004864133370574564,0.023805711418390274,0.0009728266741149127,0.0005014162743464112,0.025166252627968788,0.0010028325486928225
319,0.0004803369811270386,0.02374890446662903,0.0009606739622540772,0.0003509339294396341,0.019299868494272232,0.0007018678588792682
320,0.00048188038635998964,0.023815151304006577,0.0009637607727199793,0.0003960746980737895,0.021105503663420677,0.000792149396147579
321,0.0004771099193021655,0.023587044328451157,0.000954219838604331,0.00034856979618780315,0.018860844895243645,0.0006971395923756063
322,0.0004770701052621007,0.023650256916880608,0.0009541402105242014,0.00038424532976932824,0.020678963512182236,0.0007684906595386565
323,0.0004786008794326335,0.023748425766825676,0.000957201758865267,0.00038249490899033844,0.020266814157366753,0.0007649898179806769
324,0.00047833003918640316,0.023653103038668633,0.0009566600783728063,0.00037387051270343363,0.02008964866399765,0.0007477410254068673
325,0.00047984402044676244,0.023692578077316284,0.0009596880408935249,0.00038593506906181574,0.02063761092722416,0.0007718701381236315
326,0.00047211916535161436,0.02358788251876831,0.0009442383307032287,0.00035866250982508063,0.019216710701584816,0.0007173250196501613
327,0.0004824084753636271,0.023813989013433456,0.0009648169507272542,0.0003683354880195111,0.020165758207440376,0.0007366709760390222
328,0.0004734671674668789,0.02362358197569847,0.0009469343349337578,0.0003890293010044843,0.020558934658765793,0.0007780586020089686
329,0.0004712269001174718,0.023495903238654137,0.0009424538002349436,0.0003780784027185291,0.02016863226890564,0.0007561568054370582
330,0.00046982307685539126,0.023451445624232292,0.0009396461537107825,0.0003523261402733624,0.019370704889297485,0.0007046522805467248
331,0.0004656673700083047,0.02343258634209633,0.0009313347400166094,0.0004194960347376764,0.0217392910271883,0.0008389920694753528
332,0.0004701107682194561,0.023512324318289757,0.0009402215364389122,0.0003803386352956295,0.020459746941924095,0.000760677270591259
333,0.0004718400596175343,0.023531204089522362,0.0009436801192350686,0.000361892074579373,0.019518345594406128,0.000723784149158746
334,0.00047584506683051586,0.02358483523130417,0.0009516901336610317,0.0003601301577873528,0.019637523218989372,0.0007202603155747056
335,0.00046958564780652523,0.02347296103835106,0.0009391712956130505,0.00035419565392658114,0.019550831988453865,0.0007083913078531623
336,0.00048047906602732837,0.023685509338974953,0.0009609581320546567,0.0003951361868530512,0.02115497551858425,0.0007902723737061024
337,0.00046738077071495354,0.02342182584106922,0.0009347615414299071,0.00040579482447355986,0.02116469293832779,0.0008115896489471197
338,0.00046722221304662526,0.02339801751077175,0.0009344444260932505,0.00034209174918942153,0.01905195601284504,0.0006841834983788431
339,0.000463263742858544,0.023370837792754173,0.000926527485717088,0.0003993434947915375,0.021279815584421158,0.000798686989583075
340,0.0004625889996532351,0.023310469463467598,0.0009251779993064702,0.00036114492104388773,0.019709572196006775,0.0007222898420877755
341,0.0004618499078787863,0.023275861516594887,0.0009236998157575727,0.00037179450737312436,0.020319148898124695,0.0007435890147462487
342,0.00046236166963353753,0.023340461775660515,0.0009247233392670751,0.0004082942905370146,0.021178562194108963,0.0008165885810740292
343,0.00046364052104763687,0.02325921691954136,0.0009272810420952737,0.00037628543213941157,0.020194275304675102,0.0007525708642788231
344,0.0004713979142252356,0.023419218137860298,0.0009427958284504712,0.00037751006311737,0.020369112491607666,0.00075502012623474
345,0.00046098983148112893,0.023273713886737823,0.0009219796629622579,0.000390793225960806,0.020995959639549255,0.000781586451921612
346,0.0004648878239095211,0.02332584373652935,0.0009297756478190422,0.00040875389822758734,0.0215427465736866,0.0008175077964551747
347,0.00046331240446306765,0.023262355476617813,0.0009266248089261353,0.0003777173988055438,0.02059885486960411,0.0007554347976110876
348,0.00045977410627529025,0.023256976157426834,0.0009195482125505805,0.00035362335620447993,0.019692853093147278,0.0007072467124089599
349,0.00046453357208520174,0.02329421602189541,0.0009290671441704035,0.0003780678380280733,0.020198611542582512,0.0007561356760561466
350,0.00046068045776337385,0.023237215355038643,0.0009213609155267477,0.00035583219141699374,0.01982693374156952,0.0007116643828339875
351,0.00046654758625663817,0.023302746936678886,0.0009330951725132763,0.0003627676342148334,0.019721606746315956,0.0007255352684296668
352,0.0004669295158237219,0.02333228290081024,0.0009338590316474438,0.0003757361264433712,0.020136354491114616,0.0007514722528867424
353,0.0004594067868310958,0.02326691523194313,0.0009188135736621916,0.00035679255961440504,0.01972668617963791,0.0007135851192288101
354,0.0004644588625524193,0.02332334779202938,0.0009289177251048386,0.0003886719641741365,0.020459437742829323,0.000777343928348273
355,0.0004695066891144961,0.023451799526810646,0.0009390133782289922,0.0003616599424276501,0.01967710629105568,0.0007233198848553002
356,0.0004552994214463979,0.023069797083735466,0.0009105988428927958,0.0003697386127896607,0.01992974430322647,0.0007394772255793214
357,0.00046148168621584773,0.023187119513750076,0.0009229633724316955,0.00040123017970472574,0.020843124017119408,0.0008024603594094515
358,0.00046178963384591043,0.023311415687203407,0.0009235792676918209,0.0003700832021422684,0.020029043778777122,0.0007401664042845368
359,0.0004564313858281821,0.023209746927022934,0.0009128627716563642,0.00035297873546369374,0.019426517188549042,0.0007059574709273875
360,0.00046784887672401965,0.023386001586914062,0.0009356977534480393,0.0003563466889318079,0.019734783098101616,0.0007126933778636158
361,0.0004534061881713569,0.02311800792813301,0.0009068123763427138,0.0003451208758633584,0.01921544224023819,0.0006902417517267168
362,0.0004592297482304275,0.02319098822772503,0.000918459496460855,0.0003753066703211516,0.020365945994853973,0.0007506133406423032
363,0.00045715412124991417,0.02325741946697235,0.0009143082424998283,0.00035674459650181234,0.019563354551792145,0.0007134891930036247
364,0.00047602117410860956,0.023497024551033974,0.0009520423482172191,0.0004146757419221103,0.021604305133223534,0.0008293514838442206
365,0.0005329343839548528,0.024974988773465157,0.0010658687679097056,0.00038107865839265287,0.020422114059329033,0.0007621573167853057
366,0.000536453677341342,0.025110429152846336,0.001072907354682684,0.00042982480954378843,0.021912982687354088,0.0008596496190875769
367,0.0005198534345254302,0.02470211312174797,0.0010397068690508604,0.0004762320313602686,0.024121982976794243,0.0009524640627205372
368,0.0005177636630833149,0.024675436317920685,0.0010355273261666298,0.000366070365998894,0.01948131062090397,0.000732140731997788
369,0.0005352500593289733,0.025003260001540184,0.0010705001186579466,0.00045807630522176623,0.023581763729453087,0.0009161526104435325
370,0.0005310978158377111,0.025040529668331146,0.0010621956316754222,0.0005149148055352271,0.025463733822107315,0.0010298296110704541
371,0.0005302397185005248,0.02499828301370144,0.0010604794370010495,0.00036235517472960055,0.020153431221842766,0.0007247103494592011
372,0.0005329556297510862,0.025047166272997856,0.0010659112595021725,0.0004580120148602873,0.02136482484638691,0.0009160240297205746
373,0.000530537567101419,0.024878358468413353,0.001061075134202838,0.0004121227248106152,0.02051134966313839,0.0008242454496212304
374,0.000526619958691299,0.024907555431127548,0.001053239917382598,0.0004516384797170758,0.023226454854011536,0.0009032769594341516
375,0.0005277316085994244,0.02486315183341503,0.0010554632171988487,0.0004236426902934909,0.02164658159017563,0.0008472853805869818
376,0.0005434897029772401,0.02524917759001255,0.0010869794059544802,0.0004246592288836837,0.021516121923923492,0.0008493184577673674
377,0.0005292273708619177,0.025032225996255875,0.0010584547417238355,0.00038896306068636477,0.020333465188741684,0.0007779261213727295
378,0.000537538668140769,0.02514616772532463,0.001075077336281538,0.0003948817902710289,0.02114911563694477,0.0007897635805420578
379,0.0005272344569675624,0.0249126348644495,0.0010544689139351249,0.0003835417446680367,0.020267929881811142,0.0007670834893360734
380,0.0005196953425183892,0.024816671386361122,0.0010393906850367785,0.0003845907049253583,0.020299861207604408,0.0007691814098507166
381,0.0005276873125694692,0.024928631260991096,0.0010553746251389384,0.0003729567106347531,0.02006402425467968,0.0007459134212695062
382,0.0005244137137196958,0.02478908933699131,0.0010488274274393916,0.00042161421151831746,0.022555282339453697,0.0008432284230366349
383,0.0005326704704202712,0.025009289383888245,0.0010653409408405423,0.0004587019211612642,0.022993965074419975,0.0009174038423225284
384,0.0005252602859400213,0.02472640760242939,0.0010505205718800426,0.0005166776827536523,0.02573053166270256,0.0010333553655073047
385,0.0005169221549294889,0.024599220603704453,0.0010338443098589778,0.0004413860442582518,0.022455623373389244,0.0008827720885165036
386,0.0005227643996477127,0.024799657985568047,0.0010455287992954254,0.00044226646423339844,0.022856907919049263,0.0008845329284667969
387,0.0005172903183847666,0.02470109984278679,0.0010345806367695332,0.0004677115357480943,0.022815922275185585,0.0009354230714961886
388,0.0005275901639834046,0.024838808923959732,0.0010551803279668093,0.0004857938620261848,0.023668261244893074,0.0009715877240523696
389,0.0005348205449990928,0.025086134672164917,0.0010696410899981856,0.0004853809659834951,0.02385345846414566,0.0009707619319669902
390,0.0005255691357888281,0.0249773096293211,0.0010511382715776563,0.0004736791015602648,0.02234043926000595,0.0009473582031205297
391,0.0005194732220843434,0.024595648050308228,0.0010389464441686869,0.0004097016353625804,0.020927701145410538,0.0008194032707251608
392,0.000517480366397649,0.024641526862978935,0.001034960732795298,0.00035163742722943425,0.01938418671488762,0.0007032748544588685
393,0.000517527514602989,0.024643512442708015,0.001035055029205978,0.00039497637772001326,0.020408781245350838,0.0007899527554400265
394,0.0005258782766759396,0.024811744689941406,0.0010517565533518791,0.0003699981316458434,0.019661128520965576,0.0007399962632916868
395,0.0005079273250885308,0.024503234773874283,0.0010158546501770616,0.0004140542878303677,0.0215817429125309,0.0008281085756607354
396,0.0005205675261095166,0.024743983522057533,0.0010411350522190332,0.0003668930730782449,0.019935395568609238,0.0007337861461564898
397,0.0005235160351730883,0.02488015778362751,0.0010470320703461766,0.0004273639351595193,0.021279577165842056,0.0008547278703190386
398,0.0005201520398259163,0.02472950704395771,0.0010403040796518326,0.00035985230351798236,0.01919536665081978,0.0007197046070359647
399,0.0005249615060165524,0.024797363206744194,0.001049923012033105,0.0004159192321822047,0.02134760469198227,0.0008318384643644094
400,0.0005126905743964016,0.024355821311473846,0.0010253811487928033,0.00038679304998368025,0.019532542675733566,0.0007735860999673605
401,0.0005137400003150105,0.02463744394481182,0.001027480000630021,0.0003744966525118798,0.019680466502904892,0.0007489933050237596
402,0.0005265634972602129,0.02482360601425171,0.0010531269945204258,0.00043952494161203504,0.021664142608642578,0.0008790498832240701
403,0.0005255877040326595,0.024838052690029144,0.001051175408065319,0.00038448270061053336,0.020510392263531685,0.0007689654012210667
404,0.0005081552662886679,0.024490773677825928,0.0010163105325773358,0.00044140510726720095,0.020791376009583473,0.0008828102145344019
405,0.0005135699175298214,0.024525411427021027,0.0010271398350596428,0.0004211832711007446,0.022338280454277992,0.0008423665422014892
406,0.00051456707296893,0.024634962901473045,0.00102913414593786,0.00045618743752129376,0.022457929328083992,0.0009123748750425875
407,0.0005201348685659468,0.024657275527715683,0.0010402697371318936,0.000356331147486344,0.019695423543453217,0.000712662294972688
408,0.0005117508117109537,0.024570489302277565,0.0010235016234219074,0.00042551467777229846,0.02199438214302063,0.0008510293555445969
409,0.000513763225171715,0.0245810616761446,0.00102752645034343,0.0003884480393026024,0.020287171006202698,0.0007768960786052048
410,0.0005148941418156028,0.02456403709948063,0.0010297882836312056,0.0004243181901983917,0.022590668871998787,0.0008486363803967834
411,0.0005153036909177899,0.024607134982943535,0.0010306073818355799,0.00037374472594819963,0.019509537145495415,0.0007474894518963993
412,0.0004995552008040249,0.02427923120558262,0.0009991104016080499,0.0004889356205239892,0.024002160876989365,0.0009778712410479784
413,0.0005350848659873009,0.02505054511129856,0.0010701697319746017,0.00043101218761876225,0.022048966959118843,0.0008620243752375245
414,0.0005224056076258421,0.024720449000597,0.0010448112152516842,0.0003756092337425798,0.020045138895511627,0.0007512184674851596
415,0.0005078985122963786,0.02433181367814541,0.0010157970245927572,0.00039245636435225606,0.020836573094129562,0.0007849127287045121
416,0.0005105424206703901,0.024462850764393806,0.0010210848413407803,0.00034706186852417886,0.01900460571050644,0.0006941237370483577
417,0.000506770156789571,0.024306535720825195,0.001013540313579142,0.0004661971761379391,0.021979115903377533,0.0009323943522758782
418,0.0005005330312997103,0.02429647371172905,0.0010010660625994205,0.0005524754524230957,0.024545300751924515,0.0011049509048461914
419,0.0005055345827713609,0.024289261549711227,0.0010110691655427217,0.00037452985998243093,0.01997212879359722,0.0007490597199648619
420,0.0005107383476570249,0.024438299238681793,0.0010214766953140497,0.00039904596633277833,0.021156786009669304,0.0007980919326655567
421,0.0005028562154620886,0.024352777749300003,0.0010057124309241772,0.00037839278229512274,0.02041197381913662,0.0007567855645902455
422,0.000509612902533263,0.02446662448346615,0.001019225805066526,0.0003671291924547404,0.019476260989904404,0.0007342583849094808
423,0.0005007446743547916,0.024337878450751305,0.0010014893487095833,0.0005169915966689587,0.025479065254330635,0.0010339831933379173
424,0.0005098090623505414,0.024514134973287582,0.0010196181247010827,0.0004203413554932922,0.02208266220986843,0.0008406827109865844
425,0.0005087533500045538,0.024534469470381737,0.0010175067000091076,0.0004206460725981742,0.021718310192227364,0.0008412921451963484
426,0.0004960988298989832,0.024261634796857834,0.0009921976597979665,0.000364486884791404,0.01948026940226555,0.000728973769582808
427,0.0005029890453442931,0.02430226467549801,0.0010059780906885862,0.0004163066914770752,0.02173384092748165,0.0008326133829541504
428,0.0005028995801694691,0.0242282897233963,0.0010057991603389382,0.0003805436135735363,0.019634848460555077,0.0007610872271470726
429,0.0004976794007234275,0.024254528805613518,0.000995358801446855,0.00037230714224278927,0.01968110166490078,0.0007446142844855785
430,0.0004947717534378171,0.024088824167847633,0.0009895435068756342,0.0003490880480967462,0.018801596015691757,0.0006981760961934924
431,0.0004952666349709034,0.024154258891940117,0.0009905332699418068,0.00035548186860978603,0.01927759312093258,0.0007109637372195721
432,0.0004996736533939838,0.024244090542197227,0.0009993473067879677,0.00036736950278282166,0.020156757906079292,0.0007347390055656433
433,0.000503937597386539,0.024304011836647987,0.001007875194773078,0.0003857360570691526,0.020623773336410522,0.0007714721141383052
434,0.0005103995790705085,0.024379203096032143,0.001020799158141017,0.00038949193549342453,0.019963201135396957,0.0007789838709868491
435,0.00049166678218171,0.023990437388420105,0.00098333356436342,0.0004328447103034705,0.022248422726988792,0.000865689420606941
436,0.0004928005510009825,0.024036245420575142,0.000985601102001965,0.00043495744466781616,0.022610515356063843,0.0008699148893356323
437,0.0004994916962459683,0.02417798340320587,0.0009989833924919367,0.00041302063618786633,0.02080550789833069,0.0008260412723757327
438,0.0004948560381308198,0.02414420060813427,0.0009897120762616396,0.0006082526524551213,0.025838227942585945,0.0012165053049102426
