Proteins, RateConstant, Number of peptides,Toal number of passed peptides, SD, Abundance
1433B_MOUSE,    0.073136, 6,   7.000000,    0.007658, 29461254144.000000
1433E_MOUSE,    0.080870, 6,   7.000000,    0.010563, 22360262656.000000
1433F_MOUSE,    0.064340, 3,   3.000000,    0.027732, 2527779584.000000
1433G_MOUSE,    0.082547, 5,   6.000000,    0.013309, 7270851072.000000
1433T_MOUSE,    0.120640, 3,   3.000000,    0.032470, 534551072.000000
1433Z_MOUSE,    0.082686, 6,   7.000000,    0.011956, 6570300416.000000
2A5A_MOUSE,    0.169045, 1,   1.000000,    0.085933, 181460160.000000
2AAA_MOUSE,    0.088620, 6,   7.000000,    0.021568, 4900136448.000000
2ABA_MOUSE,   10.313677, 1,   1.000000,    7.229786, 1777254912.000000
3HIDH_MOUSE,    0.021341, 10,  11.000000,    0.004706, 30623979520.000000
5NT3A_MOUSE,    0.062852, 4,   4.000000,    0.012887, 4718553600.000000
6PGD_MOUSE,    0.139894, 2,   2.000000,    0.061656, 1448153472.000000
6PGL_MOUSE,    0.038278, 4,   5.000000,    0.008957, 5144238592.000000
A1AG1_MOUSE,    1.081415, 0,   0.000000,    0.000000, 313189568.000000
A1AT2_MOUSE,    0.298739, 7,   7.000000,    0.103559, 15209232384.000000
A1AT3_MOUSE,    0.430655, 4,   4.000000,    0.196425, 15544385536.000000
A1AT4_MOUSE,    0.016327, 0,   0.000000,    0.000000, 4065584128.000000
A1AT5_MOUSE,    0.301499, 2,   2.000000,    0.002000, 1032730624.000000
AAKB2_MOUSE,    0.100683, 0,   0.000000,    0.000000, 58933608.000000
AAMDC_MOUSE,    0.065205, 2,   2.000000,    0.026394, 1164365056.000000
AATC_MOUSE,    0.051297, 35,  37.000000,    0.010837, 308520910848.000000
AATM_MOUSE,    0.020061, 45,  47.000000,    0.004054, 834854846464.000000
ABCB7_MOUSE,    0.029920, 2,   2.000000,    0.021599, 481857920.000000
ABCBA_MOUSE,    0.015124, 0,   0.000000,    0.001818, 225791040.000000
ABCE1_MOUSE,    0.059873, 1,   1.000000,    0.000000, 100487424.000000
ABEC2_MOUSE,    0.094225, 2,   2.000000,    0.038093, 1630368768.000000
ABHDB_MOUSE,    0.030251, 4,   4.000000,    0.009594, 4488546304.000000
ABLM1_MOUSE,    0.061821, 10,  14.000000,    0.013004, 14746689536.000000
ABRAL_MOUSE,    0.075565, 2,   2.000000,    0.021464, 758802624.000000
ACACB_MOUSE,    0.071649, 0,   0.000000,    0.000000, 50061360.000000
ACAD8_MOUSE,    0.033830, 4,   5.000000,    0.005989, 10325735424.000000
ACAD9_MOUSE,    0.022068, 3,   3.000000,    0.065438, 15023210496.000000
ACADL_MOUSE,    0.023422, 37,  39.000000,    0.005331, 725839970304.000000
ACADM_MOUSE,    0.035288, 34,  35.000000,    0.007702, 520916893696.000000
ACADS_MOUSE,    0.023283, 24,  25.000000,    0.005280, 126966046720.000000
ACADV_MOUSE,    0.040405, 47,  51.000000,    0.007021, 380619063296.000000
ACBP_MOUSE,    0.053992, 2,   2.000000,    0.014889, 15457076224.000000
ACD10_MOUSE,    0.026360, 10,  13.000000,    0.005705, 20988573696.000000
ACD11_MOUSE,    0.303141, 0,   0.000000,    0.000000, 233953488.000000
ACDSB_MOUSE,    0.059751, 4,   5.000000,    0.007676, 10788350976.000000
ACO13_MOUSE,    0.030466, 6,   7.000000,    0.004028, 90879483904.000000
ACOC_MOUSE,    0.054910, 4,   4.000000,    0.006383, 909549760.000000
ACON_MOUSE,    0.025527, 77,  78.000000,    0.006912, 2146368487424.000000
ACOT2_MOUSE,    0.022175, 18,  21.000000,    0.004089, 109810982912.000000
ACOT9_MOUSE,    0.048066, 2,   2.000000,    0.025801, 3830245376.000000
ACOX1_MOUSE,    0.346491, 4,   5.000000,    0.092607, 2044650624.000000
ACPM_MOUSE,    0.033550, 6,   7.000000,    0.006066, 63781920768.000000
ACS2L_MOUSE,    0.042655, 23,  26.000000,    0.010802, 67938721792.000000
ACSF2_MOUSE,    0.042265, 4,   5.000000,    0.006920, 4699053568.000000
ACSF3_MOUSE,    0.047591, 0,   0.000000,    0.000000, 207661984.000000
ACSL1_MOUSE,    0.036696, 37,  38.000000,    0.006813, 168331788288.000000
ACSL6_MOUSE,    0.030069, 2,   2.000000,    0.018319, 334236160.000000
ACTA_MOUSE,    0.022722, 65,  67.000000,    0.004061, 7962920747008.000000
ACTBL_MOUSE,    0.019225, 4,   5.000000,    0.013373, 17213126656.000000
ACTB_MOUSE,    0.069655, 10,  14.000000,    0.017187, 568991154176.000000
ACTC_MOUSE,    0.029118, 2,   2.000000,    0.001593, 265759916032.000000
ACTN1_MOUSE,    0.048466, 19,  25.000000,    0.013689, 165131567104.000000
ACTN2_MOUSE,    0.050170, 62,  65.000000,    0.010188, 984857903104.000000
ACTN4_MOUSE,    0.046724, 4,   7.000000,    0.006754, 26309068800.000000
ACTS_MOUSE,    0.018834, 1,   1.000000,    0.000000, 6391952896.000000
ACTY_MOUSE,    0.098916, 1,   1.000000,    0.000000, 74459656.000000
ACTZ_MOUSE,    0.001371, 2,   2.000000,    0.049443, 815115008.000000
ACYP1_MOUSE,    0.053313, 3,   3.000000,    0.016014, 3660873216.000000
ACYP2_MOUSE,    0.076798, 1,   1.000000,    0.507909, 3714587136.000000
ADCK1_MOUSE,    0.068089, 1,   1.000000,    0.000000, 65172972.000000
ADHX_MOUSE,    0.050195, 4,   5.000000,    0.013548, 3894726144.000000
ADIPO_MOUSE,    0.035393, 4,   5.000000,    0.010843, 9222493184.000000
ADK_MOUSE,    0.066097, 4,   6.000000,    0.008478, 11662958592.000000
ADRO_MOUSE,    0.028558, 1,   1.000000,    0.000000, 35074184.000000
ADT1_MOUSE,    0.023303, 35,  40.000000,    0.006215, 2630760267776.000000
ADT2_MOUSE,    0.025052, 4,   6.000000,    0.003409, 411081310208.000000
ADT4_MOUSE,    0.021701, 1,   1.000000,    0.000000, 3955865600.000000
AFG1L_MOUSE,    0.035284, 3,   3.000000,    0.015044, 7543196160.000000
AFG32_MOUSE,    0.042664, 10,  13.000000,    0.012996, 27084929024.000000
AGK_MOUSE,    1.774926, 0,   0.000000,    0.000000, 2702178.000000
AGRIN_MOUSE,    0.039391, 1,   1.000000,    0.000000, 62744592.000000
AIFM1_MOUSE,    0.022176, 9,  12.000000,    0.003846, 39129104384.000000
AK1A1_MOUSE,    0.207949, 0,   0.000000,    0.132229, 428002176.000000
AKAP1_MOUSE,    0.126885, 1,   1.000000,    0.000000, 7557611520.000000
AKCL2_MOUSE,    0.031708, 1,   1.000000,    0.000000, 144510720.000000
AL1A1_MOUSE,    0.196092, 2,   2.000000,    0.117421, 212698256.000000
AL1B1_MOUSE,    0.016431, 0,   0.000000,    0.000000, 75738744.000000
AL4A1_MOUSE,    0.025001, 12,  14.000000,    0.003022, 32683620352.000000
AL7A1_MOUSE,    0.027447, 2,   2.000000,    0.019400, 1132254464.000000
AL9A1_MOUSE,    0.048476, 0,   0.000000,    0.000000, 85947480.000000
ALAT1_MOUSE,    0.099931, 1,   1.000000,    0.000000, 310289984.000000
ALBU_MOUSE,    0.157708, 53,  54.000000,    0.031388, 1469211869184.000000
ALD1_MOUSE,    0.032645, 1,   1.000000,    0.000000, 4357050368.000000
ALD2_MOUSE,    0.030529, 2,   2.000000,    0.000940, 1562997248.000000
ALDH2_MOUSE,    0.066573, 19,  21.000000,    0.014933, 82718466048.000000
ALDOA_MOUSE,    0.094675, 30,  31.000000,    0.018480, 370710839296.000000
ALDOB_MOUSE,    0.063609, 0,   0.000000,    0.005969, 252494768.000000
ALDR_MOUSE,    0.046585, 10,  12.000000,    0.010557, 37006893056.000000
AMACR_MOUSE,    0.028829, 1,   1.000000,    0.015010, 472493824.000000
AMPL_MOUSE,    0.038782, 4,   4.000000,    0.007062, 5057500672.000000
AMRP_MOUSE,    0.258753, 1,   1.000000,    0.000000, 156063088.000000
AN32A_MOUSE,    0.069802, 3,   3.000000,    0.058352, 2465392640.000000
ANK2_MOUSE,    0.102321, 1,   1.000000,    0.016279, 321595360.000000
ANT3_MOUSE,    0.509353, 4,   5.000000,    0.219908, 3674617856.000000
ANX11_MOUSE,    0.098347, 3,   3.000000,    0.032488, 1846927232.000000
ANXA1_MOUSE,    0.041817, 1,   1.000000,    0.055597, 728720384.000000
ANXA2_MOUSE,    0.036657, 10,  11.000000,    0.007172, 16613960704.000000
ANXA3_MOUSE,    0.044612, 4,   4.000000,    0.055681, 1288765824.000000
ANXA4_MOUSE,    0.043191, 3,   3.000000,    0.015023, 3952600064.000000
ANXA5_MOUSE,    0.104790, 8,  11.000000,    0.023595, 21821583360.000000
ANXA6_MOUSE,    0.065102, 16,  19.000000,    0.013401, 42162745344.000000
ANXA7_MOUSE,    0.075227, 4,   4.000000,    0.019471, 1754172288.000000
AOC3_MOUSE,    0.018270, 0,   0.000000,    0.000000, 27481246.000000
AOFB_MOUSE,    0.027374, 5,   6.000000,    0.002086, 6377995264.000000
AP1B1_MOUSE,    0.089950, 4,   4.000000,    0.045247, 10626612224.000000
AP2A1_MOUSE,    0.065699, 3,   3.000000,    0.074296, 416605280.000000
AP2A2_MOUSE,    0.079127, 1,   1.000000,    0.682162, 205164240.000000
AP2B1_MOUSE,    0.075981, 1,   1.000000,    0.004586, 2843243264.000000
AP4A_MOUSE,    0.019075, 1,   1.000000,    0.005295, 3144703232.000000
APEH_MOUSE,    0.068800, 0,   0.000000,    0.048493, 427072896.000000
APOA1_MOUSE,    0.551083, 5,   9.000000,    0.099577, 36848898048.000000
APOA4_MOUSE,    0.191608, 1,   1.000000,    0.000000, 3297742080.000000
AQP1_MOUSE,    0.110568, 0,   0.000000,    0.053254, 619480128.000000
ARC1A_MOUSE,    0.164988, 2,   2.000000,    0.087928, 621992704.000000
ARF1_MOUSE,    0.171567, 4,   5.000000,    0.012515, 6594340864.000000
ARHL1_MOUSE,    0.077366, 9,  10.000000,    0.015037, 14214657024.000000
ARK72_MOUSE,    0.033232, 6,   6.000000,    0.005017, 6596511232.000000
ARMC1_MOUSE,    0.050982, 0,   0.000000,    0.000000, 16987990.000000
ARP3_MOUSE,    0.069954, 4,   5.000000,    0.028596, 5562865664.000000
ARPC4_MOUSE,    0.048390, 1,   1.000000,    0.000000, 143964992.000000
ASGL1_MOUSE,    0.030918, 3,   3.000000,    0.035451, 1084933760.000000
ASPH_MOUSE,    0.048822, 2,   2.000000,    0.044972, 783180416.000000
AT1A1_MOUSE,    0.044279, 36,  38.000000,    0.007455, 107122327552.000000
AT1A2_MOUSE,    0.116847, 2,   2.000000,    0.044904, 2937500416.000000
AT1B1_MOUSE,    0.044795, 4,   5.000000,    0.003165, 25979140096.000000
AT1B3_MOUSE,    0.026398, 0,   0.000000,    0.000000, 697428224.000000
AT2A2_MOUSE,    0.087177, 84,  90.000000,    0.024003, 1251291955200.000000
AT5F1_MOUSE,    0.021404, 17,  18.000000,    0.003097, 279243227136.000000
ATAD1_MOUSE,    0.066514, 3,   3.000000,    0.031768, 1741956480.000000
ATAD3_MOUSE,    0.033122, 2,   2.000000,    0.007188, 27774142464.000000
ATIF1_MOUSE,    0.038765, 4,   4.000000,    0.024544, 1976492672.000000
ATOX1_MOUSE,    0.037165, 1,   1.000000,    0.000000, 1151348608.000000
ATP5E_MOUSE,    0.033563, 1,   1.000000,    0.000000, 44990992384.000000
ATP5H_MOUSE,    0.023510, 20,  22.000000,    0.004560, 597175369728.000000
ATP5I_MOUSE,    0.017838, 6,   8.000000,    0.005963, 117171363840.000000
ATP5J_MOUSE,    0.027689, 7,   8.000000,    0.001866, 103222198272.000000
ATP5L_MOUSE,    0.024420, 9,  10.000000,    0.003191, 92329467904.000000
ATP5S_MOUSE,    0.052933, 1,   1.000000,    0.000000, 161238752.000000
ATP68_MOUSE,    0.031289, 1,   1.000000,    0.000000, 3146403840.000000
ATP6_MOUSE,    0.023837, 4,   5.000000,    0.003542, 4599223808.000000
ATP8_MOUSE,    0.020248, 1,   1.000000,    0.000000, 6325417472.000000
ATPA_MOUSE,    0.027455, 71,  72.000000,    0.006212, 3731646840832.000000
ATPB_MOUSE,    0.023187, 71,  72.000000,    0.004285, 5011355992064.000000
ATPD_MOUSE,    0.021443, 11,  12.000000,    0.003698, 185144541184.000000
ATPF1_MOUSE,    0.056385, 1,   1.000000,    0.005944, 739117440.000000
ATPF2_MOUSE,    0.041327, 0,   0.000000,    0.008760, 472524000.000000
ATPG_MOUSE,    0.020328, 14,  16.000000,    0.004671, 447940427776.000000
ATPK_MOUSE,    0.015894, 5,   5.000000,    0.006164, 145248256000.000000
ATPMK_MOUSE,    0.018183, 2,   2.000000,    0.023866, 36572377088.000000
ATPO_MOUSE,    0.020271, 14,  15.000000,    0.003951, 371603406848.000000
AUHM_MOUSE,    0.019704, 4,   4.000000,    0.007969, 6826248192.000000
B2L13_MOUSE,    0.029830, 4,   4.000000,    0.011557, 4837385216.000000
B3AT_MOUSE,    0.015002, 4,   4.000000,    0.005192, 3036616704.000000
BACH_MOUSE,    0.039185, 2,   2.000000,    0.004350, 889476224.000000
BAG3_MOUSE,    0.123204, 5,   6.000000,    0.023818, 4933395968.000000
BASI_MOUSE,    0.067717, 5,   6.000000,    0.019346, 21818847232.000000
BCAM_MOUSE,    0.150573, 4,   4.000000,    0.046211, 1207714176.000000
BCAT2_MOUSE,    0.023036, 9,  12.000000,    0.004885, 38584057856.000000
BCS1_MOUSE,   10.774413, 1,   1.000000,    7.611129, 8181186560.000000
BDH_MOUSE,    0.020877, 11,  14.000000,    0.004591, 76525838336.000000
BIEA_MOUSE,    0.115747, 0,   0.000000,    0.000000, 28817470.000000
BIP_MOUSE,    0.114079, 12,  14.000000,    0.024156, 61981958144.000000
BLMH_MOUSE,    0.039749, 1,   1.000000,    0.018117, 222604416.000000
BLVRB_MOUSE,    0.048917, 2,   2.000000,    0.012673, 2393603584.000000
BOLA3_MOUSE,    0.056331, 3,   3.000000,    0.012476, 979258176.000000
BPHL_MOUSE,    0.025182, 4,   5.000000,    0.010203, 4228513280.000000
BRI3B_MOUSE,    0.040831, 1,   1.000000,    0.017209, 3324247296.000000
C1QBP_MOUSE,    0.025887, 4,   4.000000,    0.004318, 14466095104.000000
C1TC_MOUSE,    0.099494, 0,   0.000000,    0.000000, 23310392.000000
C560_MOUSE,    0.011947, 4,   6.000000,    0.005835, 33396133888.000000
CA2D1_MOUSE,    0.320678, 2,   2.000000,    0.192822, 1174463616.000000
CACP_MOUSE,    0.025948, 17,  20.000000,    0.005958, 79627141120.000000
CAD13_MOUSE,    0.037901, 4,   4.000000,    0.012489, 9607922688.000000
CADH2_MOUSE,    0.061724, 6,   6.000000,    0.010975, 8222832640.000000
CAF17_MOUSE,    0.029404, 2,   2.000000,    0.008673, 2354021376.000000
CAH1_MOUSE,    0.046542, 0,   0.000000,    0.029113, 487620960.000000
CAH2_MOUSE,    0.016938, 4,   5.000000,    0.001880, 8791037952.000000
CALM1_MOUSE,    0.091797, 5,   6.000000,    0.011788, 5448918528.000000
CALR_MOUSE,    0.131066, 4,   5.000000,    0.034277, 3895306496.000000
CALU_MOUSE,    0.000376, 1,   1.000000,    0.000000, 76374296.000000
CALX_MOUSE,    0.117048, 5,   7.000000,    0.028868, 11026912256.000000
CAN2_MOUSE,    0.083826, 0,   0.000000,    0.032216, 98208784.000000
CAND2_MOUSE,    0.140090, 3,   3.000000,    0.089506, 1847033728.000000
CAP1_MOUSE,    0.109272, 1,   1.000000,    0.000000, 99922624.000000
CAP2_MOUSE,    0.061771, 1,   1.000000,    0.000000, 3957768960.000000
CAPZB_MOUSE,    0.064151, 6,   6.000000,    0.020237, 7787389952.000000
CASQ2_MOUSE,    0.041333, 13,  15.000000,    0.005888, 102400712704.000000
CATA_MOUSE,    0.186276, 7,   9.000000,    0.036599, 8598839296.000000
CATB_MOUSE,    0.092642, 4,   6.000000,    0.016974, 7493884416.000000
CATD_MOUSE,    0.079627, 4,   7.000000,    0.015258, 15412426752.000000
CAV1_MOUSE,    0.038953, 4,   5.000000,    0.008004, 17307836416.000000
CAVN1_MOUSE,    0.042770, 8,  10.000000,    0.008610, 44090007552.000000
CAVN2_MOUSE,    0.069146, 4,   4.000000,    0.012445, 2006875776.000000
CAVN3_MOUSE,    0.028287, 1,   1.000000,    0.000000, 112398400.000000
CAVN4_MOUSE,    0.054496, 4,   5.000000,    0.010212, 2568964864.000000
CAZA1_MOUSE,    0.050117, 2,   2.000000,    0.058381, 3702230784.000000
CAZA2_MOUSE,    0.057227, 11,  11.000000,    0.011403, 8638589952.000000
CBR1_MOUSE,    0.043150, 2,   2.000000,    0.084145, 5030294528.000000
CBR4_MOUSE,    0.022049, 1,   1.000000,    0.000000, 2530022400.000000
CBX3_MOUSE,    0.210158, 2,   2.000000,    0.009285, 466100864.000000
CC90B_MOUSE,    0.010576, 2,   2.000000,    0.007524, 1634117376.000000
CCHL_MOUSE,    0.111138, 4,   4.000000,    0.059373, 2539021312.000000
CD36_MOUSE,    0.089415, 12,  14.000000,    0.021883, 62652116992.000000
CD81_MOUSE,    0.000488, 0,   0.000000,    0.000000, 152059824.000000
CDC42_MOUSE,    0.139934, 2,   2.000000,    0.061448, 2031947264.000000
CEBOS_MOUSE,    0.014625, 1,   1.000000,    0.000000, 2424274432.000000
CENPV_MOUSE,    0.096465, 2,   2.000000,    0.045670, 1122183424.000000
CERU_MOUSE,    0.136982, 4,   7.000000,    0.052249, 5770317312.000000
CH082_MOUSE,    0.029276, 4,   4.000000,    0.018109, 4525158400.000000
CH10_MOUSE,    0.028794, 4,   4.000000,    0.009500, 74031120384.000000
CH60_MOUSE,    0.025095, 34,  36.000000,    0.004993, 254343282688.000000
CHCH2_MOUSE,    0.869160, 2,   2.000000,    0.022443, 2081391488.000000
CIA30_MOUSE,    9.436045, 0,   0.000000,    0.000000, 1393914240.000000
CISD1_MOUSE,    0.026912, 4,   5.000000,    0.005439, 59387273216.000000
CISD2_MOUSE,    0.088766, 2,   2.000000,    0.013677, 298637696.000000
CISD3_MOUSE,    0.034484, 1,   1.000000,    0.010736, 2066127104.000000
CISY_MOUSE,    0.020791, 25,  26.000000,    0.004171, 280433819648.000000
CLH1_MOUSE,    0.096121, 20,  21.000000,    0.025768, 17331044352.000000
CLIC5_MOUSE,    0.074013, 1,   1.000000,    0.052293, 348341248.000000
CLIP1_MOUSE,    0.200499, 1,   1.000000,    0.000000, 99869576.000000
CLPB_MOUSE,    0.018896, 0,   0.000000,    0.000000, 223997392.000000
CLPP_MOUSE,    0.040795, 2,   2.000000,    0.004975, 986259712.000000
CLU_MOUSE,    0.085133, 1,   1.000000,    0.000000, 117630552.000000
CLYBL_MOUSE,    0.034952, 6,  10.000000,    0.007111, 23846752256.000000
CMBL_MOUSE,    0.034814, 2,   2.000000,    0.005208, 716358784.000000
CMC1_MOUSE,    0.021803, 35,  36.000000,    0.005622, 112311451648.000000
CMC2_MOUSE,    0.019990, 14,  18.000000,    0.004254, 42381463552.000000
CNBP_MOUSE,    0.126119, 0,   0.000000,    0.000000, 719020288.000000
CNDP2_MOUSE,    0.060528, 1,   1.000000,    0.039268, 860577920.000000
CNPY2_MOUSE,    0.304332, 0,   0.000000,    0.000000, 94513400.000000
CO1A1_MOUSE,    0.000485, 4,   4.000000,    0.002268, 28259790848.000000
CO1A2_MOUSE,    0.003906, 3,   3.000000,    0.002477, 7079977984.000000
CO3_MOUSE,    0.517980, 5,   9.000000,    0.223676, 9469303808.000000
CO4A1_MOUSE,    0.012973, 4,   5.000000,    0.002432, 7350625792.000000
CO4A2_MOUSE,    0.000527, 5,   5.000000,    0.009028, 12150087680.000000
CO6A1_MOUSE,    0.001947, 23,  31.000000,    0.001435, 75972272128.000000
CO6A2_MOUSE,    0.001913, 16,  20.000000,    0.002045, 67132149760.000000
CO6A6_MOUSE,    0.006333, 7,   8.000000,    0.004090, 7010073088.000000
COA6_MOUSE,    0.001230, 0,   0.000000,    0.000000, 59681244.000000
COA7_MOUSE,    0.062391, 2,   2.000000,    0.034697, 252847456.000000
COF1_MOUSE,    0.101187, 4,   5.000000,    0.027045, 11840546816.000000
COF2_MOUSE,    0.088050, 4,   5.000000,    0.007964, 14509514752.000000
COFA1_MOUSE,    0.041893, 4,   5.000000,    0.008320, 5904722944.000000
COMT_MOUSE,    0.142569, 4,   4.000000,    0.065709, 4083310080.000000
COQ3_MOUSE,    0.048791, 4,   4.000000,    0.009798, 7235671552.000000
COQ5_MOUSE,    0.058377, 6,   8.000000,    0.012400, 7138758656.000000
COQ6_MOUSE,    0.030491, 9,  10.000000,    0.005103, 12465197056.000000
COQ7_MOUSE,    0.034915, 3,   3.000000,    0.011676, 7789021184.000000
COQ8A_MOUSE,    0.096766, 13,  16.000000,    0.029920, 26661789696.000000
COQ9_MOUSE,    0.036097, 10,  11.000000,    0.005771, 46298202112.000000
COR1C_MOUSE,    0.125472, 1,   1.000000,    0.000000, 114448976.000000
COX15_MOUSE,    0.067871, 1,   1.000000,    0.040454, 2194894592.000000
COX1_MOUSE,    0.033470, 7,   9.000000,    0.003852, 99879395328.000000
COX20_MOUSE,    0.000792, 1,   1.000000,    0.000000, 51061292.000000
COX2_MOUSE,    0.023978, 17,  20.000000,    0.004637, 423085604864.000000
COX3_MOUSE,    0.034106, 3,   3.000000,    0.002815, 8606012416.000000
COX41_MOUSE,    0.028197, 10,  11.000000,    0.004266, 545812381696.000000
COX5A_MOUSE,    0.024504, 25,  28.000000,    0.006466, 433404805120.000000
COX5B_MOUSE,    0.016995, 7,  10.000000,    0.006182, 289380990976.000000
COX6C_MOUSE,    0.025869, 4,   6.000000,    0.002858, 106509885440.000000
COX7B_MOUSE,    0.005410, 0,   0.000000,    0.000000, 104539032.000000
COX7C_MOUSE,    0.008970, 2,   2.000000,    0.003388, 492849824.000000
COX7R_MOUSE,    0.727249, 0,   0.000000,    0.000000, 327368896.000000
COX8B_MOUSE,    0.025524, 3,   3.000000,    0.002726, 48631599104.000000
CPT1B_MOUSE,    0.042366, 28,  31.000000,    0.010428, 134634029056.000000
CPT2_MOUSE,    0.032448, 35,  37.000000,    0.008367, 140975849472.000000
CRIP2_MOUSE,    0.058001, 7,  10.000000,    0.013221, 19064576000.000000
CRYAB_MOUSE,    0.140948, 7,  10.000000,    0.029441, 138429546496.000000
CSN2_MOUSE,    0.110913, 1,   1.000000,    0.000000, 55348240.000000
CSN4_MOUSE,    0.030523, 1,   1.000000,    0.000000, 21447737344.000000
CSN6_MOUSE,    0.088335, 1,   1.000000,    0.000000, 176602048.000000
CSN8_MOUSE,    0.102377, 2,   2.000000,    0.033368, 622163008.000000
CSRP1_MOUSE,    0.048799, 0,   0.000000,    0.010184, 335001312.000000
CSRP3_MOUSE,    0.069398, 11,  13.000000,    0.015271, 121435537408.000000
CTBP1_MOUSE,    3.823533, 1,   1.000000,    2.646412, 528359584.000000
CTNA1_MOUSE,    0.187936, 4,   5.000000,    0.043411, 4627535872.000000
CTNA3_MOUSE,    0.038250, 2,   2.000000,    0.596199, 3834650624.000000
CTNB1_MOUSE,    0.037449, 5,   6.000000,    0.011463, 52307079168.000000
CX6A2_MOUSE,    0.064550, 2,   2.000000,    0.006023, 857122560.000000
CX6B1_MOUSE,    0.022428, 5,   6.000000,    0.002175, 279904518144.000000
CX7A1_MOUSE,    0.042739, 4,   4.000000,    0.011868, 137580363776.000000
CX7A2_MOUSE,    0.069853, 2,   2.000000,    0.006822, 13105177600.000000
CXA1_MOUSE,    0.067664, 3,   3.000000,    0.011694, 4821423616.000000
CY1_MOUSE,    0.020348, 19,  22.000000,    0.005083, 363608965120.000000
CYB5B_MOUSE,    0.022504, 2,   2.000000,    0.007583, 2492098816.000000
CYB5_MOUSE,    0.147316, 2,   2.000000,    0.045910, 598873152.000000
CYB_MOUSE,    0.004330, 3,   3.000000,    0.013793, 20361093120.000000
CYC2_MOUSE,    0.014358, 2,   2.000000,    0.001335, 41332830208.000000
CYC_MOUSE,    0.024788, 13,  15.000000,    0.004324, 688071049216.000000
CYTB_MOUSE,    0.066237, 2,   2.000000,    0.004596, 586044160.000000
D39U1_MOUSE,    0.024765, 4,   5.000000,    0.008935, 10779905024.000000
DAG1_MOUSE,    0.095236, 2,   2.000000,    0.031009, 4440005632.000000
DC1I2_MOUSE,    0.003711, 1,   1.000000,    0.000000, 63152720.000000
DC1L1_MOUSE,    0.327412, 4,   4.000000,    0.122144, 829001344.000000
DCAKD_MOUSE,    0.628500, 2,   2.000000,    0.412629, 129568864.000000
DCMC_MOUSE,    0.025215, 4,   8.000000,    0.003966, 8041112576.000000
DCTN1_MOUSE,    0.528239, 0,   0.000000,    0.373476, 780371328.000000
DCTN2_MOUSE,    0.201937, 1,   1.000000,    0.000000, 102643856.000000
DDX1_MOUSE,    2.350340, 0,   0.000000,    1.566542, 353603936.000000
DDX3L_MOUSE,    0.444323, 3,   3.000000,    0.133183, 1284269568.000000
DDX5_MOUSE,    0.292716, 3,   3.000000,    0.171049, 2216957440.000000
DECR_MOUSE,    0.020910, 19,  22.000000,    0.004446, 230476677120.000000
DERM_MOUSE,    0.001099, 2,   2.000000,    0.000024, 348245760.000000
DESM_MOUSE,    0.071099, 30,  31.000000,    0.013111, 386075787264.000000
DESP_MOUSE,    0.135881, 52,  54.000000,    0.034592, 58148773888.000000
DEST_MOUSE,    0.096244, 4,   4.000000,    0.020420, 11054848000.000000
DGUOK_MOUSE,    0.003123, 1,   1.000000,    0.002323, 330370720.000000
DHB11_MOUSE,    0.062646, 2,   2.000000,    0.016833, 557727744.000000
DHB4_MOUSE,    0.100516, 6,   6.000000,    0.016313, 7810869760.000000
DHB8_MOUSE,    0.021247, 5,   6.000000,    0.002689, 11878571008.000000
DHDH_MOUSE,    0.040627, 1,   1.000000,    0.000000, 318969184.000000
DHE3_MOUSE,    0.025442, 12,  13.000000,    0.005302, 19031932928.000000
DHPR_MOUSE,    0.043779, 4,   4.000000,    0.008495, 7936330752.000000
DHR11_MOUSE,    0.063049, 2,   2.000000,    0.013072, 908809984.000000
DHRS4_MOUSE,    0.023781, 9,  10.000000,    0.004483, 35175190528.000000
DHSD_MOUSE,    0.044054, 1,   1.000000,    0.000000, 356333088.000000
DHSO_MOUSE,    0.049991, 2,   2.000000,    0.005883, 12093741056.000000
DHX9_MOUSE,    0.090265, 1,   1.000000,    0.000000, 49215104.000000
DJC11_MOUSE,    0.117225, 0,   0.000000,    0.053531, 635106368.000000
DLDH_MOUSE,    0.020498, 32,  35.000000,    0.005376, 277686255616.000000
DMD_MOUSE,    0.038705, 32,  38.000000,    0.010524, 25764079616.000000
DNJA2_MOUSE,    0.196035, 4,   4.000000,    0.176422, 10215431168.000000
DNJA3_MOUSE,    0.063261, 4,   5.000000,    0.014616, 2907346432.000000
DNJA4_MOUSE,    0.001811, 1,   1.000000,    0.000000, 204872752.000000
DNJB6_MOUSE,    0.000539, 0,   0.000000,    0.000000, 118741752.000000
DNM1L_MOUSE,    0.064214, 8,   8.000000,    0.009440, 2841353728.000000
DNPEP_MOUSE,    0.076336, 2,   2.000000,    0.003487, 1074619776.000000
DOPD_MOUSE,    0.039137, 4,   5.000000,    0.006978, 14563316736.000000
DPEP1_MOUSE,    0.044556, 1,   1.000000,    0.000000, 158653296.000000
DPYL2_MOUSE,    0.042453, 6,   9.000000,    0.008245, 9683568640.000000
DPYL3_MOUSE,    0.058165, 0,   0.000000,    0.000000, 39238800.000000
DRS7C_MOUSE,    0.054515, 2,   2.000000,    0.006301, 403759744.000000
DSC2_MOUSE,    0.075130, 1,   1.000000,    0.053113, 1040872640.000000
DSG2_MOUSE,    0.032475, 4,   4.000000,    0.005122, 2188000512.000000
DTNA_MOUSE,    0.028870, 3,   3.000000,    0.018502, 488418880.000000
DUS3_MOUSE,    0.052827, 3,   3.000000,    0.008453, 5260345856.000000
DYHC1_MOUSE,    0.077103, 16,  22.000000,    0.020201, 16309214208.000000
DYL2_MOUSE,    0.095268, 3,   3.000000,    0.043096, 532766080.000000
DYSF_MOUSE,    0.027186, 3,   3.000000,    0.021784, 19812556800.000000
ECH1_MOUSE,    0.117191, 18,  19.000000,    0.025962, 88548171776.000000
ECHA_MOUSE,    0.025229, 66,  71.000000,    0.006769, 1346111537152.000000
ECHB_MOUSE,    0.043380, 53,  55.000000,    0.011700, 827622686720.000000
ECHD2_MOUSE,    0.032598, 2,   2.000000,    0.007444, 933330176.000000
ECHD3_MOUSE,    0.038975, 0,   0.000000,    0.000000, 73962648.000000
ECHM_MOUSE,    0.021945, 19,  21.000000,    0.006168, 162175401984.000000
ECI1_MOUSE,    0.022720, 19,  22.000000,    0.004413, 203171610624.000000
ECI2_MOUSE,    0.026137, 12,  14.000000,    0.004102, 38809772032.000000
EDEM1_MOUSE,    0.045587, 1,   1.000000,    0.000000, 268500000.000000
EF1A1_MOUSE,    0.057132, 9,  10.000000,    0.016364, 128968892416.000000
EF1A2_MOUSE,    0.059847, 10,  11.000000,    0.009602, 60826222592.000000
EF1B_MOUSE,    0.117814, 1,   1.000000,    0.000000, 1464146304.000000
EF1D_MOUSE,    0.121326, 4,   4.000000,    0.019383, 2064069760.000000
EF1G_MOUSE,    0.080953, 6,   6.000000,    0.011012, 5044815360.000000
EF2_MOUSE,    0.099876, 25,  29.000000,    0.029217, 52309446656.000000
EFGM_MOUSE,    0.100488, 5,   7.000000,    0.019375, 5051378688.000000
EFTS_MOUSE,    0.030942, 3,   3.000000,    0.030745, 1811598848.000000
EFTU_MOUSE,    0.026217, 34,  35.000000,    0.004596, 129483882496.000000
EHD1_MOUSE,    0.049252, 9,  12.000000,    0.011360, 13779857408.000000
EHD2_MOUSE,    0.028434, 8,  12.000000,    0.007153, 16711706624.000000
EHD3_MOUSE,    1.778588, 1,   1.000000,    1.095471, 3065355776.000000
EHD4_MOUSE,    0.139441, 6,   8.000000,    0.032730, 12677810176.000000
EI3JA_MOUSE,    1.534402, 0,   0.000000,    1.084942, 237981216.000000
EIF3B_MOUSE,    0.084048, 1,   1.000000,    0.047425, 101064496.000000
EIF3C_MOUSE,    0.410122, 1,   1.000000,    0.000000, 99006656.000000
ELOC_MOUSE,    0.087801, 3,   3.000000,    0.027049, 421153280.000000
EMAL1_MOUSE,    0.119991, 0,   0.000000,    0.064665, 328099360.000000
EMAL2_MOUSE,    0.103081, 2,   2.000000,    0.040820, 1857792640.000000
ENOA_MOUSE,    0.037626, 21,  24.000000,    0.008668, 203733434368.000000
ENOB_MOUSE,    0.050614, 19,  20.000000,    0.006258, 188828745728.000000
ENOG_MOUSE,    0.710997, 0,   0.000000,    0.000000, 470875360.000000
ENPL_MOUSE,    0.142116, 10,  12.000000,    0.026636, 14597267456.000000
EST1C_MOUSE,    0.410240, 4,   4.000000,    0.230177, 5409009664.000000
EST1D_MOUSE,    0.151279, 3,   3.000000,    0.044013, 2616734976.000000
ESTD_MOUSE,    0.046283, 5,   6.000000,    0.008070, 13277153280.000000
ESYT1_MOUSE,    0.071670, 3,   3.000000,    0.009237, 212928736.000000
ETFA_MOUSE,    0.025115, 25,  27.000000,    0.004377, 691944226816.000000
ETFB_MOUSE,    0.024666, 19,  21.000000,    0.005469, 482750922752.000000
ETFD_MOUSE,    0.022098, 28,  32.000000,    0.005288, 266008002560.000000
ETHE1_MOUSE,    0.014056, 5,   5.000000,    0.014022, 7053166592.000000
EZRI_MOUSE,    0.075493, 4,   5.000000,    0.024220, 8502589440.000000
F10A1_MOUSE,    0.219798, 3,   3.000000,    0.120819, 694885440.000000
F162A_MOUSE,    0.036346, 4,   6.000000,    0.002442, 10213809152.000000
F16P2_MOUSE,    0.055318, 3,   3.000000,    0.027284, 1632269056.000000
F210A_MOUSE,    0.786715, 2,   2.000000,    0.511841, 1414400384.000000
FAAA_MOUSE,    0.035058, 3,   3.000000,    0.003561, 1963377024.000000
FABD_MOUSE,    0.212239, 0,   0.000000,    0.000000, 31096214.000000
FABP4_MOUSE,    0.051564, 11,  13.000000,    0.011389, 319912738816.000000
FABP5_MOUSE,    0.045835, 3,   3.000000,    0.007090, 4393683456.000000
FABPH_MOUSE,    0.038649, 13,  15.000000,    0.006335, 1178148536320.000000
FAHD1_MOUSE,    0.047371, 4,   4.000000,    0.011009, 3837921024.000000
FAHD2_MOUSE,    0.022135, 3,   3.000000,    0.004595, 3970865152.000000
FBLI1_MOUSE,    0.107109, 1,   1.000000,    0.029355, 271755552.000000
FBN1_MOUSE,    0.000319, 22,  26.000000,    0.001032, 63147134976.000000
FERM2_MOUSE,    0.066914, 4,   6.000000,    0.013637, 3733297152.000000
FETUA_MOUSE,    0.668372, 3,   3.000000,    0.218863, 3296803840.000000
FHL1_MOUSE,    0.086613, 4,   5.000000,    0.023941, 3714200064.000000
FHL2_MOUSE,    0.090441, 16,  17.000000,    0.021955, 84760739840.000000
FIBA_MOUSE,    0.423850, 3,   3.000000,    0.204521, 7026472960.000000
FIBB_MOUSE,    0.397463, 4,   5.000000,    0.040888, 6619305472.000000
FIBG_MOUSE,    0.370807, 7,   8.000000,    0.098698, 12883246080.000000
FINC_MOUSE,    0.822802, 2,   2.000000,    0.551308, 272707424.000000
FIS1_MOUSE,    0.057690, 4,   4.000000,    0.012987, 4636356608.000000
FITM1_MOUSE,    0.124856, 1,   1.000000,    0.062077, 759151360.000000
FKB1A_MOUSE,    0.073960, 2,   2.000000,    0.029821, 8165044736.000000
FKBP3_MOUSE,    0.152880, 2,   2.000000,    0.086746, 2252819712.000000
FKBP4_MOUSE,    0.051667, 2,   2.000000,    0.090531, 2825735168.000000
FLNA_MOUSE,    0.111520, 3,   3.000000,    0.011383, 3734268160.000000
FLNB_MOUSE,    0.054193, 3,   3.000000,    0.037352, 556830336.000000
FLNC_MOUSE,    0.085259, 22,  28.000000,    0.023673, 49960554496.000000
FLOT1_MOUSE,    0.080656, 1,   1.000000,    0.006474, 67090628.000000
FRDA_MOUSE,    0.044864, 1,   1.000000,    0.000000, 5323495424.000000
FRIH_MOUSE,    0.090173, 4,   5.000000,    0.014720, 4396002816.000000
FRIL1_MOUSE,    0.054237, 1,   1.000000,    0.038264, 3334915584.000000
FUMH_MOUSE,    0.023580, 30,  31.000000,    0.004788, 286803197952.000000
FUS_MOUSE,    0.127454, 2,   2.000000,    0.043050, 645689472.000000
FXR1_MOUSE,    0.060460, 1,   1.000000,    0.000000, 148806144.000000
G3BP1_MOUSE,    0.168088, 1,   1.000000,    0.000000, 253321632.000000
G3P_MOUSE,    0.063773, 38,  39.000000,    0.014187, 960500269056.000000
G6PI_MOUSE,    0.056530, 21,  23.000000,    0.010137, 53191270400.000000
GABT_MOUSE,    0.016582, 1,   1.000000,    0.000000, 83742208.000000
GAL3A_MOUSE,    0.025762, 13,  14.000000,    0.004023, 144175382528.000000
GARS_MOUSE,    0.004569, 0,   0.000000,    0.000000, 157151200.000000
GBB1_MOUSE,    0.063375, 4,   5.000000,    0.007223, 9180534784.000000
GBB2_MOUSE,    0.220175, 2,   2.000000,    0.095632, 3919373568.000000
GCAB_MOUSE,    0.068131, 4,   4.000000,    0.009523, 15426661376.000000
GCDH_MOUSE,    0.030373, 8,   9.000000,    0.005142, 9626137600.000000
GDIA_MOUSE,    0.063275, 6,   7.000000,    0.013857, 2829172224.000000
GDIB_MOUSE,    0.067680, 10,  11.000000,    0.010543, 8880202752.000000
GDIR1_MOUSE,    0.047637, 5,   5.000000,    0.015319, 5418594816.000000
GELS_MOUSE,    0.000079, 0,   0.000000,    0.000000, 1604105728.000000
GET3_MOUSE,    0.074123, 0,   0.000000,    0.000000, 157463888.000000
GIMA4_MOUSE,    0.032331, 0,   0.000000,    0.000000, 69057208.000000
GLO2_MOUSE,    0.067077, 1,   1.000000,    0.001106, 338193824.000000
GLOD4_MOUSE,    0.041476, 4,   6.000000,    0.002809, 5356794880.000000
GLPK_MOUSE,    0.016537, 4,   6.000000,    0.008292, 1670961536.000000
GLRX1_MOUSE,    0.036691, 1,   1.000000,    0.000000, 580125184.000000
GLRX3_MOUSE,    0.081301, 2,   2.000000,    0.043090, 1470894336.000000
GLRX5_MOUSE,    0.051257, 4,   4.000000,    0.005764, 3549310208.000000
GLSK_MOUSE,    0.112940, 1,   1.000000,    0.000000, 78586104.000000
GLUCM_MOUSE,    0.031527, 5,   8.000000,    0.003023, 8196558848.000000
GLUT4_MOUSE,    0.080627, 1,   1.000000,    0.265933, 734897216.000000
GLYG_MOUSE,    0.094005, 4,   4.000000,    0.032616, 3572382208.000000
GLYM_MOUSE,    0.101082, 3,   3.000000,    0.030368, 1754645120.000000
GMPR1_MOUSE,    0.127195, 1,   1.000000,    0.000000, 370310912.000000
GNAI2_MOUSE,    0.083084, 6,   9.000000,    0.021718, 6030725632.000000
GNAS1_MOUSE,    0.140897, 1,   1.000000,    0.019379, 349736416.000000
GPD1L_MOUSE,    0.040418, 4,   6.000000,    0.022962, 4717285888.000000
GPDA_MOUSE,    0.042904, 0,   0.000000,    0.002576, 1239952256.000000
GPDM_MOUSE,    0.024788, 0,   0.000000,    0.017501, 957003008.000000
GPX1_MOUSE,    0.032304, 1,   1.000000,    0.000000, 2239341312.000000
GPX3_MOUSE,    0.067326, 2,   2.000000,    0.332392, 1725535488.000000
GRHPR_MOUSE,    0.043341, 4,   5.000000,    0.010004, 3939397120.000000
GRP75_MOUSE,    0.063205, 34,  36.000000,    0.014193, 137591734272.000000
GRPE1_MOUSE,    0.095215, 4,   4.000000,    0.072115, 2524582400.000000
GSHR_MOUSE,    0.023684, 1,   1.000000,    0.000000, 128458880.000000
GSTA4_MOUSE,    0.047952, 4,   5.000000,    0.011479, 8856409088.000000
GSTK1_MOUSE,    0.026380, 5,   5.000000,    0.011275, 8541263872.000000
GSTM1_MOUSE,    0.055926, 14,  15.000000,    0.013580, 113853112320.000000
GSTM2_MOUSE,    0.053425, 7,   9.000000,    0.011197, 33905432576.000000
GSTM5_MOUSE,    0.046877, 2,   2.000000,    0.034700, 917162752.000000
GSTM7_MOUSE,    0.055661, 3,   3.000000,    0.012749, 629875968.000000
GSTO1_MOUSE,    0.073623, 4,   6.000000,    0.010289, 16782263296.000000
GSTP1_MOUSE,    0.050508, 8,  10.000000,    0.011296, 27867303936.000000
GYS1_MOUSE,    0.179649, 4,   4.000000,    0.080727, 4567119360.000000
H10_MOUSE,    0.013329, 3,   3.000000,    0.003126, 10560897024.000000
H12_MOUSE,    0.012664, 4,   6.000000,    0.005905, 54953762816.000000
H14_MOUSE,    0.007148, 1,   1.000000,    0.000000, 13479016448.000000
H15_MOUSE,    0.009669, 2,   2.000000,    0.002332, 1076126080.000000
H2A2B_MOUSE,    0.009722, 8,   9.000000,    0.001299, 107049951232.000000
H2AV_MOUSE,    0.316606, 1,   1.000000,    0.200289, 159972480.000000
H2AY_MOUSE,    0.031072, 1,   1.000000,    0.018178, 755385600.000000
H2AZ_MOUSE,    0.033480, 2,   2.000000,    0.004344, 253286416.000000
H2B1B_MOUSE,    0.007928, 9,  12.000000,    0.001909, 240101883904.000000
H31_MOUSE,    0.007111, 2,   2.000000,    0.001802, 42862858240.000000
H32_MOUSE,    0.003123, 4,   4.000000,    0.002991, 10638542848.000000
H3C_MOUSE,    0.000370, 2,   2.000000,    0.000224, 11993315328.000000
H4_MOUSE,    0.007745, 8,   8.000000,    0.001887, 146891866112.000000
HBA_MOUSE,    0.020354, 21,  23.000000,    0.004289, 3072676331520.000000
HBB1_MOUSE,    0.019560, 23,  26.000000,    0.003926, 2956909608960.000000
HCD2_MOUSE,    0.016600, 13,  14.000000,    0.005435, 34380267520.000000
HCDH_MOUSE,    0.020495, 23,  25.000000,    0.004541, 328815935488.000000
HDGR2_MOUSE,    0.025252, 1,   1.000000,    0.000000, 87779920.000000
HDHD5_MOUSE,    0.018181, 2,   2.000000,    0.004435, 91387432.000000
HEM2_MOUSE,    0.108963, 1,   1.000000,    0.000000, 448921312.000000
HEM6_MOUSE,   13.169053, 0,   0.000000,    0.000000, 967126016.000000
HEMH_MOUSE,    0.057381, 3,   3.000000,    0.005935, 1489251968.000000
HEMO_MOUSE,    0.201914, 4,   6.000000,    0.072435, 14665366528.000000
HHATL_MOUSE,    0.026533, 5,   6.000000,    0.002317, 9308572672.000000
HIBCH_MOUSE,    0.019059, 16,  19.000000,    0.005967, 32195256320.000000
HINT1_MOUSE,    0.054647, 4,   4.000000,    0.014648, 6578924544.000000
HINT2_MOUSE,    0.051655, 3,   3.000000,    0.029200, 7185174016.000000
HMGB1_MOUSE,    0.062047, 1,   1.000000,    0.000000, 698437696.000000
HMGCL_MOUSE,    0.052216, 4,   4.000000,    0.009589, 3874601472.000000
HNRH1_MOUSE,    0.137520, 4,   4.000000,    0.013825, 1910743936.000000
HNRH2_MOUSE,    0.111202, 2,   2.000000,    0.012166, 271758976.000000
HNRPC_MOUSE,    0.223094, 2,   2.000000,    0.135610, 1277913856.000000
HNRPD_MOUSE,    0.078769, 2,   2.000000,    0.011762, 1584081408.000000
HNRPF_MOUSE,    0.159674, 1,   1.000000,    0.000000, 156821216.000000
HNRPK_MOUSE,    0.152279, 8,   8.000000,    0.061319, 7733362688.000000
HNRPL_MOUSE,    0.095438, 2,   2.000000,    0.037474, 1250642176.000000
HNRPM_MOUSE,    0.067212, 4,   5.000000,    0.022290, 6004748288.000000
HNRPQ_MOUSE,    0.067761, 0,   0.000000,    4.108901, 4486103552.000000
HNRPU_MOUSE,    0.051499, 0,   0.000000,    0.000000, 51109580.000000
HOT_MOUSE,    0.124455, 1,   1.000000,    0.061347, 242416768.000000
HP1B3_MOUSE,    0.036657, 1,   1.000000,    0.789851, 2467277568.000000
HRG_MOUSE,    0.111890, 1,   1.000000,    0.000000, 448025408.000000
HS12B_MOUSE,    0.060300, 2,   2.000000,    0.184775, 1554943744.000000
HS74L_MOUSE,    0.068015, 3,   3.000000,    0.070250, 939381696.000000
HS90A_MOUSE,    0.118973, 10,  14.000000,    0.031329, 30669819904.000000
HS90B_MOUSE,    0.109797, 13,  15.000000,    0.026435, 43563208704.000000
HSDL2_MOUSE,    0.047773, 12,  14.000000,    0.010329, 26578505728.000000
HSP74_MOUSE,    0.077452, 9,  11.000000,    0.020533, 6452798976.000000
HSP7C_MOUSE,    0.097037, 24,  27.000000,    0.025123, 182208233472.000000
HSPB1_MOUSE,    0.112079, 8,  12.000000,    0.017989, 30745153536.000000
HSPB2_MOUSE,    0.075771, 2,   2.000000,    0.052563, 2462362624.000000
HSPB6_MOUSE,    0.155579, 4,   4.000000,    0.033356, 9868000256.000000
HSPB7_MOUSE,    0.730637, 4,   5.000000,    0.046165, 7514334208.000000
HTAI2_MOUSE,    0.001324, 1,   1.000000,    0.000000, 37708096.000000
HTRA2_MOUSE,    0.017668, 3,   3.000000,    0.003636, 1299177216.000000
HVM51_MOUSE,    0.069735, 1,   1.000000,    0.000000, 461667744.000000
HXK1_MOUSE,    0.032186, 13,  20.000000,    0.008209, 35806240768.000000
HXK2_MOUSE,    0.084353, 6,  11.000000,    0.015474, 8522554368.000000
HYES_MOUSE,    0.074470, 17,  21.000000,    0.018224, 40517337088.000000
I5P1_MOUSE,    0.508221, 1,   1.000000,    0.000000, 149086064.000000
IDH3A_MOUSE,    0.023611, 25,  29.000000,    0.005583, 345952649216.000000
IDHC_MOUSE,    0.069358, 4,   6.000000,    0.006457, 77294600192.000000
IDHG1_MOUSE,    0.042714, 14,  15.000000,    0.007215, 72599412736.000000
IDHP_MOUSE,    0.023483, 40,  43.000000,    0.005774, 1377619542016.000000
IF2A_MOUSE,    0.063036, 1,   1.000000,    0.000000, 86951424.000000
IF4A1_MOUSE,    0.207607, 3,   3.000000,    0.086941, 4221914368.000000
IF4A2_MOUSE,    0.724670, 2,   2.000000,    0.342991, 962143424.000000
IF4G1_MOUSE,    0.291266, 1,   1.000000,    0.000000, 88558040.000000
IF4H_MOUSE,    0.017468, 1,   1.000000,    0.000000, 475421120.000000
IF5A1_MOUSE,    0.122632, 4,   6.000000,    0.008340, 8979870720.000000
IF5_MOUSE,    0.268348, 1,   1.000000,    0.000000, 83905088.000000
IGG2B_MOUSE,    0.074564, 4,   4.000000,    0.015858, 4565295616.000000
IGH1M_MOUSE,    0.047761, 1,   1.000000,    0.000000, 595836032.000000
IGHM_MOUSE,    0.169829, 7,   8.000000,    0.039508, 9937443840.000000
IGKC_MOUSE,    0.234507, 2,   2.000000,    0.121284, 6216947200.000000
ILK_MOUSE,    0.071924, 4,   4.000000,    0.033834, 4545062400.000000
IMA3_MOUSE,    0.235950, 1,   1.000000,    0.023543, 668868480.000000
IMB1_MOUSE,    0.195769, 2,   2.000000,    0.083062, 803466560.000000
IPIL2_MOUSE,    0.000179, 1,   1.000000,    0.000000, 1132458496.000000
IPO5_MOUSE,    0.119154, 1,   1.000000,    0.000000, 177375984.000000
IPYR2_MOUSE,    0.032246, 12,  13.000000,    0.007584, 24967436288.000000
IPYR_MOUSE,    0.077596, 3,   3.000000,    0.021807, 1699803392.000000
IRGM1_MOUSE,    0.031829, 0,   0.000000,    0.006697, 89435944.000000
ISC2A_MOUSE,    0.033546, 4,   4.000000,    0.005289, 6830430720.000000
ISCA2_MOUSE,    0.074853, 3,   3.000000,    0.031565, 3433253120.000000
ISOC1_MOUSE,    0.048836, 3,   3.000000,    0.007927, 996156672.000000
ITA6_MOUSE,    0.018169, 0,   0.000000,    0.000000, 94152392.000000
ITA7_MOUSE,    0.077229, 4,   5.000000,    0.021225, 4577763328.000000
ITB1_MOUSE,    0.083069, 3,   3.000000,    0.007833, 3572220928.000000
ITIH1_MOUSE,    0.000025, 0,   0.000000,    0.000000, 324840352.000000
ITIH4_MOUSE,    1.345047, 1,   1.000000,    0.000000, 81393032.000000
ITPA_MOUSE,    0.030676, 1,   1.000000,    0.000000, 143298432.000000
IVD_MOUSE,    0.026583, 19,  20.000000,    0.006898, 91113930752.000000
JPH2_MOUSE,    0.049174, 4,   5.000000,    0.007981, 3489077504.000000
K1C14_MOUSE,    0.024062, 0,   0.000000,    0.000108, 1944937728.000000
KAD1_MOUSE,    0.048298, 19,  20.000000,    0.009861, 170521935872.000000
KAD2_MOUSE,    0.017513, 5,   7.000000,    0.001894, 20312334336.000000
KAD3_MOUSE,    0.029535, 6,   8.000000,    0.005597, 9696216064.000000
KAD4_MOUSE,    0.016837, 5,   5.000000,    0.006078, 4792194560.000000
KANK2_MOUSE,   10.002237, 0,   0.000000,    7.011414, 741982464.000000
KAP2_MOUSE,    0.040373, 2,   2.000000,    0.009817, 1100407168.000000
KAPCA_MOUSE,    0.135887, 1,   1.000000,    0.000000, 2605452544.000000
KAT1_MOUSE,    0.035983, 1,   1.000000,    0.000000, 239350448.000000
KAT3_MOUSE,    0.015337, 6,   7.000000,    0.002600, 9201142784.000000
KCC2D_MOUSE,    0.140166, 3,   3.000000,    0.051610, 1680211328.000000
KCJ11_MOUSE,    0.024327, 0,   0.000000,    0.000000, 82053480.000000
KCRB_MOUSE,    0.028408, 7,  13.000000,    0.005241, 194456272896.000000
KCRM_MOUSE,    0.046181, 29,  30.000000,    0.011537, 680883585024.000000
KCRS_MOUSE,    0.032312, 42,  44.000000,    0.007240, 1072014360576.000000
KCY_MOUSE,    0.091568, 1,   1.000000,    0.017197, 887015936.000000
KINH_MOUSE,    0.089685, 0,   0.000000,    0.266317, 665311424.000000
KLH41_MOUSE,    0.069009, 2,   2.000000,    0.063670, 946970432.000000
KPYM_MOUSE,    0.075335, 40,  42.000000,    0.018484, 199443267584.000000
KS6B2_MOUSE,    0.059407, 1,   1.000000,    0.000000, 5774368256.000000
KTN1_MOUSE,    0.038792, 1,   1.000000,    0.000000, 165707328.000000
KV2A7_MOUSE,    0.079726, 1,   1.000000,    0.000000, 328979136.000000
KV5AB_MOUSE,    0.062025, 1,   1.000000,    0.000000, 352118496.000000
KV6AB_MOUSE,    0.075871, 1,   1.000000,    0.000000, 206884576.000000
L2HDH_MOUSE,    0.017597, 1,   1.000000,    0.010146, 1065310272.000000
LACTB_MOUSE,    0.029821, 1,   1.000000,    0.000000, 125837608.000000
LAMA2_MOUSE,    0.008647, 22,  45.000000,    0.002449, 149620441088.000000
LAMA4_MOUSE,    0.047752, 4,   5.000000,    0.011423, 2587728640.000000
LAMA5_MOUSE,    0.029262, 4,   4.000000,    0.017457, 2669747712.000000
LAMB1_MOUSE,    0.013412, 7,  15.000000,    0.003499, 24809850880.000000
LAMB2_MOUSE,    0.008049, 13,  23.000000,    0.002980, 241070325760.000000
LAMC1_MOUSE,    0.013091, 24,  34.000000,    0.003474, 70311157760.000000
LAP2B_MOUSE,    0.013458, 1,   1.000000,    0.018602, 145604432.000000
LASP1_MOUSE,    0.068574, 2,   2.000000,    0.022008, 3314226432.000000
LA_MOUSE,    0.379099, 1,   1.000000,    0.000000, 44568844.000000
LCAP_MOUSE,    0.079023, 1,   1.000000,    0.025452, 457976960.000000
LDB3_MOUSE,    0.046913, 27,  33.000000,    0.012264, 247904256000.000000
LDHA_MOUSE,    0.074844, 9,  12.000000,    0.012422, 55908261888.000000
LDHB_MOUSE,    0.081544, 23,  24.000000,    0.014876, 237898104832.000000
LDHD_MOUSE,    0.099068, 1,   1.000000,    0.000000, 274641152.000000
LEG1_MOUSE,    0.073247, 5,   6.000000,    0.012365, 19951312896.000000
LETM1_MOUSE,    0.020220, 6,  11.000000,    0.004586, 6524176384.000000
LGUL_MOUSE,    0.065848, 6,   6.000000,    0.011597, 6742494720.000000
LIMS1_MOUSE,    0.032873, 1,   1.000000,    0.002047, 2626516736.000000
LIPL_MOUSE,    1.872281, 1,   1.000000,    0.000000, 2137504512.000000
LIS1_MOUSE,    0.225243, 1,   1.000000,    0.000000, 191776288.000000
LKHA4_MOUSE,    0.060055, 2,   2.000000,    0.022289, 402741632.000000
LMNA_MOUSE,    0.030541, 14,  16.000000,    0.004702, 76031819776.000000
LMNB1_MOUSE,    0.021058, 4,   4.000000,    0.027262, 4376140800.000000
LMNB2_MOUSE,    0.007390, 1,   1.000000,    0.000000, 356033696.000000
LMOD2_MOUSE,    0.308888, 1,   1.000000,    0.185156, 609148928.000000
LNEBL_MOUSE,    0.023587, 5,   6.000000,    0.004251, 3239955712.000000
LONM_MOUSE,    0.032281, 9,  12.000000,    0.007055, 23843809280.000000
LPPRC_MOUSE,    0.059949, 23,  27.000000,    0.014389, 32560414720.000000
LTOR1_MOUSE,    0.087733, 1,   1.000000,    0.000000, 183871280.000000
LUM_MOUSE,    0.029950, 5,   6.000000,    0.006777, 6206535680.000000
LYPA1_MOUSE,    0.037675, 4,   5.000000,    0.006734, 28045484032.000000
LYRM7_MOUSE,    0.030188, 1,   1.000000,    0.000000, 371889728.000000
M2OM_MOUSE,    0.022936, 14,  17.000000,    0.003752, 88606605312.000000
M3K20_MOUSE,    0.217069, 3,   3.000000,    0.082769, 258615008.000000
MAAI_MOUSE,    0.029531, 4,   4.000000,    0.000746, 7530257920.000000
MACD1_MOUSE,    0.032607, 7,   8.000000,    0.003563, 24011579392.000000
MAIP1_MOUSE,    0.036121, 1,   1.000000,    0.015981, 709097216.000000
MAON_MOUSE,    0.022130, 4,   6.000000,    0.002431, 3999559424.000000
MAOX_MOUSE,    0.073920, 3,   3.000000,    0.023110, 1370776192.000000
MAP4_MOUSE,    0.043955, 1,   1.000000,    0.000000, 1991700608.000000
MAVS_MOUSE,    0.075005, 1,   1.000000,    0.031113, 396630464.000000
MCAT_MOUSE,    0.022705, 4,   5.000000,    0.003498, 14535753728.000000
MCCA_MOUSE,    0.025923, 10,  11.000000,    0.005909, 25037445120.000000
MCCB_MOUSE,    0.020375, 13,  18.000000,    0.004881, 22256697344.000000
MCEE_MOUSE,    0.038031, 4,   4.000000,    0.005897, 6165984768.000000
MDHC_MOUSE,    0.049217, 21,  23.000000,    0.012130, 562559188992.000000
MDHM_MOUSE,    0.021601, 36,  37.000000,    0.004704, 1780960329728.000000
MECP2_MOUSE,    0.030238, 0,   0.000000,    0.021327, 75663584.000000
MECR_MOUSE,    0.005589, 1,   1.000000,    0.001863, 1579489664.000000
METK2_MOUSE,    0.559117, 1,   1.000000,    0.294515, 675549888.000000
MFAP4_MOUSE,    0.002529, 2,   2.000000,    0.001694, 1507185408.000000
MFF_MOUSE,    0.269957, 1,   1.000000,    0.101991, 134783376.000000
MFN1_MOUSE,    0.542411, 1,   1.000000,    0.330519, 678450304.000000
MGDP1_MOUSE,    0.046699, 4,   5.000000,    0.013360, 2436880896.000000
MGST1_MOUSE,    0.051735, 1,   1.000000,    0.000000, 939548480.000000
MGST3_MOUSE,    0.032291, 5,   5.000000,    0.004967, 25630492672.000000
MIA40_MOUSE,    0.128810, 0,   0.000000,    0.000000, 29569430.000000
MIC13_MOUSE,    0.024571, 4,   5.000000,    0.006306, 10907318272.000000
MIC19_MOUSE,    0.021401, 4,   5.000000,    0.002050, 51205001216.000000
MIC25_MOUSE,    0.066611, 0,   0.000000,    0.041046, 93049848.000000
MIC26_MOUSE,    0.025420, 4,   4.000000,    0.006415, 14386149376.000000
MIC27_MOUSE,    0.018351, 7,  10.000000,    0.003897, 14559623168.000000
MIC60_MOUSE,    0.022684, 32,  36.000000,    0.006088, 171386159104.000000
MIEN1_MOUSE,    0.000026, 0,   0.000000,    0.000000, 53193004.000000
MIF_MOUSE,    0.037147, 4,   5.000000,    0.005057, 20087015424.000000
MIME_MOUSE,    0.274421, 2,   2.000000,    0.071583, 208214496.000000
MIPEP_MOUSE,    0.011281, 0,   0.000000,    0.000000, 165085200.000000
MITOS_MOUSE,    0.032142, 4,   5.000000,    0.011166, 6249534464.000000
MIX23_MOUSE,    0.005886, 2,   2.000000,    0.001408, 577875456.000000
ML12B_MOUSE,    0.225553, 4,   4.000000,    0.050091, 2704301568.000000
MLRV_MOUSE,    0.046069, 33,  34.000000,    0.008118, 1979610431488.000000
MMAA_MOUSE,    0.019343, 1,   1.000000,    0.030414, 652111104.000000
MMSA_MOUSE,    0.026369, 24,  28.000000,    0.005938, 87281754112.000000
MOES_MOUSE,    0.073771, 7,   9.000000,    0.013537, 13852344320.000000
MOT1_MOUSE,    0.068312, 3,   3.000000,    0.012937, 4811147776.000000
MP2K1_MOUSE,    0.141850, 1,   1.000000,    0.000000, 106980544.000000
MPC1_MOUSE,    0.041221, 4,   5.000000,    0.013899, 9533805568.000000
MPC2_MOUSE,    0.025982, 5,   9.000000,    0.002300, 15147543552.000000
MPCP_MOUSE,    0.027782, 14,  16.000000,    0.006257, 486024708096.000000
MPI_MOUSE,    0.056338, 4,   5.000000,    0.010342, 3515324416.000000
MPPA_MOUSE,    0.076080, 5,   7.000000,    0.017789, 5077519360.000000
MPPB_MOUSE,    0.192793, 2,   2.000000,    0.042947, 817209024.000000
MRES1_MOUSE,    0.086198, 1,   1.000000,    0.000000, 696094528.000000
MSI2H_MOUSE,    0.060261, 0,   0.000000,    0.034912, 259098112.000000
MSRA_MOUSE,    0.033427, 3,   3.000000,    0.027068, 1846744320.000000
MSRB2_MOUSE,    0.035679, 3,   3.000000,    0.004108, 222889017344.000000
MSRB3_MOUSE,    0.221876, 0,   0.000000,    0.000000, 114297032.000000
MTAP_MOUSE,    0.060874, 1,   1.000000,    0.000000, 66434172.000000
MTCH1_MOUSE,    0.014092, 2,   2.000000,    0.009650, 214147856.000000
MTCH2_MOUSE,    0.022321, 5,   6.000000,    0.004929, 12926586880.000000
MTFP1_MOUSE,    0.040170, 4,   4.000000,    0.010090, 4821912064.000000
MTNB_MOUSE,    0.142550, 2,   2.000000,    0.051017, 800513728.000000
MTPN_MOUSE,    0.271958, 1,   1.000000,    0.000000, 66879552.000000
MTX1_MOUSE,    0.014870, 0,   0.000000,    0.005964, 5443760640.000000
MTX2_MOUSE,    0.021040, 4,   4.000000,    0.006256, 4598464000.000000
MUG1_MOUSE,    0.299409, 4,   4.000000,    0.130159, 5719270912.000000
MUTA_MOUSE,    0.074429, 5,   6.000000,    0.004922, 9153557504.000000
MYADM_MOUSE,    0.052361, 1,   1.000000,    0.000000, 666307904.000000
MYG_MOUSE,    0.041079, 48,  49.000000,    0.007085, 1629550936064.000000
MYH11_MOUSE,    0.048805, 8,  12.000000,    0.009967, 41328422912.000000
MYH14_MOUSE,    0.139160, 1,   1.000000,    0.038436, 81753240.000000
MYH6_MOUSE,    0.058108, 325, 328.000000,    0.013147, 13989370134528.000000
MYH7_MOUSE,    0.073089, 5,  11.000000,    0.009832, 37797294080.000000
MYH9_MOUSE,    0.111562, 7,   9.000000,    0.038453, 3942153728.000000
MYL1_MOUSE,    0.050699, 1,   1.000000,    0.035797, 95247228928.000000
MYL3_MOUSE,    0.049739, 28,  29.000000,    0.007856, 2584488706048.000000
MYL6_MOUSE,    0.133200, 5,   5.000000,    0.059802, 125055082496.000000
MYLK3_MOUSE,    0.172951, 4,   4.000000,    0.064272, 1746939008.000000
MYO1C_MOUSE,    0.030817, 7,   8.000000,    0.005680, 19018432512.000000
MYOM1_MOUSE,    0.062498, 77,  79.000000,    0.017226, 249342246912.000000
MYOTI_MOUSE,    0.108305, 4,   6.000000,    0.022405, 1912934784.000000
MYOZ2_MOUSE,    0.035610, 13,  16.000000,    0.006740, 90423590912.000000
MYPC3_MOUSE,    0.058852, 90,  91.000000,    0.012772, 902479347712.000000
MYPT2_MOUSE,    0.086804, 4,   4.000000,    0.037245, 980782720.000000
MYZAP_MOUSE,    1.523868, 1,   1.000000,    0.569966, 183683776.000000
NAC1_MOUSE,    0.130568, 2,   2.000000,    0.087267, 2437808128.000000
NACAM_MOUSE,    0.130139, 17,  21.000000,    0.033860, 28915298304.000000
NAKD2_MOUSE,    0.024103, 2,   2.000000,    0.016558, 483641984.000000
NAMPT_MOUSE,    0.125227, 5,   8.000000,    0.015972, 7355904000.000000
NAR3_MOUSE,    0.079929, 2,   2.000000,    0.026191, 640646528.000000
NB5R3_MOUSE,    0.084451, 3,   3.000000,    0.039045, 6968882176.000000
NCEH1_MOUSE,    0.089159, 4,   4.000000,    0.036569, 5264656384.000000
NCPR_MOUSE,    0.747934, 1,   1.000000,    0.497546, 238276016.000000
NDKA_MOUSE,    0.047027, 6,   7.000000,    0.008376, 31168348160.000000
NDKB_MOUSE,    0.057792, 7,   8.000000,    0.008129, 34666266624.000000
NDRG2_MOUSE,    0.136521, 8,   9.000000,    0.023662, 44950794240.000000
NDUA1_MOUSE,    0.025297, 2,   2.000000,    0.012244, 1525197952.000000
NDUA2_MOUSE,    0.022853, 3,   3.000000,    0.028585, 47192965120.000000
NDUA3_MOUSE,    0.018577, 2,   2.000000,    0.004780, 14615950336.000000
NDUA4_MOUSE,    0.052601, 3,   3.000000,    0.017143, 210423496704.000000
NDUA5_MOUSE,    0.030589, 5,   7.000000,    0.001072, 68992630784.000000
NDUA6_MOUSE,    0.031742, 5,   7.000000,    0.004089, 60104024064.000000
NDUA7_MOUSE,    0.025288, 5,   6.000000,    0.009305, 44417626112.000000
NDUA8_MOUSE,    0.023506, 9,  11.000000,    0.004839, 56658812928.000000
NDUA9_MOUSE,    0.032752, 19,  21.000000,    0.008428, 76830023680.000000
NDUAA_MOUSE,    0.030786, 21,  24.000000,    0.006046, 151483252736.000000
NDUAB_MOUSE,    0.033693, 3,   3.000000,    0.010871, 12890054656.000000
NDUAC_MOUSE,    0.032424, 6,   8.000000,    0.002099, 30534459392.000000
NDUAD_MOUSE,    0.026403, 7,   8.000000,    0.002479, 127147515904.000000
NDUB1_MOUSE,    0.021110, 2,   2.000000,    0.010947, 1113039360.000000
NDUB3_MOUSE,    0.024819, 3,   3.000000,    0.007125, 16089185280.000000
NDUB4_MOUSE,    0.022854, 4,   4.000000,    0.002659, 40642465792.000000
NDUB5_MOUSE,    0.025813, 4,   4.000000,    0.006058, 15610388480.000000
NDUB6_MOUSE,    0.025926, 2,   2.000000,    6.376448, 315773157376.000000
NDUB7_MOUSE,    0.026606, 4,   5.000000,    0.000583, 31421685760.000000
NDUB8_MOUSE,    0.021431, 9,  10.000000,    0.004593, 81535631360.000000
NDUB9_MOUSE,    0.022081, 9,  10.000000,    0.004643, 85997780992.000000
NDUBA_MOUSE,    0.025027, 11,  13.000000,    0.003734, 102127304704.000000
NDUBB_MOUSE,    0.024926, 2,   2.000000,    0.002346, 33857345536.000000
NDUC2_MOUSE,    0.021442, 9,  11.000000,    0.004804, 48152326144.000000
NDUF2_MOUSE,    0.048831, 2,   2.000000,    0.006667, 508661664.000000
NDUF3_MOUSE,    0.053088, 4,   4.000000,    0.012144, 1650423040.000000
NDUF4_MOUSE,    0.026375, 2,   2.000000,    0.001667, 1640302336.000000
NDUF5_MOUSE,    0.026683, 0,   0.000000,    0.000000, 7813621.500000
NDUF7_MOUSE,    0.036353, 0,   0.000000,    0.000000, 39346720.000000
NDUS1_MOUSE,    0.031666, 46,  48.000000,    0.007670, 412470706176.000000
NDUS2_MOUSE,    0.034461, 31,  32.000000,    0.008451, 461527515136.000000
NDUS3_MOUSE,    0.031345, 12,  14.000000,    0.005106, 143346417664.000000
NDUS4_MOUSE,    0.023728, 5,   7.000000,    0.005293, 55187853312.000000
NDUS5_MOUSE,    0.023500, 6,   7.000000,    0.004859, 44457930752.000000
NDUS6_MOUSE,    0.046576, 7,   7.000000,    0.009018, 43492139008.000000
NDUS7_MOUSE,    0.045750, 10,  10.000000,    0.016726, 27808294912.000000
NDUS8_MOUSE,    0.021001, 5,   7.000000,    0.003625, 62914871296.000000
NDUV1_MOUSE,    0.037730, 24,  25.000000,    0.005565, 193996701696.000000
NDUV2_MOUSE,    0.030335, 15,  18.000000,    0.007072, 87136174080.000000
NDUV3_MOUSE,    0.034206, 4,   6.000000,    0.003130, 23884457984.000000
NEBL_MOUSE,    0.027830, 9,  10.000000,    0.004510, 31053367296.000000
NEXN_MOUSE,    0.283463, 4,   4.000000,    0.039190, 1544625920.000000
NFU1_MOUSE,    0.032278, 1,   1.000000,    0.000000, 348389184.000000
NHRF2_MOUSE,    0.178884, 1,   1.000000,    0.054946, 408113088.000000
NID1_MOUSE,    0.022305, 20,  26.000000,    0.005521, 57313460224.000000
NID2_MOUSE,    0.031904, 0,   0.000000,   20.650024, 1107578752.000000
NIPS2_MOUSE,    0.023950, 22,  23.000000,    0.004585, 227359899648.000000
NIT1_MOUSE,    0.045653, 4,   4.000000,    0.011409, 613459264.000000
NIT2_MOUSE,    0.028123, 5,   6.000000,    0.008850, 5717700608.000000
NLRX1_MOUSE,    0.015580, 0,   0.000000,    0.000548, 549041472.000000
NMNA3_MOUSE,    0.010603, 0,   0.000000,    0.000000, 183112912.000000
NNRD_MOUSE,    0.038176, 4,   4.000000,    0.009747, 2521257728.000000
NNRE_MOUSE,    0.027997, 2,   2.000000,    0.017942, 3639737344.000000
NNTM_MOUSE,    0.021620, 54,  57.000000,    0.005947, 660065288192.000000
NOL3_MOUSE,    0.105683, 4,   4.000000,    0.015254, 1751859328.000000
NONO_MOUSE,    0.171100, 2,   2.000000,    0.058110, 354065344.000000
NP1L4_MOUSE,    0.451356, 1,   1.000000,    0.245016, 672766656.000000
NPC2_MOUSE,    0.000011, 0,   0.000000,    0.000000, 33727640.000000
NPM_MOUSE,    0.113962, 3,   3.000000,    0.068844, 576526016.000000
NQO1_MOUSE,    0.121349, 2,   2.000000,    0.055090, 10931744768.000000
NQO2_MOUSE,    0.056187, 3,   3.000000,    0.009516, 16535225344.000000
NRAP_MOUSE,    0.549659, 0,   0.000000,    0.272065, 121999288.000000
NSF1C_MOUSE,    0.054382, 3,   3.000000,    0.027713, 1617140224.000000
NTF2_MOUSE,    0.053832, 3,   3.000000,    0.018474, 2644628992.000000
NU1M_MOUSE,    0.023666, 6,   8.000000,    0.005092, 26774497280.000000
NU2M_MOUSE,    0.016178, 1,   1.000000,    0.000000, 1944736256.000000
NU3M_MOUSE,    0.025967, 1,   1.000000,    0.000000, 6003109888.000000
NU4M_MOUSE,    0.025130, 3,   3.000000,    0.013095, 12585689088.000000
NU5M_MOUSE,    0.022359, 8,  10.000000,    0.007115, 86735241216.000000
NUCG_MOUSE,    0.099009, 1,   1.000000,    0.000000, 415517504.000000
NUCL_MOUSE,    0.217422, 4,   4.000000,    0.078371, 2417759232.000000
NUD13_MOUSE,    0.008399, 1,   1.000000,    0.004790, 92712384.000000
NUDC_MOUSE,    0.029581, 0,   0.000000,    0.000000, 98105632.000000
NUDT8_MOUSE,    0.033378, 1,   1.000000,    0.014188, 403949696.000000
OAT_MOUSE,    0.100505, 5,   7.000000,    0.021896, 7636249600.000000
OBSCN_MOUSE,    0.047275, 37,  39.000000,    0.012030, 50494246912.000000
OCAD1_MOUSE,    0.106257, 4,   4.000000,    0.022514, 1644811648.000000
ODB2_MOUSE,    0.027407, 11,  14.000000,    0.004763, 53705760768.000000
ODBA_MOUSE,    0.124290, 7,   7.000000,    0.045395, 6378790912.000000
ODBB_MOUSE,    0.037107, 7,   8.000000,    0.009465, 22164178944.000000
ODO1_MOUSE,    0.067058, 71,  72.000000,    0.016152, 513406894080.000000
ODO2_MOUSE,    0.018481, 16,  18.000000,    0.004294, 165451497472.000000
ODP2_MOUSE,    0.020566, 26,  28.000000,    0.004216, 215257579520.000000
ODPA_MOUSE,    0.027982, 23,  25.000000,    0.007074, 227091152896.000000
ODPB_MOUSE,    0.023708, 31,  33.000000,    0.005721, 325267193856.000000
ODPX_MOUSE,    0.020831, 11,  13.000000,    0.004208, 26500067328.000000
OLA1_MOUSE,    0.055197, 3,   3.000000,    0.011159, 1464880384.000000
OPA1_MOUSE,    0.032384, 18,  26.000000,    0.007710, 18294134784.000000
OPLA_MOUSE,    0.094160, 3,   3.000000,    0.051269, 1287331456.000000
OST48_MOUSE,    0.163419, 2,   2.000000,    0.061912, 175853696.000000
OTUB1_MOUSE,    0.097654, 3,   3.000000,    0.023242, 1063846656.000000
OXND1_MOUSE,    0.045798, 4,   4.000000,    0.012112, 2749614336.000000
OXSM_MOUSE,    0.025305, 1,   1.000000,    0.000000, 360080896.000000
P20D2_MOUSE,    0.005580, 4,   5.000000,    0.005598, 3414729728.000000
PA2G4_MOUSE,    0.117264, 0,   0.000000,    0.082104, 287814624.000000
PABP1_MOUSE,    0.056100, 2,   2.000000,    0.004779, 426632864.000000
PACN2_MOUSE,    0.172969, 3,   3.000000,    0.043641, 2740264704.000000
PACN3_MOUSE,    0.136643, 2,   2.000000,    0.020745, 1697848576.000000
PALLD_MOUSE,    0.088818, 1,   1.000000,    0.000000, 214989360.000000
PALMD_MOUSE,    0.143000, 0,   0.000000,    0.088427, 577623488.000000
PARK7_MOUSE,    0.044434, 11,  11.000000,    0.008813, 27718285312.000000
PARVB_MOUSE,    0.072928, 2,   2.000000,    0.017193, 521233472.000000
PCBP1_MOUSE,    0.147401, 5,   5.000000,    0.039591, 3731696640.000000
PCBP2_MOUSE,    0.188677, 2,   2.000000,    0.042506, 407560160.000000
PCCA_MOUSE,    0.023548, 13,  16.000000,    0.005286, 31497953280.000000
PCCB_MOUSE,    0.022967, 14,  19.000000,    0.005365, 29255464960.000000
PDC6I_MOUSE,    0.057204, 2,   2.000000,    0.000532, 658968192.000000
PDCD5_MOUSE,    0.137533, 3,   3.000000,    0.048187, 5832959488.000000
PDIA1_MOUSE,    0.110294, 6,   7.000000,    0.045470, 9979901952.000000
PDIA3_MOUSE,    0.097029, 8,  12.000000,    0.027129, 7369461248.000000
PDIA6_MOUSE,    0.109781, 3,   3.000000,    0.029547, 430718880.000000
PDK1_MOUSE,    0.044051, 4,   4.000000,    0.019007, 3094965760.000000
PDK2_MOUSE,    0.120112, 4,   5.000000,    0.021999, 6111244288.000000
PDK4_MOUSE,    0.279649, 0,   0.000000,    0.159239, 226519776.000000
PDLI5_MOUSE,    0.080818, 6,   7.000000,    0.009444, 42602397696.000000
PDP1_MOUSE,    0.040701, 1,   1.000000,    0.000454, 274492544.000000
PDPR_MOUSE,    0.124041, 1,   1.000000,    0.058885, 239044016.000000
PDXK_MOUSE,    0.103287, 1,   1.000000,    0.072935, 322758560.000000
PEA15_MOUSE,    0.185768, 2,   2.000000,    0.080292, 527803776.000000
PEBP1_MOUSE,    0.046412, 9,  10.000000,    0.007642, 71848820736.000000
PERM1_MOUSE,    0.128036, 2,   2.000000,    0.062804, 1371393152.000000
PFKAL_MOUSE,    0.120963, 4,   4.000000,    0.045760, 7455151616.000000
PFKAM_MOUSE,    0.127616, 26,  29.000000,    0.035139, 58968563712.000000
PGAM1_MOUSE,    0.043396, 9,   9.000000,    0.010380, 41336385536.000000
PGAM2_MOUSE,    0.049835, 10,  11.000000,    0.008385, 87440007168.000000
PGBM_MOUSE,    0.042266, 48,  54.000000,    0.012121, 71199367168.000000
PGES2_MOUSE,    0.045851, 4,   5.000000,    0.004021, 3651488000.000000
PGK1_MOUSE,    0.039707, 23,  26.000000,    0.010387, 129490616320.000000
PGM1_MOUSE,    0.046266, 19,  20.000000,    0.007645, 29066946560.000000
PGM5_MOUSE,    0.093996, 4,   4.000000,    0.016216, 5542297600.000000
PGP_MOUSE,    0.041383, 3,   3.000000,    0.004948, 1530142720.000000
PGRC2_MOUSE,    0.106234, 1,   1.000000,    0.000000, 82047136.000000
PGS1_MOUSE,    0.103505, 2,   2.000000,    0.095312, 1244397312.000000
PGS2_MOUSE,    0.215576, 2,   2.000000,    0.115239, 3727323904.000000
PHB2_MOUSE,    0.023231, 12,  15.000000,    0.003954, 58454241280.000000
PHB_MOUSE,    0.027755, 14,  16.000000,    0.006982, 57026637824.000000
PHP14_MOUSE,    0.045359, 4,   4.000000,    0.027341, 2486392064.000000
PICAL_MOUSE,    0.040774, 0,   0.000000,    0.000000, 67061056.000000
PIMT_MOUSE,    0.032364, 3,   3.000000,    0.025662, 18949306368.000000
PIN1_MOUSE,    0.018118, 0,   0.000000,    0.012705, 1500073728.000000
PLAK_MOUSE,    0.049352, 16,  17.000000,    0.011443, 65842380800.000000
PLCC_MOUSE,    0.085604, 0,   0.000000,    0.000000, 149553296.000000
PLEC_MOUSE,    0.060052, 42,  46.000000,    0.015995, 61050216448.000000
PLIN3_MOUSE,    0.129933, 5,   7.000000,    0.017584, 4599641600.000000
PLIN4_MOUSE,    0.083877, 7,  12.000000,    0.012217, 11521802240.000000
PLMN_MOUSE,    0.369280, 1,   1.000000,    0.000000, 45519816.000000
PLM_MOUSE,    0.105363, 2,   2.000000,    0.045677, 3014200832.000000
PLPHP_MOUSE,   10.596205, 1,   1.000000,    7.438965, 7419832320.000000
PLSL_MOUSE,    0.088444, 1,   1.000000,    0.000000, 62624552.000000
PLST_MOUSE,    0.070885, 2,   2.000000,    0.009493, 239123488.000000
PNPT1_MOUSE,    0.039465, 2,   2.000000,    0.012122, 1386138240.000000
POPD1_MOUSE,    0.042762, 1,   1.000000,    0.012318, 361340000.000000
POPD2_MOUSE,    0.156428, 0,   0.000000,    0.000000, 590785536.000000
PP1B_MOUSE,    0.203952, 4,   4.000000,    0.064460, 3762136576.000000
PP2AA_MOUSE,    0.117476, 4,   6.000000,    0.035391, 7924139008.000000
PP2BB_MOUSE,   11.017143, 0,   0.000000,    7.782386, 750415424.000000
PPA6_MOUSE,    0.000358, 0,   0.000000,    0.000000, 70541824.000000
PPAC_MOUSE,    0.041126, 3,   3.000000,    0.010512, 887786048.000000
PPCE_MOUSE,    0.036043, 0,   0.000000,    0.005240, 248392464.000000
PPIA_MOUSE,    0.058851, 6,   8.000000,    0.010515, 28777199616.000000
PPIB_MOUSE,    1.346582, 1,   1.000000,    0.918435, 1082394240.000000
PPIF_MOUSE,    0.028013, 7,   8.000000,    0.012591, 31871227904.000000
PPLA_MOUSE,    0.125101, 3,   3.000000,    0.031569, 33591820288.000000
PPM1A_MOUSE,    9.114780, 0,   0.000000,    6.445029, 313694976.000000
PPN_MOUSE,    0.025658, 1,   1.000000,    0.000000, 1412083712.000000
PPR3A_MOUSE,    0.140050, 1,   1.000000,    0.000000, 1347889920.000000
PPT1_MOUSE,    0.006015, 1,   1.000000,    0.000000, 158459968.000000
PPTC7_MOUSE,    0.172798, 1,   1.000000,    0.161245, 159387040.000000
PRDX1_MOUSE,    0.073398, 7,  10.000000,    0.009607, 50357665792.000000
PRDX2_MOUSE,    0.062629, 9,  10.000000,    0.006293, 54150041600.000000
PRDX3_MOUSE,    0.021494, 12,  14.000000,    0.004182, 155058634752.000000
PRDX5_MOUSE,    0.030783, 10,  12.000000,    0.006373, 173200703488.000000
PRDX6_MOUSE,    0.050812, 8,   9.000000,    0.005873, 40749760512.000000
PREP_MOUSE,    0.035745, 2,   2.000000,    0.047565, 981393664.000000
PROF1_MOUSE,    0.073010, 8,   9.000000,    0.017416, 25866221568.000000
PRS10_MOUSE,    0.119826, 2,   2.000000,    0.008423, 665460224.000000
PRS4_MOUSE,    0.049364, 1,   1.000000,    0.000000, 491944256.000000
PRS6A_MOUSE,    0.375234, 2,   2.000000,    0.514189, 548398400.000000
PRS6B_MOUSE,    0.022763, 1,   1.000000,    0.000000, 317281600.000000
PRS7_MOUSE,    0.101263, 3,   3.000000,    0.034722, 870261952.000000
PRS8_MOUSE,    0.423851, 1,   1.000000,    0.123943, 341206336.000000
PSA1_MOUSE,    0.123595, 2,   2.000000,    0.020904, 913902976.000000
PSA2_MOUSE,    0.111194, 4,   4.000000,    0.040225, 1638439040.000000
PSA3_MOUSE,    0.594545, 1,   1.000000,    0.408513, 3385100288.000000
PSA4_MOUSE,    0.062829, 3,   3.000000,    0.002844, 2042976640.000000
PSA5_MOUSE,    0.107958, 4,   4.000000,    0.062704, 3237450496.000000
PSA6_MOUSE,    0.090575, 4,   4.000000,    0.028860, 2873173504.000000
PSA7_MOUSE,    0.081797, 3,   3.000000,    0.029251, 1433962496.000000
PSA_MOUSE,    0.066519, 5,   6.000000,    0.027425, 7799505920.000000
PSB1_MOUSE,    0.072803, 2,   2.000000,    0.025518, 864408000.000000
PSB2_MOUSE,    0.059094, 2,   2.000000,    0.023423, 2128217344.000000
PSB3_MOUSE,    0.118058, 2,   2.000000,    0.060423, 5996292608.000000
PSB4_MOUSE,    0.084287, 3,   3.000000,    0.048267, 976798080.000000
PSB5_MOUSE,    0.090312, 3,   3.000000,    0.038994, 2339633152.000000
PSB6_MOUSE,    0.113409, 2,   2.000000,    0.020539, 430216160.000000
PSB7_MOUSE,    0.054292, 1,   1.000000,    0.038369, 139159888.000000
PSD11_MOUSE,    0.149181, 4,   4.000000,    0.012194, 1138955776.000000
PSD12_MOUSE,    0.102972, 1,   1.000000,    0.062125, 1091913856.000000
PSD13_MOUSE,    0.147393, 2,   2.000000,    0.053012, 1311092864.000000
PSMD2_MOUSE,    0.139712, 6,   6.000000,    0.041261, 1477101952.000000
PSMD3_MOUSE,    0.064309, 1,   1.000000,    0.000000, 125498400.000000
PSMD4_MOUSE,    0.025119, 1,   1.000000,    0.000000, 13431673856.000000
PSMD6_MOUSE,    0.051622, 1,   1.000000,    0.106852, 2428001792.000000
PSMD7_MOUSE,    0.089618, 1,   1.000000,    0.000000, 156300800.000000
PSME1_MOUSE,    0.106351, 4,   4.000000,    0.033743, 1896761856.000000
PSME2_MOUSE,    0.008246, 1,   1.000000,    0.000000, 337995520.000000
PTGR2_MOUSE,    0.095806, 5,   5.000000,    0.036320, 11995608064.000000
PTGR3_MOUSE,    0.028400, 4,   4.000000,    0.005630, 4809119744.000000
PTN11_MOUSE,    0.139638, 2,   2.000000,    0.126827, 1678065920.000000
PTPA_MOUSE,    0.020877, 0,   0.000000,    0.014735, 185546224.000000
PUR2_MOUSE,    0.162471, 0,   0.000000,    0.000000, 5002786.500000
PUR8_MOUSE,    0.053564, 1,   1.000000,    0.000000, 1149478400.000000
PUR9_MOUSE,    0.080222, 0,   0.000000,    0.048632, 209389728.000000
PURA1_MOUSE,    0.106695, 4,   4.000000,    0.026231, 2880400128.000000
PURA_MOUSE,    0.016810, 2,   2.000000,    0.011600, 338457472.000000
PURB_MOUSE,    0.030698, 1,   1.000000,    0.000000, 129974080.000000
PXL2B_MOUSE,    0.056105, 3,   3.000000,    0.018577, 5863417856.000000
PYC_MOUSE,    0.046296, 4,   8.000000,    0.004803, 4717122048.000000
PYGB_MOUSE,    0.090906, 35,  36.000000,    0.018635, 154060947456.000000
PYGM_MOUSE,    0.078137, 31,  34.000000,    0.019706, 204267339776.000000
PZP_MOUSE,    0.199117, 16,  18.000000,    0.042432, 19219255296.000000
QCR10_MOUSE,    0.038630, 1,   1.000000,    0.000000, 6263802880.000000
QCR1_MOUSE,    0.020374, 38,  40.000000,    0.005369, 623833120768.000000
QCR2_MOUSE,    0.018921, 28,  37.000000,    0.004850, 581857443840.000000
QCR6_MOUSE,    0.023853, 5,   5.000000,    0.004933, 40441614336.000000
QCR7_MOUSE,    0.026262, 9,  10.000000,    0.005223, 157291397120.000000
QCR8_MOUSE,    0.018525, 3,   3.000000,    0.000674, 54719283200.000000
QCR9_MOUSE,    0.019749, 4,   4.000000,    0.012034, 27891773440.000000
QOR_MOUSE,    0.000535, 1,   1.000000,    0.000000, 199502256.000000
RAB10_MOUSE,    0.111597, 1,   1.000000,    0.000000, 1336039680.000000
RAB12_MOUSE,    9.703357, 0,   0.000000,    6.835640, 593326464.000000
RAB14_MOUSE,    0.123728, 1,   1.000000,    0.087397, 1325301632.000000
RAB1A_MOUSE,    0.133774, 3,   3.000000,    0.010438, 816654080.000000
RAB1B_MOUSE,    0.105738, 2,   2.000000,    0.047214, 1498305280.000000
RAB21_MOUSE,    0.914911, 1,   1.000000,    0.580408, 506658400.000000
RAB2A_MOUSE,    0.208374, 4,   4.000000,    0.102172, 2285554688.000000
RAB35_MOUSE,    1.010577, 0,   0.000000,    0.000000, 884810240.000000
RAB5B_MOUSE,    0.072822, 1,   1.000000,    2.888214, 2155696640.000000
RAB6B_MOUSE,    0.039380, 1,   1.000000,    0.000000, 326666144.000000
RAB7A_MOUSE,    0.306148, 3,   3.000000,    0.059864, 966244224.000000
RAC1_MOUSE,    0.083759, 3,   3.000000,    0.017679, 2117161472.000000
RACK1_MOUSE,    0.079528, 4,   7.000000,    0.005032, 11204253696.000000
RADI_MOUSE,    0.096906, 3,   3.000000,    0.079483, 784570112.000000
RALA_MOUSE,    0.041693, 1,   1.000000,    0.000000, 398388320.000000
RAN_MOUSE,    0.083729, 5,   7.000000,    0.012137, 11449595904.000000
RAP1A_MOUSE,    0.040063, 2,   2.000000,    0.032600, 2464749824.000000
RAP1B_MOUSE,    0.078238, 2,   2.000000,    0.020543, 506915744.000000
RB11A_MOUSE,    0.121406, 3,   3.000000,    0.043461, 2155574272.000000
RB11B_MOUSE,    0.068122, 2,   2.000000,    0.020945, 928164864.000000
RBMX_MOUSE,    0.053186, 1,   1.000000,    0.000000, 62193060.000000
REEP5_MOUSE,    0.055120, 2,   2.000000,    0.037284, 2263990272.000000
RHOA_MOUSE,    0.148187, 4,   4.000000,    0.039676, 2966601472.000000
RHOC_MOUSE,    0.463459, 1,   1.000000,    0.238620, 213148224.000000
RINI_MOUSE,    0.127245, 4,   5.000000,    0.016393, 2115733248.000000
RL10A_MOUSE,    0.037911, 3,   3.000000,    0.018068, 1023521536.000000
RL11_MOUSE,    0.038387, 2,   2.000000,    0.005059, 159579815936.000000
RL12_MOUSE,    0.048003, 2,   2.000000,    0.003735, 1009040256.000000
RL13A_MOUSE,    0.070864, 2,   2.000000,    0.034153, 777351168.000000
RL13_MOUSE,    0.060923, 3,   3.000000,    0.006820, 4063879424.000000
RL14_MOUSE,    0.115409, 2,   2.000000,    0.054144, 3245851392.000000
RL15_MOUSE,    0.091401, 2,   2.000000,    1.121443, 3427885824.000000
RL17_MOUSE,    0.156138, 1,   1.000000,    0.050516, 2086509568.000000
RL18A_MOUSE,    0.023906, 0,   0.000000,    0.000000, 694489024.000000
RL18_MOUSE,    0.051178, 5,   5.000000,    0.024720, 6822130176.000000
RL19_MOUSE,    0.220035, 2,   2.000000,    0.085937, 1581444096.000000
RL22_MOUSE,    0.060316, 2,   2.000000,    0.035809, 2573267712.000000
RL23A_MOUSE,    0.069208, 2,   2.000000,    0.019164, 2077227264.000000
RL23_MOUSE,    0.084750, 2,   2.000000,    0.017366, 4656717824.000000
RL24_MOUSE,    0.148110, 2,   2.000000,    0.066876, 4106772480.000000
RL27A_MOUSE,    0.067812, 2,   2.000000,    0.217742, 4793867776.000000
RL27_MOUSE,    0.099032, 1,   1.000000,    0.000000, 553464576.000000
RL30_MOUSE,    0.028170, 1,   1.000000,    0.000000, 650528768.000000
RL31_MOUSE,    0.086996, 2,   2.000000,    0.033117, 1457227008.000000
RL32_MOUSE,    0.032715, 1,   1.000000,    0.000000, 275541184.000000
RL35_MOUSE,    0.080468, 1,   1.000000,    0.000000, 1192257024.000000
RL37A_MOUSE,    0.042354, 1,   1.000000,    0.000000, 200222160.000000
RL38_MOUSE,    0.072246, 0,   0.000000,    0.219402, 811439616.000000
RL3_MOUSE,    0.039454, 1,   1.000000,    0.000000, 319601184.000000
RL4_MOUSE,    0.047398, 6,   8.000000,    0.013343, 8179839488.000000
RL5_MOUSE,    0.046837, 3,   3.000000,    0.018083, 1966864896.000000
RL6_MOUSE,    0.055439, 6,   6.000000,    0.013756, 5687890944.000000
RL7A_MOUSE,    0.061357, 4,   5.000000,    0.011977, 4928920576.000000
RL7_MOUSE,    0.085450, 3,   3.000000,    0.029391, 32229718016.000000
RL8_MOUSE,    0.052163, 1,   1.000000,    0.000000, 8314956288.000000
RL9_MOUSE,    0.072550, 2,   2.000000,    0.032543, 926271168.000000
RLA0_MOUSE,    0.047515, 4,   5.000000,    0.010939, 2734816768.000000
RLA1_MOUSE,    0.132723, 1,   1.000000,    0.000000, 2626828544.000000
RLA2_MOUSE,    0.330881, 2,   2.000000,    0.136356, 1291911168.000000
RM12_MOUSE,    0.139456, 2,   2.000000,    0.080385, 816460800.000000
RM21_MOUSE,    0.021607, 1,   1.000000,    0.015251, 427969600.000000
RM23_MOUSE,    0.039964, 1,   1.000000,    0.008806, 232210752.000000
RM24_MOUSE,    0.005628, 1,   1.000000,    0.000000, 195911104.000000
RM39_MOUSE,    0.039346, 0,   0.000000,    0.002296, 278292960.000000
RM49_MOUSE,    0.736633, 0,   0.000000,    0.000000, 350861760.000000
RM53_MOUSE,    0.041426, 0,   0.000000,    0.000000, 212534896.000000
RM55_MOUSE,    0.505172, 0,   0.000000,    0.000000, 33255568.000000
RMD1_MOUSE,    0.030957, 3,   3.000000,    0.008266, 1911862272.000000
ROA0_MOUSE,    0.195913, 1,   1.000000,    0.000000, 203146640.000000
ROA1_MOUSE,    0.131480, 4,   4.000000,    0.086385, 6498903040.000000
ROA2_MOUSE,    0.107700, 7,   9.000000,    0.015548, 17941633024.000000
ROA3_MOUSE,    0.082970, 3,   3.000000,    0.059176, 5695075840.000000
ROAA_MOUSE,    0.175827, 1,   1.000000,    0.010705, 1158512256.000000
ROMO1_MOUSE,    0.027083, 2,   2.000000,    0.010702, 817356224.000000
RPN1_MOUSE,    0.055751, 2,   2.000000,    0.009859, 492521184.000000
RPN2_MOUSE,    0.075792, 3,   3.000000,    0.034908, 261712384.000000
RRAS2_MOUSE,    0.066725, 2,   2.000000,    0.008707, 1837578880.000000
RRAS_MOUSE,    0.141143, 0,   0.000000,    0.000000, 338988448.000000
RS10_MOUSE,    0.065225, 3,   3.000000,    0.009880, 3503421952.000000
RS11_MOUSE,    0.038322, 1,   1.000000,    0.000000, 122286768.000000
RS12_MOUSE,    0.071416, 2,   2.000000,    0.017921, 4267916032.000000
RS13_MOUSE,    0.077149, 2,   2.000000,    0.033561, 3790019584.000000
RS14_MOUSE,    0.059614, 2,   2.000000,    0.015349, 4036612864.000000
RS16_MOUSE,    0.084799, 2,   2.000000,    0.003281, 1305909760.000000
RS17_MOUSE,    0.104416, 2,   2.000000,    0.006305, 532355872.000000
RS18_MOUSE,    0.055067, 3,   3.000000,    0.023231, 2435057408.000000
RS19_MOUSE,    0.046777, 2,   2.000000,    0.035672, 2019273600.000000
RS20_MOUSE,    0.058605, 1,   1.000000,    0.000000, 1184901248.000000
RS21_MOUSE,    0.057425, 2,   2.000000,    0.012428, 996213184.000000
RS23_MOUSE,    0.054870, 3,   3.000000,    0.032158, 1397245952.000000
RS24_MOUSE,    0.019532, 0,   0.000000,    0.000000, 352590976.000000
RS27A_MOUSE,    0.208396, 3,   3.000000,    0.139737, 42311585792.000000
RS28_MOUSE,    0.068042, 2,   2.000000,    0.011694, 1825897088.000000
RS2_MOUSE,    0.076312, 4,   4.000000,    0.026022, 1914366592.000000
RS3A_MOUSE,    0.055711, 3,   3.000000,    0.039108, 2595129088.000000
RS3_MOUSE,    0.081309, 4,   6.000000,    0.018280, 6076815360.000000
RS4X_MOUSE,    0.048113, 3,   3.000000,    0.018763, 5672406528.000000
RS7_MOUSE,    0.071877, 2,   2.000000,    0.045703, 1250749952.000000
RS8_MOUSE,    0.065977, 4,   6.000000,    0.004254, 6086960640.000000
RSSA_MOUSE,    0.070591, 4,   4.000000,    0.014259, 2270044160.000000
RSU1_MOUSE,    0.034294, 2,   2.000000,    0.011202, 719357440.000000
RT18A_MOUSE,    0.057736, 1,   1.000000,    0.000000, 60016520.000000
RT22_MOUSE,    0.087714, 1,   1.000000,    0.052849, 105937816.000000
RT25_MOUSE,    0.000151, 0,   0.000000,    0.000000, 10540613.000000
RT27_MOUSE,    0.038219, 2,   2.000000,    0.000076, 141580288.000000
RT36_MOUSE,    0.025252, 3,   3.000000,    0.004615, 4036574720.000000
RT4I1_MOUSE,    0.028859, 3,   3.000000,    0.022998, 8132620800.000000
RTCB_MOUSE,    0.046376, 0,   0.000000,    0.000000, 90069240.000000
RTN2_MOUSE,    0.044573, 4,   5.000000,    0.008031, 7726203904.000000
RTN3_MOUSE,    0.048050, 2,   2.000000,    0.004194, 1283403264.000000
RTRAF_MOUSE,    0.041276, 2,   2.000000,    0.045816, 609471808.000000
RUXG_MOUSE,    0.142680, 0,   0.000000,    0.000000, 400581920.000000
RYR2_MOUSE,    0.075516, 66,  72.000000,    0.020952, 72780898304.000000
S10A1_MOUSE,    0.137242, 3,   3.000000,    0.010294, 16888919040.000000
S10A6_MOUSE,    1.736504, 0,   0.000000,    0.000000, 4846711808.000000
S10AB_MOUSE,    0.111742, 2,   2.000000,    0.029525, 766950784.000000
S2542_MOUSE,    0.027721, 2,   2.000000,    0.000214, 548004544.000000
S27A1_MOUSE,    0.141262, 2,   2.000000,    0.038077, 1213110656.000000
SAC1_MOUSE,    0.058869, 3,   3.000000,    0.009046, 659448576.000000
SAHH_MOUSE,    0.029676, 4,   4.000000,    0.016585, 1638250496.000000
SAM50_MOUSE,    0.018484, 10,  14.000000,    0.004198, 52631023616.000000
SAP_MOUSE,    0.202354, 4,   4.000000,    0.162071, 6557278208.000000
SBP1_MOUSE,    0.045093, 22,  23.000000,    0.006954, 79155740672.000000
SC23A_MOUSE,    0.051299, 1,   1.000000,    0.000000, 160653424.000000
SCO1_MOUSE,    0.022874, 0,   0.000000,    0.016118, 357204224.000000
SCO2_MOUSE,    0.017702, 0,   0.000000,    0.000000, 12567670.000000
SCOT1_MOUSE,    0.048596, 26,  28.000000,    0.011414, 154363346944.000000
SCP2_MOUSE,    0.195624, 6,   6.000000,    0.049558, 11188667392.000000
SCPDL_MOUSE,    0.028946, 4,   4.000000,    0.005508, 1545141120.000000
SCRN2_MOUSE,    0.007840, 0,   0.000000,    0.000000, 35391940.000000
SCRN3_MOUSE,    0.056657, 1,   1.000000,    0.040034, 409776480.000000
SDHA_MOUSE,    0.033251, 57,  63.000000,    0.009950, 548654415872.000000
SDHB_MOUSE,    0.038225, 17,  19.000000,    0.010391, 175978479616.000000
SEPT2_MOUSE,    0.069363, 0,   0.000000,    0.049034, 1147322880.000000
SEPT4_MOUSE,    0.031527, 1,   1.000000,    0.000000, 38987408.000000
SERPH_MOUSE,    0.205799, 4,   4.000000,    0.054788, 3399462912.000000
SFPQ_MOUSE,    0.338660, 1,   1.000000,    0.212189, 622824448.000000
SGCA_MOUSE,    0.055192, 4,   4.000000,    0.014783, 4310189568.000000
SGCB_MOUSE,    0.037049, 3,   3.000000,    0.020380, 2456157440.000000
SGCD_MOUSE,    0.045727, 4,   4.000000,    0.025106, 2698869248.000000
SGCG_MOUSE,    0.056824, 1,   1.000000,    0.000000, 1071331648.000000
SH3BG_MOUSE,    0.073002, 4,   4.000000,    0.023693, 3087082496.000000
SH3L1_MOUSE,    0.064667, 1,   1.000000,    0.000000, 216385584.000000
SH3L3_MOUSE,    0.054283, 0,   0.000000,    0.003177, 752379904.000000
SHLB1_MOUSE,    0.179356, 1,   1.000000,    0.000000, 281698176.000000
SIM20_MOUSE,    0.052414, 1,   1.000000,    0.000000, 143814336.000000
SIR3_MOUSE,    0.031577, 2,   2.000000,    0.036790, 424110208.000000
SIR5_MOUSE,    0.024098, 5,   8.000000,    0.005754, 20474755072.000000
SLMAP_MOUSE,    0.153306, 1,   1.000000,    0.999715, 1921981824.000000
SMPX_MOUSE,    0.237176, 2,   2.000000,    0.079604, 1252780288.000000
SMYD1_MOUSE,    0.053646, 11,  13.000000,    0.007896, 17483372544.000000
SNAA_MOUSE,    0.083562, 0,   0.000000,    0.000000, 361246336.000000
SND1_MOUSE,    0.042159, 0,   0.000000,    0.000000, 855912000.000000
SNTA1_MOUSE,    0.049582, 5,   6.000000,    0.005774, 5272316416.000000
SODC_MOUSE,    0.049636, 4,   5.000000,    0.014153, 130439798784.000000
SODM_MOUSE,    0.023290, 17,  21.000000,    0.004265, 165516984320.000000
SPA3K_MOUSE,    0.474337, 5,   6.000000,    0.089820, 6916343296.000000
SPA3M_MOUSE,    0.463459, 0,   0.000000,    0.276124, 310484480.000000
SPB6_MOUSE,    0.039275, 4,   4.000000,    0.012425, 2893263104.000000
spCASB_BOVIN,    0.000008, 0,   0.000000,    0.000000, 842842368.000000
SPEG_MOUSE,    0.039524, 4,   4.000000,    0.009415, 1503621376.000000
spK1C10_HUMAN,    0.001549, 4,   4.000000,    0.003829, 9822839808.000000
spK1C9_HUMAN,    0.000520, 4,   4.000000,    0.000855, 4770537984.000000
spK22E_HUMAN,    0.000095, 2,   2.000000,    0.000010, 4350893568.000000
spK2C1_HUMAN,    0.000063, 4,   5.000000,    0.000054, 11484759040.000000
spMYG_HORSE,    0.254952, 2,   2.000000,    0.497888, 2672553728.000000
SPRE_MOUSE,    0.047684, 6,   7.000000,    0.012754, 46577598464.000000
SPRY4_MOUSE,    0.047052, 2,   2.000000,    0.001355, 664062208.000000
SPTA1_MOUSE,    0.117335, 1,   1.000000,    0.018822, 993767680.000000
SPTB1_MOUSE,    0.037280, 1,   1.000000,    0.014578, 632524288.000000
SPTB2_MOUSE,    0.098472, 41,  49.000000,    0.027122, 50711937024.000000
SPTN1_MOUSE,    0.034826, 60,  64.000000,    0.009714, 147662553088.000000
spTRYP_PIG,    0.000249, 4,   6.000000,    0.000492, 208649158656.000000
SQOR_MOUSE,    0.313734, 2,   2.000000,    0.126638, 2518360064.000000
SRBS1_MOUSE,    0.076008, 8,   9.000000,    0.011622, 13704697856.000000
SRBS2_MOUSE,    0.081155, 11,  11.000000,    0.043593, 19860875264.000000
SRCA_MOUSE,    0.020528, 35,  37.000000,    0.004932, 387151134720.000000
SRSF1_MOUSE,    0.115583, 0,   0.000000,    0.000000, 964118656.000000
SSBP_MOUSE,    0.025330, 4,   5.000000,    0.012982, 2406476032.000000
SSDH_MOUSE,    0.020408, 7,   7.000000,    0.006364, 11368920064.000000
STIP1_MOUSE,    0.117705, 4,   4.000000,    0.049912, 1976216064.000000
STML2_MOUSE,    0.032462, 1,   1.000000,    0.000000, 139586096.000000
STOM_MOUSE,    0.089243, 2,   2.000000,    0.002792, 1388194944.000000
STX7_MOUSE,    0.084098, 0,   0.000000,    0.000000, 252277232.000000
SUCA_MOUSE,    0.020272, 19,  20.000000,    0.003836, 159171592192.000000
SUCB1_MOUSE,    0.027118, 24,  26.000000,    0.004873, 257752809472.000000
SUCB2_MOUSE,    0.058779, 9,  11.000000,    0.007245, 24792293376.000000
SUMO2_MOUSE,    0.193718, 1,   1.000000,    0.000000, 780319680.000000
SUOX_MOUSE,    0.025544, 2,   2.000000,    0.007533, 893794368.000000
SURF4_MOUSE,    0.081237, 4,   5.000000,    0.017143, 1806372096.000000
SUV3_MOUSE,    0.041461, 1,   1.000000,    0.000000, 188693936.000000
SYDC_MOUSE,    0.056497, 0,   0.000000,    0.031989, 2898028544.000000
SYEP_MOUSE,    0.067209, 5,   6.000000,    0.023438, 1278897920.000000
SYIC_MOUSE,    0.519940, 0,   0.000000,    0.353510, 210636208.000000
SYIM_MOUSE,    0.033058, 8,   8.000000,    0.009470, 10560835584.000000
SYK_MOUSE,    0.115094, 1,   1.000000,    0.000000, 378106784.000000
SYLM_MOUSE,    0.027484, 1,   1.000000,    0.000000, 49431916.000000
SYNP2_MOUSE,    0.069053, 4,   6.000000,    0.015584, 1869073792.000000
SYNPO_MOUSE,    0.142144, 1,   1.000000,    0.000000, 991678720.000000
SYP2L_MOUSE,    0.039269, 5,   5.000000,    0.026379, 7559909376.000000
SYQ_MOUSE,    0.048748, 1,   1.000000,    0.000000, 113763760.000000
SYWC_MOUSE,    8.330763, 0,   0.000000,    5.863066, 184393152.000000
TACO1_MOUSE,    0.062563, 3,   3.000000,    0.037572, 18716272640.000000
TADBP_MOUSE,    0.217653, 2,   2.000000,    0.063776, 1966603648.000000
TAGL2_MOUSE,    0.073778, 4,   7.000000,    0.016941, 5133040128.000000
TAGL_MOUSE,    0.057091, 4,   5.000000,    0.018953, 5416869888.000000
TALDO_MOUSE,    0.078926, 2,   2.000000,    1.253641, 11502385152.000000
TAU_MOUSE,    0.066736, 1,   1.000000,    0.006507, 165371120.000000
TBA1A_MOUSE,    0.064018, 22,  24.000000,    0.016256, 59477258240.000000
TBA1B_MOUSE,    0.063933, 17,  20.000000,    0.013972, 24606803968.000000
TBA1C_MOUSE,    0.058983, 3,   3.000000,    0.012643, 6317342720.000000
TBA4A_MOUSE,    0.078704, 4,   5.000000,    0.005508, 17890320384.000000
TBA8_MOUSE,    0.163336, 4,   4.000000,    0.040892, 3447736320.000000
TBB2A_MOUSE,    0.040528, 20,  22.000000,    0.009391, 112144261120.000000
TBB2B_MOUSE,    0.002236, 4,   7.000000,    0.000362, 10838923264.000000
TBB4B_MOUSE,    0.037447, 8,   9.000000,    0.006202, 51503751168.000000
TBB5_MOUSE,    0.072506, 3,   3.000000,    0.013105, 6076980224.000000
TCPA_MOUSE,    0.149365, 4,   4.000000,    0.078822, 725577728.000000
TCPB_MOUSE,    0.131787, 5,   6.000000,    0.016719, 7288548864.000000
TCPD_MOUSE,    0.105974, 4,   4.000000,    0.013292, 1035733952.000000
TCPE_MOUSE,    0.166340, 2,   2.000000,    0.028803, 1083656064.000000
TCPG_MOUSE,    0.052449, 4,   7.000000,    0.015609, 21065959424.000000
TCPH_MOUSE,    0.254759, 1,   1.000000,    0.068430, 1188451200.000000
TCPQ_MOUSE,    0.138937, 4,   4.000000,    0.075992, 3100933888.000000
TCPZ_MOUSE,    0.236675, 1,   1.000000,    0.124914, 910430912.000000
TCTP_MOUSE,    0.209883, 4,   4.000000,    0.102738, 9157524480.000000
TEBP_MOUSE,    0.040589, 1,   1.000000,    0.000000, 2716239104.000000
TECRL_MOUSE,    0.037183, 1,   1.000000,    0.000000, 279869312.000000
TELT_MOUSE,    0.217749, 3,   3.000000,    0.648207, 6292407296.000000
TERA_MOUSE,    0.104440, 15,  18.000000,    0.040260, 35170037760.000000
TFAM_MOUSE,    0.018782, 1,   1.000000,    0.014495, 1189129984.000000
TGM2_MOUSE,    0.054413, 17,  19.000000,    0.015818, 65461260288.000000
THEM4_MOUSE,    0.026847, 0,   0.000000,    0.000000, 127783592.000000
THIKA_MOUSE,    0.109258, 1,   1.000000,    0.000000, 611657408.000000
THIL_MOUSE,    0.025878, 29,  33.000000,    0.006660, 304353050624.000000
THIM_MOUSE,    0.021577, 50,  51.000000,    0.004527, 878159593472.000000
THIOM_MOUSE,    0.024591, 1,   1.000000,    0.000000, 2007720192.000000
THIO_MOUSE,    0.036510, 2,   2.000000,    0.009353, 9065915392.000000
THTM_MOUSE,    0.096064, 2,   2.000000,    0.039019, 693564608.000000
THTR_MOUSE,    0.015804, 2,   2.000000,    0.010692, 2723545600.000000
TIDC1_MOUSE,    0.042415, 1,   1.000000,    0.006199, 225833360.000000
TIM13_MOUSE,    0.042761, 3,   3.000000,    0.013542, 6300600832.000000
TIM29_MOUSE,    0.000154, 0,   0.000000,    0.000000, 88419248.000000
TIM44_MOUSE,    0.045946, 4,   4.000000,    0.010854, 12752975872.000000
TIM50_MOUSE,    0.046540, 3,   3.000000,    0.013679, 1883378176.000000
TIM8A_MOUSE,    0.028096, 2,   2.000000,    0.009312, 3370056704.000000
TIM8B_MOUSE,    4.695035, 0,   0.000000,    0.000000, 1304425856.000000
TINAL_MOUSE,    0.054151, 2,   2.000000,    0.002882, 1498713984.000000
TITIN_MOUSE,    0.043594, 1102, 1131.000000,    0.012957, 3930559610880.000000
TKT_MOUSE,    0.050125, 1,   1.000000,    0.000000, 1163682560.000000
TLN1_MOUSE,    0.076999, 12,  17.000000,    0.016980, 9797620736.000000
TLN2_MOUSE,    0.032561, 5,   8.000000,    0.007490, 8024125440.000000
TM143_MOUSE,    0.021325, 5,   5.000000,    0.007094, 4612211712.000000
TMEDA_MOUSE,    0.170123, 1,   1.000000,    0.000000, 490222624.000000
TMLH_MOUSE,    0.036920, 0,   0.000000,    0.022991, 231140832.000000
TMM65_MOUSE,    0.018353, 3,   3.000000,    0.008189, 2225573376.000000
TMOD1_MOUSE,    0.113525, 4,   5.000000,    0.023018, 10437862400.000000
TMX1_MOUSE,    0.035346, 0,   0.000000,    0.000000, 291409376.000000
TMX3_MOUSE,    0.317845, 1,   1.000000,    0.000000, 48251944.000000
TNG2_MOUSE,    0.021867, 1,   1.000000,    0.000000, 3765729536.000000
TNNC1_MOUSE,    0.065370, 7,   8.000000,    0.013642, 145123672064.000000
TNNI3_MOUSE,    0.103046, 8,   9.000000,    0.014451, 316329590784.000000
TNNT2_MOUSE,    0.104484, 17,  21.000000,    0.021884, 405953576960.000000
TNS2_MOUSE,    0.156580, 1,   1.000000,    0.000000, 348001440.000000
TOLIP_MOUSE,    0.215065, 0,   0.000000,    0.000000, 849492288.000000
TOM22_MOUSE,    0.043739, 1,   1.000000,    0.030909, 4317720064.000000
TOM40_MOUSE,    0.026561, 4,   4.000000,    0.006933, 5224488448.000000
TOM70_MOUSE,    0.019821, 1,   1.000000,    0.000000, 1905845632.000000
TPIS_MOUSE,    0.049704, 17,  18.000000,    0.006258, 203450433536.000000
TPM1_MOUSE,    0.082551, 33,  34.000000,    0.008874, 1127640465408.000000
TPM2_MOUSE,    0.080188, 2,   2.000000,    0.034814, 16528722944.000000
TPM3_MOUSE,    0.078482, 1,   1.000000,    0.000000, 267540672.000000
TPP1_MOUSE,    0.017350, 0,   0.000000,    0.000000, 108829208.000000
TPP2_MOUSE,    0.049800, 2,   2.000000,    0.018136, 690722688.000000
TRAP1_MOUSE,    0.045982, 7,  11.000000,    0.016462, 10807345152.000000
TRFE_MOUSE,    0.278179, 36,  37.000000,    0.063823, 109369573376.000000
TRI54_MOUSE,    0.440597, 2,   2.000000,    0.547396, 1718503680.000000
TRI72_MOUSE,    0.099373, 12,  13.000000,    0.019955, 39386427392.000000
TRXR1_MOUSE,    0.049009, 3,   3.000000,    0.006586, 699709632.000000
TRXR2_MOUSE,    0.029740, 3,   3.000000,    0.013229, 9701875712.000000
TTC38_MOUSE,    0.097639, 3,   3.000000,    0.021667, 1488648704.000000
TTHY_MOUSE,    0.869585, 2,   2.000000,    0.010564, 12419629056.000000
TXD17_MOUSE,    0.037945, 1,   1.000000,    0.000000, 867837504.000000
TXLNB_MOUSE,    0.993149, 1,   1.000000,    0.000000, 270411232.000000
TXNL1_MOUSE,    0.148458, 2,   2.000000,    0.072184, 538888448.000000
UB2L3_MOUSE,    0.082100, 3,   3.000000,    0.035373, 4078977792.000000
UB2V1_MOUSE,    0.054141, 2,   2.000000,    0.004558, 642181632.000000
UB2V2_MOUSE,    0.052249, 0,   0.000000,    0.021548, 695028544.000000
UBA1_MOUSE,    0.080026, 12,  13.000000,    0.012067, 8785933312.000000
UBC12_MOUSE,    2.281667, 0,   0.000000,    0.999438, 536761920.000000
UBE2K_MOUSE,    0.059223, 1,   1.000000,    0.000000, 1040837568.000000
UBE2N_MOUSE,    0.054136, 4,   4.000000,    0.018494, 6267667968.000000
UBP14_MOUSE,    0.025655, 0,   0.000000,    0.015404, 1089096448.000000
UBP2L_MOUSE,    0.255018, 1,   1.000000,    0.000000, 72512200.000000
UBP5_MOUSE,    0.078376, 4,   4.000000,    0.032017, 805665088.000000
UBXN1_MOUSE,    0.267171, 0,   0.000000,    0.000000, 256862544.000000
UCHL3_MOUSE,    0.028921, 2,   2.000000,    0.049189, 4228744192.000000
UCP3_MOUSE,    0.018834, 0,   0.000000,    0.000000, 28927176.000000
UCRI_MOUSE,    0.021176, 18,  20.000000,    0.005049, 219761557504.000000
UGPA_MOUSE,    0.090630, 6,   7.000000,    0.009358, 5131074560.000000
UN45B_MOUSE,    0.207708, 1,   1.000000,    0.136913, 586278400.000000
UQCC1_MOUSE,    0.111594, 2,   2.000000,    0.664875, 554757056.000000
UQCC3_MOUSE,    0.010304, 1,   1.000000,    0.000000, 1382490112.000000
VAMP2_MOUSE,    0.000148, 0,   0.000000,    0.000000, 419256256.000000
VAMP3_MOUSE,    0.162224, 1,   1.000000,    0.000000, 55747288.000000
VAPB_MOUSE,    0.044566, 3,   3.000000,    0.017786, 4540642304.000000
VAT1_MOUSE,    0.029957, 1,   1.000000,    0.000000, 2438124032.000000
VATA_MOUSE,    0.185050, 1,   1.000000,    0.130765, 52542576.000000
VDAC1_MOUSE,    0.027954, 22,  24.000000,    0.006519, 406166798336.000000
VDAC2_MOUSE,    0.030531, 14,  15.000000,    0.005241, 139473125376.000000
VDAC3_MOUSE,    0.029406, 8,   9.000000,    0.002578, 161720385536.000000
VIME_MOUSE,    0.072870, 19,  22.000000,    0.018586, 60752572416.000000
VINC_MOUSE,    0.028907, 23,  25.000000,    0.005433, 64429256704.000000
VP26A_MOUSE,    0.043931, 1,   1.000000,    0.000000, 414906048.000000
VP26B_MOUSE,    0.000086, 0,   0.000000,    0.000000, 393637056.000000
VPS35_MOUSE,    0.058963, 4,   5.000000,    0.017641, 6278251520.000000
VTDB_MOUSE,    0.249123, 0,   0.000000,    0.170728, 1265052416.000000
VWA8_MOUSE,    0.036824, 23,  26.000000,    0.008947, 30056284160.000000
WDR1_MOUSE,    0.058600, 10,  12.000000,    0.010881, 15459783680.000000
XDH_MOUSE,    0.059160, 2,   2.000000,    0.036044, 287317408.000000
XIRP1_MOUSE,    0.120940, 1,   1.000000,    0.006402, 673572928.000000
YBOX1_MOUSE,    0.046981, 0,   0.000000,    0.000000, 75873704.000000
ZNT9_MOUSE,    0.028016, 1,   1.000000,    0.003631, 232081008.000000
