Proteins, RateConstant,CI lower bound,CI upper bound, Number of peptides,Toal number of passed peptides, SD, Abundance
1433B_MOUSE,    0.030653,  0.024870,  0.036436, 4,   4.000000,    0.001901, 2763355904.000000
1433E_MOUSE,    0.030515,  0.028265,  0.032765, 7,   9.000000,    0.002551, 13332904960.000000
1433G_MOUSE,    0.030744,  0.028364,  0.033124, 5,   6.000000,    0.003221, 4170470912.000000
1433Z_MOUSE,    0.023579,  0.020152,  0.027005, 3,   3.000000,    0.013632, 505062912.000000
2AAA_MOUSE,    0.032259,  0.028757,  0.035761, 5,   8.000000,    0.004341, 894555648.000000
2ABA_MOUSE,    0.146474,  0.127985,  0.164963, 1,   2.000000,    0.079751, 142904288.000000
2ABB_MOUSE,    0.028980,  0.013835,  0.044124, 1,   1.000000,    0.000000, 40502360.000000
3HIDH_MOUSE,    0.018380,  0.016297,  0.020463, 4,   4.000000,    0.004144, 751826624.000000
5NT3A_MOUSE,    0.030961,  0.019861,  0.042062, 0,   3.000000,    0.078013, 183480224.000000
6PGD_MOUSE,    0.000420,  0.000000,  0.002692, 0,   2.000000,    0.000114, 20575468.000000
6PGL_MOUSE,    0.032834,  0.011045,  0.054623, 1,   1.000000,    0.000000, 66470816.000000
A1AT1_MOUSE,    0.358558,  0.274185,  0.442931, 4,   4.000000,    0.129284, 582883392.000000
A1AT4_MOUSE,    0.222008,  0.000000,  0.578024, 0,   4.000000,    5.174866, 452655456.000000
AAMDC_MOUSE,    0.026001,  0.021697,  0.030305, 1,   3.000000,    0.008012, 791643648.000000
AATC_MOUSE,    0.017985,  0.016549,  0.019422, 20,  23.000000,    0.003539, 41705807872.000000
AATM_MOUSE,    0.017660,  0.016364,  0.018956, 18,  19.000000,    0.004498, 40476323840.000000
ABCE1_MOUSE,    0.000391,  0.000000,  5.817936, 1,   1.000000,    0.000000, 9245315.000000
ABEC2_MOUSE,    0.020654,  0.018341,  0.022966, 7,   8.000000,    0.006800, 8490796032.000000
ABHDB_MOUSE,    0.040862,  0.036309,  0.045416, 2,   2.000000,    0.017871, 116268832.000000
ACAD8_MOUSE,    0.023986,  0.001513,  0.046460, 1,   1.000000,    0.000000, 14821355.000000
ACADL_MOUSE,    0.020080,  0.018107,  0.022054, 11,  13.000000,    0.004814, 19224236032.000000
ACADM_MOUSE,    0.035613,  0.033125,  0.038101, 10,  12.000000,    0.007883, 9286321152.000000
ACADS_MOUSE,    0.022349,  0.020253,  0.024445, 6,  10.000000,    0.004871, 5547532800.000000
ACADV_MOUSE,    0.033627,  0.030979,  0.036275, 19,  20.000000,    0.008083, 10412072960.000000
ACBP_MOUSE,    0.019840,  0.018249,  0.021431, 3,   3.000000,    0.006189, 5243883008.000000
ACO13_MOUSE,    0.019309,  0.018837,  0.019781, 2,   3.000000,    0.015980, 841644352.000000
ACON_MOUSE,    0.020441,  0.018818,  0.022064, 41,  43.000000,    0.004123, 145075666944.000000
ACOT2_MOUSE,    0.013515,  0.011865,  0.015165, 4,   5.000000,    0.002317, 5710620160.000000
ACPM_MOUSE,    0.030644,  0.028662,  0.032625, 3,   3.000000,    0.010733, 2207286272.000000
ACSL1_MOUSE,    0.018304,  0.016214,  0.020394, 19,  21.000000,    0.004778, 5698883072.000000
ACTA_MOUSE,    0.004316,  0.003501,  0.005131, 39,  66.000000,    0.001138, 1618316230656.000000
ACTBL_MOUSE,    0.001445,  0.001110,  0.001781, 13,  16.000000,    0.001169, 896381288448.000000
ACTB_MOUSE,    0.001521,  0.000772,  0.002270, 22,  33.000000,    0.001550, 1837252476928.000000
ACTC_MOUSE,    0.003123,  0.002370,  0.003875, 29,  69.000000,    0.000890, 2479607775232.000000
ACTG_MOUSE,    0.056169,  0.039392,  0.072947, 4,   6.000000,    0.005464, 2983196160.000000
ACTN1_MOUSE,    0.014901,  0.013264,  0.016537, 18,  21.000000,    0.003905, 110993711104.000000
ACTN2_MOUSE,    0.016551,  0.015054,  0.018049, 67,  72.000000,    0.004693, 287084544000.000000
ACTN3_MOUSE,    0.012737,  0.011753,  0.013721, 64,  65.000000,    0.002975, 491998609408.000000
ACTS_MOUSE,    0.002920,  0.002209,  0.003631, 11,  18.000000,    0.000744, 614810255360.000000
ACTZ_MOUSE,    0.063853,  0.046950,  0.080756, 2,   2.000000,    0.003570, 67169608.000000
ACYP1_MOUSE,    0.178249,  0.171096,  0.185401, 1,   2.000000,    0.112533, 164178608.000000
ACYP2_MOUSE,    0.025553,  0.022567,  0.028539, 2,   3.000000,    0.345040, 3224866816.000000
ADH1_MOUSE,    0.035638,  0.027540,  0.043736, 0,   1.000000,    0.000000, 48958696.000000
ADHX_MOUSE,    0.009030,  0.007258,  0.010801, 3,   3.000000,    0.012573, 471209600.000000
ADIPO_MOUSE,    0.041402,  0.029275,  0.053529, 2,   2.000000,    0.001314, 350136032.000000
ADT1_MOUSE,    0.021236,  0.019857,  0.022615, 28,  33.000000,    0.005681, 326328352768.000000
ADT2_MOUSE,    0.074114,  0.063971,  0.084256, 1,   2.000000,    0.037986, 1362524416.000000
AIFM1_MOUSE,    0.018520,  0.016289,  0.020752, 4,   5.000000,    0.008249, 1923635968.000000
AL1A1_MOUSE,    0.021052,  0.018587,  0.023517, 3,   3.000000,    0.006035, 276278880.000000
AL4A1_MOUSE,    0.016202,  0.013532,  0.018872, 2,   2.000000,    0.003177, 465831104.000000
ALAT1_MOUSE,    0.000381,  0.000000,  2.795048, 0,   1.000000,    0.000000, 14116661.000000
ALBU_MOUSE,    0.130630,  0.121454,  0.139805, 41,  43.000000,    0.031550, 203939840000.000000
ALD2_MOUSE,    0.030255,  0.000000,  1.820249, 0,   1.000000,    0.000000, 124761704.000000
ALDH2_MOUSE,    0.071386,  0.064542,  0.078230, 7,   9.000000,    0.020120, 1556115456.000000
ALDOA_MOUSE,    0.034575,  0.032506,  0.036643, 65,  67.000000,    0.009218, 1007767453696.000000
ALDR_MOUSE,    0.009550,  0.008115,  0.010985, 10,  13.000000,    0.002219, 13785291776.000000
AMPD1_MOUSE,    0.037559,  0.034362,  0.040756, 25,  27.000000,    0.008878, 25814994944.000000
AMRP_MOUSE,    0.044595,  0.035981,  0.053209, 1,   2.000000,    0.011080, 120312544.000000
AN32A_MOUSE,    0.179630,  0.175383,  0.183877, 2,   2.000000,    0.117684, 1474135040.000000
ANK1_MOUSE,    0.071374,  0.048057,  0.094691, 0,   1.000000,    0.000000, 270383232.000000
ANKR2_MOUSE,    0.078702,  0.066151,  0.091253, 4,   4.000000,    0.017356, 720549632.000000
ANM1_MOUSE,    0.048958,  0.040601,  0.057314, 1,   1.000000,    0.000000, 79099176.000000
ANO10_MOUSE,    3.793402,  3.763341,  3.823462, 0,   2.000000,    2.682280, 269409440.000000
ANT3_MOUSE,    0.176461,  0.038172,  0.314750, 1,   1.000000,    0.000000, 42360204.000000
ANX11_MOUSE,    0.050085,  0.046437,  0.053733, 5,   7.000000,    0.006013, 1939470208.000000
ANXA2_MOUSE,    0.031613,  0.027484,  0.035743, 4,   4.000000,    0.014043, 1026675520.000000
ANXA4_MOUSE,    0.022325,  0.011496,  0.033154, 2,   2.000000,    0.007641, 172384944.000000
ANXA5_MOUSE,    0.038047,  0.031950,  0.044145, 3,   3.000000,    0.022500, 703554240.000000
ANXA6_MOUSE,    0.019893,  0.018076,  0.021710, 18,  21.000000,    0.003914, 17358108672.000000
ANXA7_MOUSE,    0.029921,  0.017765,  0.042076, 3,   3.000000,    0.004039, 498846656.000000
AOC3_MOUSE,    0.001692,  0.000000,  2.969380, 1,   1.000000,    0.000000, 20603680.000000
AP4A_MOUSE,    0.021017,  0.002241,  0.039793, 1,   2.000000,    0.002508, 34302088.000000
APEH_MOUSE,    0.009482,  0.000000,  2.646363, 0,   1.000000,    0.000000, 12411298.000000
APOA1_MOUSE,    0.199394,  0.190533,  0.208256, 4,   4.000000,    0.163069, 10328570880.000000
APOA2_MOUSE,    0.501321,  0.331497,  0.671145, 0,   1.000000,    0.000000, 35280964.000000
APOA4_MOUSE,    0.216812,  0.216343,  0.217281, 0,   2.000000,    0.153299, 169041520.000000
AQP1_MOUSE,    0.000288,  0.000000,  6.447741, 0,   1.000000,    0.000000, 235897936.000000
ARF1_MOUSE,    0.110742,  0.054091,  0.167394, 2,   2.000000,    0.013623, 126108488.000000
ARF5_MOUSE,    0.142931,  0.063769,  0.222093, 1,   1.000000,    0.000000, 76436608.000000
ARHL1_MOUSE,    0.032464,  0.008991,  0.055936, 1,   1.000000,    0.000000, 20386952.000000
ARK72_MOUSE,    0.024125,  0.021628,  0.026621, 2,   3.000000,    0.014853, 378509408.000000
ASGL1_MOUSE,    0.012945,  0.010048,  0.015842, 2,   3.000000,    0.003133, 168510944.000000
ASPH_MOUSE,    0.007417,  0.006075,  0.008759, 1,   1.000000,    0.000000, 446410496.000000
ASPN_MOUSE,    0.005614,  0.004910,  0.006319, 4,   6.000000,    0.003183, 4749665280.000000
AT1A1_MOUSE,    0.042758,  0.034547,  0.050968, 8,   9.000000,    0.005770, 1255169664.000000
AT1A2_MOUSE,    0.050494,  0.043891,  0.057097, 14,  16.000000,    0.013519, 10171310080.000000
AT1B1_MOUSE,    0.047944,  0.044412,  0.051476, 2,   3.000000,    0.024146, 656219264.000000
AT1B2_MOUSE,    0.043869,  0.040512,  0.047226, 1,   3.000000,    0.241693, 195806096.000000
AT2A1_MOUSE,    0.022470,  0.020801,  0.024139, 97,  98.000000,    0.005762, 1624923832320.000000
AT2A2_MOUSE,    0.045452,  0.035325,  0.055579, 7,  11.000000,    0.010054, 3609357568.000000
AT5F1_MOUSE,    0.015750,  0.014345,  0.017156, 8,   9.000000,    0.002362, 15400817664.000000
ATAD3_MOUSE,    0.018458,  0.008187,  0.028730, 1,   1.000000,    0.000000, 40845096.000000
ATLA2_MOUSE,    0.034786,  0.028723,  0.040848, 2,   2.000000,    0.023516, 53604800.000000
ATOX1_MOUSE,    0.010570,  0.000000, 13.499307, 0,   1.000000,    0.000000, 6871397.500000
ATP5H_MOUSE,    0.017184,  0.015526,  0.018843, 9,  13.000000,    0.003027, 19890530304.000000
ATP5I_MOUSE,    0.005708,  0.004778,  0.006638, 3,   3.000000,    0.002693, 3795458304.000000
ATP5J_MOUSE,    0.019300,  0.017227,  0.021373, 5,   6.000000,    0.007327, 5090328576.000000
ATP5L_MOUSE,    0.016039,  0.010445,  0.021634, 2,   3.000000,    0.002234, 809400128.000000
ATP68_MOUSE,    0.022682,  0.003946,  0.041418, 1,   2.000000,    0.312567, 1280748416.000000
ATP8_MOUSE,    0.003531,  0.000000,  2.248633, 1,   1.000000,    0.000000, 325651456.000000
ATPA_MOUSE,    0.025514,  0.024125,  0.026903, 37,  38.000000,    0.004887, 187750088704.000000
ATPB_MOUSE,    0.021209,  0.019864,  0.022553, 37,  41.000000,    0.004816, 273353752576.000000
ATPD_MOUSE,    0.018647,  0.017567,  0.019728, 4,   5.000000,    0.007381, 7732796416.000000
ATPG_MOUSE,    0.013331,  0.012282,  0.014380, 5,   9.000000,    0.002339, 28690575360.000000
ATPK_MOUSE,    0.017092,  0.016179,  0.018004, 2,   2.000000,    0.003133, 10781172736.000000
ATPMK_MOUSE,    0.022555,  0.020261,  0.024850, 1,   2.000000,    0.008628, 3686112768.000000
ATPO_MOUSE,    0.012232,  0.010567,  0.013897, 8,   9.000000,    0.001778, 21046855680.000000
B2L13_MOUSE,    0.017531,  0.010902,  0.024161, 1,   1.000000,    0.000000, 72036056.000000
B3AT_MOUSE,    0.000797,  0.000048,  0.001546, 1,   1.000000,    0.000000, 35847544.000000
BAF_MOUSE,    0.033441,  0.024151,  0.042730, 2,   2.000000,    0.005761, 353345856.000000
BAG3_MOUSE,    0.083098,  0.061650,  0.104546, 2,   3.000000,    6.237105, 456440864.000000
BASI_MOUSE,    0.060409,  0.056293,  0.064524, 3,   3.000000,    0.009528, 972466176.000000
BCAT2_MOUSE,    0.030272,  0.025665,  0.034879, 0,   2.000000,    0.009379, 237573984.000000
BDH_MOUSE,    0.014172,  0.012742,  0.015603, 4,   5.000000,    0.004974, 3224815104.000000
BGH3_MOUSE,    9.813312,  7.090791, 12.535832, 0,   1.000000,    0.000000, 560201408.000000
BIN1_MOUSE,    0.047094,  0.043312,  0.050876, 13,  15.000000,    0.009465, 9735538688.000000
BIP_MOUSE,    0.019965,  0.018057,  0.021873, 9,  13.000000,    0.006877, 20674945024.000000
BLMH_MOUSE,    0.022376,  0.016142,  0.028610, 1,   2.000000,    0.008576, 40993336.000000
BLVRB_MOUSE,    1.013099,  1.001872,  1.024327, 1,   2.000000,    0.716265, 18006116.000000
BPHL_MOUSE,    0.009094,  0.000000,  4.999081, 0,   1.000000,    0.000000, 44118560.000000
BRCA2_MOUSE,    0.058580,  0.000000,  2.512935, 0,   1.000000,    0.000000, 176754480.000000
C1QBP_MOUSE,    0.018686,  0.016334,  0.021039, 1,   1.000000,    0.000000, 356486368.000000
C1TC_MOUSE,    0.033893,  0.033893,  0.033893, 0,   1.000000,    0.000000, 2815043.000000
C560_MOUSE,    0.009609,  0.008075,  0.011143, 3,   3.000000,    0.000741, 451366848.000000
CA2D1_MOUSE,    0.014127,  0.012576,  0.015678, 10,  18.000000,    0.003704, 7575080448.000000
CAC1S_MOUSE,    0.020981,  0.019091,  0.022871, 5,   8.000000,    0.004138, 2420207616.000000
CACB1_MOUSE,    0.010118,  0.007627,  0.012610, 3,   3.000000,    0.014845, 705226432.000000
CACP_MOUSE,    0.023649,  0.021451,  0.025848, 6,   8.000000,    0.005426, 2513789696.000000
CAD13_MOUSE,    0.021089,  0.019821,  0.022357, 3,   3.000000,    0.006606, 2938749440.000000
CAH2_MOUSE,    0.013646,  0.010715,  0.016577, 1,   1.000000,    0.000000, 285856544.000000
CAH3_MOUSE,    0.011823,  0.010769,  0.012878, 28,  32.000000,    0.002882, 400443244544.000000
CALM1_MOUSE,    0.046393,  0.042436,  0.050349, 6,   8.000000,    0.004294, 13090677760.000000
CALR_MOUSE,    0.045573,  0.041816,  0.049330, 2,   3.000000,    0.030828, 456171520.000000
CALU_MOUSE,    0.031809,  0.022834,  0.040785, 1,   1.000000,    0.000000, 92567464.000000
CAN1_MOUSE,    0.018980,  0.015885,  0.022075, 3,   3.000000,    0.016292, 1159624320.000000
CANB1_MOUSE,    0.681808,  0.487175,  0.876442, 1,   1.000000,    0.000000, 115240520.000000
CAND2_MOUSE,    0.050590,  0.043923,  0.057256, 3,   3.000000,    0.023349, 177309168.000000
CAP2_MOUSE,    0.148518,  0.096062,  0.200973, 1,   2.000000,    0.044612, 68979296.000000
CAPZB_MOUSE,    0.020962,  0.019085,  0.022840, 8,  10.000000,    0.004375, 7510798848.000000
CARME_MOUSE,    0.029940,  0.027341,  0.032539, 1,   2.000000,    0.012231, 76644096.000000
CASQ1_MOUSE,    0.001579,  0.001132,  0.002026, 30,  36.000000,    0.001381, 388121231360.000000
CASQ2_MOUSE,    0.004875,  0.003526,  0.006225, 4,   4.000000,    0.001844, 1783787648.000000
CATA_MOUSE,    0.111261,  0.000000,  1.496075, 1,   1.000000,    0.000000, 16216039.000000
CATB_MOUSE,    0.031378,  0.029237,  0.033520, 1,   1.000000,    0.000000, 405483584.000000
CATD_MOUSE,    5.245130,  1.999322,  8.490938, 0,   1.000000,    0.000000, 810337792.000000
CAV1_MOUSE,    0.031527,  0.028665,  0.034388, 2,   2.000000,    0.002016, 1234678400.000000
CAVN1_MOUSE,    0.031959,  0.029690,  0.034229, 3,   3.000000,    0.010524, 2752549376.000000
CAVN2_MOUSE,    0.073718,  0.066966,  0.080470, 2,   2.000000,    0.027324, 69984288.000000
CAVN3_MOUSE,    0.225410,  0.000000,  2.528940, 0,   1.000000,    0.000000, 29228168.000000
CAVN4_MOUSE,    0.043057,  0.032626,  0.053487, 2,   2.000000,    0.011061, 133905560.000000
CAZA2_MOUSE,    0.016444,  0.014521,  0.018367, 11,  12.000000,    0.006017, 13829586944.000000
CBPA3_MOUSE,    0.012969,  0.012482,  0.013456, 2,   3.000000,    0.011438, 5959740416.000000
CBR1_MOUSE,    0.022736,  0.011304,  0.034168, 2,   2.000000,    0.000004, 151684848.000000
CD36_MOUSE,    0.099454,  0.088620,  0.110288, 3,   3.000000,    0.025696, 1278916608.000000
CH10_MOUSE,    0.029506,  0.027280,  0.031733, 4,   4.000000,    0.010411, 3206556160.000000
CH60_MOUSE,    0.022643,  0.020296,  0.024990, 16,  18.000000,    0.004757, 7937429504.000000
CILP2_MOUSE,    0.000155,  0.000020,  0.000290, 1,   1.000000,    0.000000, 165285744.000000
CISD1_MOUSE,    0.019702,  0.017581,  0.021822, 3,   3.000000,    0.007513, 70944571392.000000
CISY_MOUSE,    0.017609,  0.015847,  0.019370, 11,  14.000000,    0.004258, 11349093376.000000
CLH1_MOUSE,    0.067060,  0.059421,  0.074698, 4,   5.000000,    0.014800, 210025296.000000
CLYBL_MOUSE,    0.024449,  0.020377,  0.028522, 2,   3.000000,    0.237090, 431616608.000000
CMBL_MOUSE,    0.015025,  0.012319,  0.017730, 4,   5.000000,    0.001937, 1241426304.000000
CMC1_MOUSE,    0.018999,  0.017251,  0.020748, 28,  34.000000,    0.005365, 23465381888.000000
CMYA5_MOUSE,    3.472415,  3.045247,  3.899584, 1,   2.000000,    2.363456, 65168260.000000
CNBP_MOUSE,    0.226492,  0.178959,  0.274025, 1,   1.000000,    0.000000, 425726752.000000
CNDP2_MOUSE,    0.025213,  0.015279,  0.035147, 0,   3.000000,    0.070999, 45593292.000000
CNPY2_MOUSE,    0.103282,  0.100467,  0.106096, 0,   2.000000,    0.073005, 318913344.000000
CO1A1_MOUSE,    0.000077,  0.000000,  0.000294, 8,  10.000000,    0.000042, 74449739776.000000
CO1A2_MOUSE,    0.000055,  0.000000,  0.000241, 7,   9.000000,    0.000026, 34408321024.000000
CO4A1_MOUSE,    0.000574,  0.000000,  0.001163, 3,   3.000000,    0.005438, 1281641472.000000
CO4A2_MOUSE,    0.005194,  0.004155,  0.006234, 4,   4.000000,    0.002793, 2738917632.000000
CO5A1_MOUSE,    0.000078,  0.000000,  2.614130, 1,   1.000000,    0.000000, 637115456.000000
CO5A2_MOUSE,    0.000034,  0.000000,  4.990293, 0,   1.000000,    0.000000, 52219400.000000
CO6A1_MOUSE,    0.000795,  0.000232,  0.001359, 14,  16.000000,    0.001755, 10143393792.000000
CO6A2_MOUSE,    0.000689,  0.000306,  0.001072, 7,  11.000000,    0.000940, 10049507328.000000
CO6A6_MOUSE,    3.786773,  1.997885,  5.575661, 0,   1.000000,    0.000000, 426551808.000000
COCA1_MOUSE,    0.001459,  0.001119,  0.001798, 10,  16.000000,    0.001286, 4545771520.000000
COF1_MOUSE,    0.106815,  0.099540,  0.114091, 2,   2.000000,    0.061766, 1624659968.000000
COF2_MOUSE,    0.025847,  0.023486,  0.028209, 7,   8.000000,    0.003875, 11860849664.000000
COFA1_MOUSE,    0.021395,  0.017223,  0.025567, 2,   2.000000,    0.008404, 249245504.000000
COPA1_MOUSE,    0.000000,  0.000000,740.523926, 1,   1.000000,    0.000000, 3990440192.000000
COQ3_MOUSE,    0.085782,  0.063534,  0.108030, 0,   1.000000,    0.000000, 66755200.000000
COQ5_MOUSE,    0.027931,  0.020883,  0.034979, 1,   3.000000,    0.021257, 163201712.000000
COQ6_MOUSE,    0.620431,  0.541535,  0.699327, 0,   1.000000,    0.000000, 21609950.000000
COQ7_MOUSE,    0.006537,  0.000000,  3.145695, 0,   1.000000,    0.000000, 49538144.000000
COQ8A_MOUSE,    0.112208,  0.100368,  0.124048, 5,   7.000000,    0.020518, 2000073344.000000
COQ9_MOUSE,    0.024892,  0.022161,  0.027623, 6,   6.000000,    0.004934, 2329030912.000000
CORO6_MOUSE,    0.041065,  0.035372,  0.046759, 1,   1.000000,    0.000000, 167992544.000000
COX1_MOUSE,    0.024514,  0.021164,  0.027864, 4,   4.000000,    0.004687, 980280576.000000
COX2_MOUSE,    0.010149,  0.008469,  0.011830, 5,   6.000000,    0.005573, 25921898496.000000
COX3_MOUSE,    0.033004,  0.026908,  0.039100, 2,   2.000000,    0.001314, 202789744.000000
COX41_MOUSE,    0.022600,  0.021117,  0.024083, 7,   8.000000,    0.005329, 24616564736.000000
COX5A_MOUSE,    0.023021,  0.021189,  0.024853, 10,  12.000000,    0.006439, 20363360256.000000
COX5B_MOUSE,    0.019936,  0.018524,  0.021347, 4,   6.000000,    0.005089, 14139269120.000000
COX6C_MOUSE,    0.021026,  0.019822,  0.022229, 2,   2.000000,    0.006871, 6430238720.000000
COX8B_MOUSE,    0.322240,  0.000000,  3.632799, 0,   1.000000,    0.000000, 1036100864.000000
CPNS1_MOUSE,    0.046364,  0.042795,  0.049933, 1,   2.000000,    0.025688, 22127594.000000
CPT1B_MOUSE,    0.031375,  0.029438,  0.033313, 10,  14.000000,    0.008116, 8325449728.000000
CPT2_MOUSE,    0.020213,  0.017894,  0.022532, 4,   5.000000,    0.008249, 1090751744.000000
CRYAB_MOUSE,    0.092211,  0.080321,  0.104101, 7,   9.000000,    0.018277, 14508820480.000000
CSN8_MOUSE,    0.000076,  0.000000, 10.698858, 0,   1.000000,    0.000000, 12403548.000000
CSRP3_MOUSE,    0.076873,  0.067942,  0.085804, 4,   4.000000,    0.045676, 1237281792.000000
CUL5_MOUSE,    0.055381,  0.028348,  0.082415, 1,   1.000000,    0.000000, 18588102.000000
CUTA_MOUSE,    0.012664,  0.011149,  0.014178, 2,   2.000000,    0.001861, 417760064.000000
CX6B1_MOUSE,    0.021798,  0.020482,  0.023113, 4,   4.000000,    0.000639, 18915270656.000000
CX7A1_MOUSE,    0.029099,  0.026960,  0.031239, 3,   3.000000,    0.012176, 8411272704.000000
CX7A2_MOUSE,    0.033812,  0.024486,  0.043138, 1,   1.000000,    0.000000, 213816032.000000
CY1_MOUSE,    0.014008,  0.012820,  0.015196, 9,  11.000000,    0.001767, 17782894592.000000
CYB_MOUSE,    0.000153,  0.000000,  3.289806, 1,   1.000000,    0.000000, 1311787136.000000
CYC_MOUSE,    0.022687,  0.020842,  0.024533, 7,   9.000000,    0.003068, 36780437504.000000
CYTC_MOUSE,    0.580015,  0.430449,  0.729582, 1,   1.000000,    0.000000, 84038960.000000
DAG1_MOUSE,    0.038860,  0.017280,  0.060440, 1,   1.000000,    0.000000, 1100253568.000000
DAZP1_MOUSE,    0.033627,  0.000000,  3.759361, 1,   1.000000,    0.000000, 13344355.000000
DCTN2_MOUSE,    0.055761,  0.024020,  0.087503, 1,   2.000000,    0.015220, 19152496.000000
DDB1_MOUSE,    0.042659,  0.000000,  5.007321, 1,   1.000000,    0.000000, 9913378.000000
DDX3L_MOUSE,    0.197468,  0.172024,  0.222911, 1,   3.000000,    0.071558, 145276160.000000
DECR_MOUSE,    0.022046,  0.020401,  0.023690, 6,   7.000000,    0.004948, 30551859200.000000
DERM_MOUSE,    0.000262,  0.000083,  0.000442, 2,   2.000000,    0.000109, 1353718144.000000
DESM_MOUSE,    0.074967,  0.070626,  0.079309, 29,  31.000000,    0.018689, 54709096448.000000
DEST_MOUSE,    0.021964,  0.007869,  0.036059, 1,   2.000000,    0.014862, 1175973120.000000
DHB4_MOUSE,    0.100133,  0.072435,  0.127831, 1,   3.000000,    0.043115, 26272276.000000
DHB8_MOUSE,    0.010808,  0.010196,  0.011419, 0,   4.000000,    0.007315, 77559112.000000
DHDH_MOUSE,    0.012386,  0.010431,  0.014341, 2,   2.000000,    0.007144, 165498608.000000
DHE3_MOUSE,    0.025960,  0.014669,  0.037252, 3,   3.000000,    0.009173, 174360208.000000
DHPR_MOUSE,    0.015881,  0.014191,  0.017570, 1,   1.000000,    0.000000, 798257344.000000
DHRS4_MOUSE,    0.020652,  0.019394,  0.021910, 2,   2.000000,    0.012189, 36756422656.000000
DLDH_MOUSE,    0.010457,  0.008647,  0.012268, 12,  17.000000,    0.003555, 12891262976.000000
DMD_MOUSE,    0.019907,  0.017430,  0.022384, 5,  10.000000,    0.003777, 2476076800.000000
DNJA2_MOUSE,    0.046821,  0.016866,  0.076776, 1,   3.000000,    0.011545, 327924832.000000
DNJA4_MOUSE,    0.055530,  0.046117,  0.064943, 1,   1.000000,    0.000000, 74469656.000000
DNM1L_MOUSE,    0.037413,  0.022746,  0.052081, 1,   1.000000,    0.000000, 8221140.500000
DPEP3_MOUSE,    0.004689,  0.003868,  0.005510, 1,   1.000000,    0.000000, 87015624.000000
DPYL2_MOUSE,    0.036512,  0.030735,  0.042290, 1,   3.000000,    0.682254, 130447432.000000
DRS7C_MOUSE,    0.011874,  0.009822,  0.013927, 4,   4.000000,    0.003769, 989737984.000000
DUS23_MOUSE,    0.463459,  0.193177,  0.733740, 0,   2.000000,    0.207423, 13725212.000000
DUS29_MOUSE,    0.030906,  0.025149,  0.036663, 1,   1.000000,    0.000000, 85349720.000000
DUS3_MOUSE,    0.000085,  0.000000,  0.000885, 1,   3.000000,    0.010426, 518804704.000000
DYHC1_MOUSE,    1.032935,  0.877678,  1.188191, 0,   3.000000,    3.347747, 83497280.000000
DYSF_MOUSE,    0.013916,  0.011572,  0.016261, 5,   5.000000,    0.005749, 599368320.000000
ECH1_MOUSE,    0.078980,  0.078330,  0.079631, 2,   3.000000,    0.080898, 408588864.000000
ECHA_MOUSE,    0.020599,  0.018821,  0.022377, 26,  30.000000,    0.005264, 26764539904.000000
ECHB_MOUSE,    0.029862,  0.027521,  0.032203, 16,  21.000000,    0.007638, 17333526528.000000
ECHM_MOUSE,    0.014395,  0.013039,  0.015751, 5,   7.000000,    0.002710, 3259246080.000000
ECI1_MOUSE,    0.013909,  0.012258,  0.015560, 5,   6.000000,    0.006309, 4743414784.000000
ECI2_MOUSE,    0.080925,  0.068739,  0.093110, 0,   3.000000,    0.109712, 343836544.000000
EDEM1_MOUSE,    0.000084,  0.000000,  7.449803, 0,   1.000000,    0.000000, 6049629.000000
EF1A1_MOUSE,    0.025574,  0.021807,  0.029342, 6,   9.000000,    0.004132, 7619889664.000000
EF1A2_MOUSE,    0.033062,  0.029889,  0.036235, 15,  18.000000,    0.006205, 23749421056.000000
EF1B_MOUSE,    0.018534,  0.016018,  0.021050, 1,   1.000000,    0.000000, 2805069568.000000
EF1D_MOUSE,    0.063106,  0.058071,  0.068140, 4,   4.000000,    0.004349, 1374002176.000000
EF1G_MOUSE,    0.048625,  0.044887,  0.052364, 3,   3.000000,    0.018953, 1278433920.000000
EF2_MOUSE,    0.036993,  0.033727,  0.040258, 17,  22.000000,    0.009486, 8731296768.000000
EFTU_MOUSE,    0.023205,  0.020664,  0.025747, 12,  13.000000,    0.004914, 6883899904.000000
EHD1_MOUSE,    0.021140,  0.000000,  1.178929, 0,   1.000000,    0.000000, 8859889.000000
EHD2_MOUSE,    0.014957,  0.013095,  0.016820, 4,   5.000000,    0.004407, 557294656.000000
EI3JA_MOUSE,    0.210509,  0.201711,  0.219306, 2,   2.000000,    0.137498, 82794704.000000
ELOB_MOUSE,    1.259260,  1.251131,  1.267390, 1,   2.000000,    0.840906, 364720992.000000
ELOC_MOUSE,    0.031048,  0.012641,  0.049455, 2,   3.000000,    0.009039, 61874060.000000
EMAL1_MOUSE,    0.028263,  0.006233,  0.050293, 1,   2.000000,    0.006991, 49210200.000000
ENOA_MOUSE,    0.006736,  0.006049,  0.007423, 26,  29.000000,    0.006110, 280294424576.000000
ENOB_MOUSE,    0.013657,  0.012309,  0.015004, 29,  34.000000,    0.003634, 447553896448.000000
ENOG_MOUSE,    0.100726,  0.095669,  0.105782, 0,   2.000000,    0.063669, 687583552.000000
ENPL_MOUSE,    0.025711,  0.013178,  0.038244, 2,   3.000000,    0.043462, 509165728.000000
ENSA_MOUSE,    0.064314,  0.000000,  1.275327, 1,   1.000000,    0.000000, 55571748.000000
EST1C_MOUSE,    0.281131,  0.264597,  0.297664, 2,   2.000000,    0.096723, 129579488.000000
EST1D_MOUSE,    0.026237,  0.017352,  0.035123, 1,   3.000000,    0.006518, 387233824.000000
ESTD_MOUSE,    0.010635,  0.008313,  0.012957, 3,   3.000000,    0.002545, 1580414720.000000
ETFA_MOUSE,    0.020514,  0.018746,  0.022282, 12,  13.000000,    0.003976, 13273036800.000000
ETFB_MOUSE,    0.020651,  0.018994,  0.022309, 10,  11.000000,    0.004683, 12067555328.000000
ETFD_MOUSE,    0.017444,  0.015776,  0.019112, 8,  11.000000,    0.003984, 3456339456.000000
F16P2_MOUSE,    0.016981,  0.013797,  0.020164, 3,   3.000000,    0.010245, 888456192.000000
FA98A_MOUSE,    0.000006,  0.000000,  1.949197, 1,   1.000000,    0.000000, 12069675.000000
FABP4_MOUSE,    0.036518,  0.033511,  0.039526, 6,   7.000000,    0.005660, 6876930560.000000
FABPH_MOUSE,    0.014486,  0.012914,  0.016058, 4,   5.000000,    0.001668, 31326242816.000000
FBN1_MOUSE,    0.000071,  0.000000,  0.000537, 6,  13.000000,    0.000024, 9507557376.000000
FETUA_MOUSE,    0.452894,  0.368173,  0.537614, 1,   1.000000,    0.000000, 125447464.000000
FHL1_MOUSE,    0.030411,  0.026842,  0.033979, 20,  20.000000,    0.009674, 66960019456.000000
FHL3_MOUSE,    0.041804,  0.037062,  0.046546, 7,   8.000000,    0.008390, 2185975808.000000
FIS1_MOUSE,    0.024920,  0.020731,  0.029110, 0,   1.000000,    0.000000, 66459564.000000
FITM1_MOUSE,    0.077618,  0.076276,  0.078960, 1,   2.000000,    0.048386, 1317329408.000000
FKB1A_MOUSE,    0.007220,  0.005184,  0.009256, 4,   5.000000,    0.004420, 1224829952.000000
FKBP3_MOUSE,    0.050442,  0.036841,  0.064042, 2,   2.000000,    0.009703, 225553328.000000
FLNC_MOUSE,    0.040409,  0.036634,  0.044184, 59,  65.000000,    0.011660, 42843320320.000000
FMOD_MOUSE,    0.023734,  0.019340,  0.028129, 4,   4.000000,    0.010137, 3349541888.000000
FRIH_MOUSE,    0.082670,  0.075896,  0.089443, 3,   3.000000,    0.022837, 124721960.000000
FUMH_MOUSE,    0.019639,  0.018293,  0.020985, 11,  12.000000,    0.003457, 10720461824.000000
FUND2_MOUSE,    0.054376,  0.037091,  0.071661, 1,   1.000000,    0.000000, 151348240.000000
FXR1_MOUSE,    0.088748,  0.055280,  0.122215, 0,   1.000000,    0.000000, 95835280.000000
G3BP1_MOUSE,    0.044041,  0.024168,  0.063914, 1,   1.000000,    0.000000, 19024576.000000
G3P_MOUSE,    0.017420,  0.015782,  0.019059, 48,  50.000000,    0.004831, 938450616320.000000
G6PI_MOUSE,    0.014254,  0.012809,  0.015698, 27,  28.000000,    0.003257, 51445432320.000000
GAL3A_MOUSE,    0.024242,  0.021979,  0.026505, 2,   2.000000,    0.003920, 2814088704.000000
GARS_MOUSE,    0.028857,  0.023989,  0.033725, 1,   2.000000,    0.020271, 36721952.000000
GBB1_MOUSE,    0.169545,  0.147273,  0.191817, 2,   2.000000,    0.093090, 223889840.000000
GBB2_MOUSE,    0.463459,  0.431211,  0.495706, 1,   2.000000,    0.297639, 273397824.000000
GCAB_MOUSE,    0.110438,  0.096007,  0.124870, 2,   2.000000,    0.063550, 467886816.000000
GCP2_MOUSE,    0.016980,  0.002535,  0.031425, 1,   1.000000,    0.000000, 337096832.000000
GDIA_MOUSE,    0.022364,  0.009348,  0.035380, 3,   3.000000,    0.020958, 121182720.000000
GDIB_MOUSE,    0.020797,  0.016824,  0.024771, 4,   6.000000,    0.005768, 877398912.000000
GDIR1_MOUSE,    0.015682,  0.011648,  0.019717, 2,   3.000000,    0.051467, 1096259968.000000
GLGB_MOUSE,    0.046548,  0.038740,  0.054355, 1,   2.000000,    0.018376, 107628960.000000
GLOD4_MOUSE,    3.403343,  3.304301,  3.502384, 0,   1.000000,    0.000000, 13621232.000000
GLRX1_MOUSE,    0.014371,  0.008828,  0.019914, 1,   1.000000,    0.000000, 428066720.000000
GLRX5_MOUSE,    0.042344,  0.000000,  3.804773, 0,   1.000000,    0.000000, 12442210.000000
GLYG_MOUSE,    0.023090,  0.020469,  0.025711, 6,   8.000000,    0.013603, 1846625792.000000
GMPR1_MOUSE,    0.046770,  0.038920,  0.054621, 2,   2.000000,    0.006169, 152118720.000000
GPC6A_MOUSE,    0.006823,  0.000000,  0.354270, 1,   1.000000,    0.000000, 267453856.000000
GPD1L_MOUSE,    0.052633,  0.039261,  0.066006, 2,   2.000000,    0.024452, 260815968.000000
GPDA_MOUSE,    0.016554,  0.014814,  0.018293, 14,  18.000000,    0.004055, 22717360128.000000
GPDM_MOUSE,    0.021609,  0.018886,  0.024331, 7,  12.000000,    0.004596, 4001927168.000000
GPX3_MOUSE,    0.030989,  0.027725,  0.034254, 1,   2.000000,    0.021026, 1776855552.000000
GPX4_MOUSE,    0.020884,  0.000000,  2.785613, 1,   1.000000,    0.000000, 144068544.000000
GRHPR_MOUSE,    0.004686,  0.002490,  0.006881, 3,   3.000000,    0.013554, 994834368.000000
GRP75_MOUSE,    0.066914,  0.061619,  0.072208, 11,  14.000000,    0.017578, 4800434688.000000
GSHR_MOUSE,    0.013911,  0.003906,  0.023915, 1,   1.000000,    0.000000, 42504896.000000
GSTA4_MOUSE,    0.028314,  0.002285,  0.054343, 0,   1.000000,    0.000000, 18318274.000000
GSTM1_MOUSE,    0.014787,  0.013151,  0.016424, 9,  13.000000,    0.004146, 10824607744.000000
GSTM2_MOUSE,    0.012398,  0.009793,  0.015002, 3,   3.000000,    0.009276, 2118939648.000000
GSTM5_MOUSE,    0.008677,  0.005889,  0.011466, 1,   1.000000,    0.000000, 123527592.000000
GSTO1_MOUSE,    0.008905,  0.006151,  0.011659, 1,   1.000000,    0.000000, 309524672.000000
GSTP1_MOUSE,    0.019134,  0.017668,  0.020600, 4,   4.000000,    0.014492, 5901285888.000000
GYS1_MOUSE,    0.047579,  0.043526,  0.051632, 14,  16.000000,    0.009745, 8529128448.000000
H10_MOUSE,    0.017106,  0.015065,  0.019148, 1,   2.000000,    0.010629, 4163669248.000000
H12_MOUSE,    0.016617,  0.013276,  0.019958, 3,   3.000000,    0.025435, 5077397504.000000
H14_MOUSE,    0.012715,  0.011632,  0.013798, 2,   3.000000,    0.261603, 1831158528.000000
H2A1B_MOUSE,    0.009545,  0.008094,  0.010996, 4,   4.000000,    0.001985, 6793367040.000000
H2A2A_MOUSE,    0.004496,  0.003351,  0.005642, 6,   6.000000,    0.002520, 4953600000.000000
H2AY_MOUSE,    0.019573,  0.007964,  0.031181, 0,   1.000000,    0.000000, 35931272.000000
H2B1B_MOUSE,    0.005422,  0.003944,  0.006899, 4,   8.000000,    0.001147, 17101264896.000000
H3C_MOUSE,    0.002470,  0.001945,  0.002996, 3,   3.000000,    0.003993, 4185756160.000000
H4_MOUSE,    0.003925,  0.003090,  0.004760, 7,   7.000000,    0.001525, 27342628864.000000
HACL1_MOUSE,    0.005710,  0.002376,  0.009045, 1,   1.000000,    0.000000, 218278112.000000
HBA_MOUSE,    0.018399,  0.016110,  0.020688, 10,  11.000000,    0.004715, 125756809216.000000
HBB1_MOUSE,    0.019916,  0.018249,  0.021583, 13,  16.000000,    0.002527, 165087461376.000000
HCD2_MOUSE,    0.021909,  0.018841,  0.024977, 3,   3.000000,    0.007192, 580284992.000000
HCDH_MOUSE,    0.019357,  0.017559,  0.021155, 6,   7.000000,    0.002104, 8564649472.000000
HDHD2_MOUSE,    0.010937,  0.000000,  1.386394, 0,   1.000000,    0.000000, 107151832.000000
HEMO_MOUSE,    0.360109,  0.328795,  0.391423, 2,   2.000000,    0.068754, 657440000.000000
HHATL_MOUSE,    0.002834,  0.002177,  0.003491, 5,  11.000000,    0.000401, 10962107392.000000
HIBCH_MOUSE,    0.017635,  0.014602,  0.020669, 2,   2.000000,    0.002433, 114464384.000000
HINT1_MOUSE,    0.014540,  0.011967,  0.017112, 3,   3.000000,    0.009633, 1924092800.000000
HINT2_MOUSE,    0.021881,  0.012172,  0.031590, 0,   1.000000,    0.000000, 95630320.000000
HNRPD_MOUSE,    0.161741,  0.149493,  0.173989, 2,   3.000000,    0.268094, 110997600.000000
HNRPK_MOUSE,    0.121542,  0.108608,  0.134475, 4,   4.000000,    0.034674, 339462784.000000
HS71A_MOUSE,    0.043563,  0.031335,  0.055790, 4,   5.000000,    0.010316, 1475034240.000000
HS71L_MOUSE,    0.022265,  0.022265,  0.022265, 0,   1.000000,    0.000000, 9309703.000000
HS90B_MOUSE,    0.100521,  0.091979,  0.109064, 14,  16.000000,    0.024227, 5650249216.000000
HSP74_MOUSE,    0.033964,  0.028170,  0.039758, 4,   5.000000,    0.009318, 514547872.000000
HSP7C_MOUSE,    0.042350,  0.039168,  0.045532, 25,  29.000000,    0.010780, 46284972032.000000
HSPB1_MOUSE,    0.072754,  0.066074,  0.079433, 5,   7.000000,    0.013780, 3190328576.000000
HSPB2_MOUSE,    0.024551,  0.021715,  0.027387, 4,   4.000000,    0.008009, 2384865792.000000
HSPB6_MOUSE,    0.113366,  0.103404,  0.123328, 4,   5.000000,    0.016777, 2065963136.000000
HSPB7_MOUSE,    0.207022,  0.180454,  0.233590, 3,   3.000000,    0.153620, 1844657920.000000
HXK2_MOUSE,    0.075651,  0.068112,  0.083190, 10,  12.000000,    0.025812, 2857720576.000000
HYES_MOUSE,    0.082144,  0.046469,  0.117818, 2,   2.000000,    0.031064, 79987688.000000
IDH3A_MOUSE,    0.020364,  0.018743,  0.021986, 15,  17.000000,    0.003414, 24517947392.000000
IDHC_MOUSE,    0.048087,  0.004832,  0.091342, 1,   1.000000,    0.000000, 25364112.000000
IDHG1_MOUSE,    0.024910,  0.021724,  0.028095, 9,  11.000000,    0.005494, 5583785984.000000
IDHP_MOUSE,    0.014422,  0.012486,  0.016357, 11,  19.000000,    0.004512, 26299871232.000000
IF4A1_MOUSE,    0.091905,  0.074237,  0.109574, 3,   3.000000,    0.027754, 291445856.000000
IF4A2_MOUSE,    0.099316,  0.083127,  0.115506, 3,   3.000000,    0.012368, 277819744.000000
IF4G1_MOUSE,    0.010189,  0.004772,  0.015605, 1,   1.000000,    0.000000, 713030912.000000
IF5A1_MOUSE,    0.036523,  0.033276,  0.039770, 5,   7.000000,    0.005018, 2382932992.000000
IGG2B_MOUSE,    0.047296,  0.022395,  0.072196, 1,   3.000000,    0.034748, 500312704.000000
IGHM_MOUSE,    0.155133,  0.129726,  0.180540, 3,   3.000000,    0.060132, 398202848.000000
IGKC_MOUSE,    0.063744,  0.061046,  0.066443, 1,   1.000000,    0.000000, 964241856.000000
IMA3_MOUSE,    0.090113,  0.071958,  0.108268, 1,   1.000000,    0.000000, 193255456.000000
IMA4_MOUSE,    0.129748,  0.099554,  0.159943, 0,   1.000000,    0.000000, 6702288.000000
IMB1_MOUSE,    0.064546,  0.000000,  0.902545, 0,   1.000000,    0.000000, 11032104.000000
IMPA1_MOUSE,    0.001398,  0.000475,  0.002322, 0,   1.000000,    0.000000, 135520192.000000
IPIL2_MOUSE,    0.000134,  0.000000,  3.120873, 1,   1.000000,    0.000000, 210908016.000000
IPYR2_MOUSE,    0.024732,  0.003193,  0.046270, 1,   1.000000,    0.000000, 67457968.000000
IPYR_MOUSE,    0.032428,  0.025027,  0.039829, 3,   3.000000,    0.023181, 259954880.000000
ISOC1_MOUSE,    0.011351,  0.007629,  0.015073, 0,   1.000000,    0.000000, 61332744.000000
ITA7_MOUSE,    0.121418,  0.083436,  0.159400, 0,   1.000000,    0.000000, 7830126.500000
ITB1_MOUSE,    0.147180,  0.068296,  0.226065, 0,   1.000000,    0.000000, 132754832.000000
ITPA_MOUSE,    0.010391,  0.000000,  3.000954, 1,   1.000000,    0.000000, 12738398.000000
IVD_MOUSE,    0.030184,  0.027382,  0.032986, 4,   5.000000,    0.004533, 1885118976.000000
JAGN1_MOUSE,    0.095603,  0.000000, 16.597628, 0,   1.000000,    0.000000, 30244950.000000
JPH1_MOUSE,    0.021931,  0.019337,  0.024526, 4,   6.000000,    0.004328, 1064376256.000000
JPH2_MOUSE,    0.034194,  0.032305,  0.036083, 4,   4.000000,    0.015233, 1484131968.000000
K1C14_MOUSE,    0.001627,  0.001418,  0.001836, 4,   4.000000,    0.002438, 2988896768.000000
K1C15_MOUSE,    0.007262,  0.001755,  0.012768, 2,   2.000000,    0.000686, 454766912.000000
K1C17_MOUSE,    0.004575,  0.003086,  0.006065, 2,   3.000000,    0.265073, 167530928.000000
K2C6A_MOUSE,    0.000280,  0.000039,  0.000522, 3,   3.000000,    0.000162, 1159138688.000000
K2C75_MOUSE,    0.000466,  0.000000,  0.000948, 2,   2.000000,    0.000247, 504173024.000000
KAD1_MOUSE,    0.012911,  0.011688,  0.014134, 16,  21.000000,    0.003101, 178450726912.000000
KAD2_MOUSE,    0.047675,  0.000000,  2.572250, 1,   1.000000,    0.000000, 20341160.000000
KAD3_MOUSE,    0.000298,  0.000000,  7.601889, 1,   1.000000,    0.000000, 17605514.000000
KAP2_MOUSE,    0.019938,  0.016968,  0.022909, 1,   1.000000,    0.000000, 3765098496.000000
KAPCA_MOUSE,   68.783379, 68.783379, 68.783379, 0,   2.000000,   48.621337, 264114192.000000
KCC2A_MOUSE,    0.033873,  0.031665,  0.036081, 4,   4.000000,    0.007834, 1184164992.000000
KCC2B_MOUSE,    0.369340,  0.359059,  0.379621, 2,   2.000000,    0.238755, 290286720.000000
KCC2G_MOUSE,    0.042096,  0.032252,  0.051940, 2,   2.000000,    0.004779, 163458160.000000
KCJ11_MOUSE,    0.009075,  0.000000,  3.420917, 0,   1.000000,    0.000000, 17091754.000000
KCRM_MOUSE,    0.014953,  0.013576,  0.016330, 54,  56.000000,    0.003424, 2981069062144.000000
KCRS_MOUSE,    0.019778,  0.017951,  0.021605, 29,  31.000000,    0.005124, 98820997120.000000
KCY_MOUSE,    0.022447,  0.005789,  0.039106, 1,   1.000000,    0.000000, 38033524.000000
KLH31_MOUSE,    0.071879,  0.071301,  0.072457, 1,   2.000000,    0.050799, 73033392.000000
KLH40_MOUSE,    0.036114,  0.032371,  0.039857, 4,   5.000000,    0.002913, 2118707968.000000
KLH41_MOUSE,    0.046689,  0.042594,  0.050785, 13,  14.000000,    0.012571, 11285855232.000000
KPB1_MOUSE,    0.048125,  0.042675,  0.053575, 8,   8.000000,    0.016337, 1019192960.000000
KPBB_MOUSE,    0.044370,  0.040078,  0.048662, 7,  10.000000,    0.006689, 2356249344.000000
KPYM_MOUSE,    0.020202,  0.018242,  0.022161, 57,  61.000000,    0.005703, 336533880832.000000
KRA65_MOUSE,    0.000038,  0.000000, 24.733208, 0,   1.000000,    0.000000, 63214000.000000
KRT87_MOUSE,    0.007907,  0.000000, 40.857624, 1,   1.000000,    0.000000, 134271328.000000
KS6B2_MOUSE,    0.008492,  0.007843,  0.009142, 1,   1.000000,    0.000000, 4431682560.000000
KS6C1_MOUSE,   -0.419355,  0.000000,  0.000000, 0,   1.000000,    0.000000,   0.000000
L2HDH_MOUSE,    0.000087,  0.000000,  1.663771, 0,   1.000000,    0.000000, 8627087.000000
LAMA2_MOUSE,    0.000942,  0.000536,  0.001348, 18,  24.000000,    0.001888, 6210916352.000000
LAMB1_MOUSE,    0.008884,  0.007207,  0.010560, 2,   2.000000,    0.000622, 380184000.000000
LAMB2_MOUSE,    0.007007,  0.005344,  0.008671, 8,  11.000000,    0.003782, 7516059136.000000
LAMC1_MOUSE,    0.005812,  0.005039,  0.006585, 8,  10.000000,    0.003140, 5789762560.000000
LAMP1_MOUSE,    0.051914,  0.036404,  0.067423, 1,   1.000000,    0.000000, 18961542.000000
LANC1_MOUSE,    0.000158,  0.000000,  2.795931, 1,   1.000000,    0.000000, 34537412.000000
LDB3_MOUSE,    0.020252,  0.018342,  0.022162, 20,  24.000000,    0.004977, 84933828608.000000
LDHA_MOUSE,    0.018600,  0.016935,  0.020265, 22,  26.000000,    0.004762, 85577293824.000000
LDHB_MOUSE,    0.033144,  0.030324,  0.035963, 9,  10.000000,    0.006149, 9341559808.000000
LEG1_MOUSE,    0.021302,  0.019693,  0.022912, 4,   5.000000,    0.005967, 6887365120.000000
LETM1_MOUSE,    0.033859,  0.004379,  0.063340, 2,   2.000000,    0.002085, 38512748.000000
LGUL_MOUSE,    0.018132,  0.015138,  0.021125, 3,   3.000000,    0.007123, 1232078336.000000
LMCD1_MOUSE,    0.031225,  0.028622,  0.033828, 2,   2.000000,    0.003213, 479636544.000000
LMNA_MOUSE,    0.013520,  0.011872,  0.015167, 9,  10.000000,    0.003240, 10646623232.000000
LMNB1_MOUSE,    0.016294,  0.011239,  0.021348, 0,   2.000000,    0.002953, 325834368.000000
LONM_MOUSE,    0.000146,  0.000000,  2.814765, 0,   1.000000,    0.000000, 7815653.000000
LPPRC_MOUSE,    0.040610,  0.034499,  0.046722, 2,   3.000000,    0.005833, 77748880.000000
LUM_MOUSE,    0.008450,  0.007024,  0.009877, 8,  13.000000,    0.001839, 13414578176.000000
LYPA1_MOUSE,    0.027431,  0.025022,  0.029841, 1,   2.000000,    0.012508, 517668096.000000
M2OM_MOUSE,    0.019594,  0.017028,  0.022160, 6,   8.000000,    0.002380, 3086006528.000000
MACD1_MOUSE,    0.016830,  0.014997,  0.018664, 4,   5.000000,    0.001125, 2886686208.000000
MAOX_MOUSE,    0.015771,  0.013514,  0.018029, 3,   3.000000,    0.010461, 1790092416.000000
MAP4_MOUSE,    0.025415,  0.003332,  0.047498, 1,   1.000000,    0.000000, 294233280.000000
MAVS_MOUSE,    0.000057,  0.000000,  1.656414, 1,   1.000000,    0.000000, 67665864.000000
MBP_MOUSE,    0.005505,  0.004032,  0.006977, 2,   2.000000,    0.001245, 3774714624.000000
MCCA_MOUSE,    0.049548,  0.049107,  0.049988, 0,   2.000000,    0.034978, 96599392.000000
MCCB_MOUSE,    0.023821,  0.014069,  0.033574, 1,   1.000000,    0.000000, 17175018.000000
MCPT4_MOUSE,    0.029045,  0.024735,  0.033354, 0,   3.000000,    0.018740, 361770560.000000
MDHC_MOUSE,    0.020544,  0.018545,  0.022543, 11,  13.000000,    0.004358, 33606543360.000000
MDHM_MOUSE,    0.019094,  0.017651,  0.020536, 20,  22.000000,    0.004230, 158187421696.000000
MFAP4_MOUSE,    0.001845,  0.001627,  0.002063, 1,   1.000000,    0.000000, 253667376.000000
MFAP5_MOUSE,    0.003123,  0.002510,  0.003736, 1,   1.000000,    0.000000, 35919440.000000
MGDP1_MOUSE,    0.016221,  0.007072,  0.025370, 2,   3.000000,    0.003999, 47738304.000000
MGST3_MOUSE,    0.024939,  0.022149,  0.027728, 4,   4.000000,    0.012985, 2628268032.000000
MIC13_MOUSE,    0.013761,  0.011546,  0.015977, 3,   3.000000,    0.002780, 474772928.000000
MIC19_MOUSE,    0.010558,  0.008526,  0.012591, 2,   3.000000,    0.031741, 1843719936.000000
MIC26_MOUSE,    0.028798,  0.021343,  0.036253, 1,   1.000000,    0.000000, 319509632.000000
MIC27_MOUSE,    0.006672,  0.005098,  0.008247, 1,   2.000000,    0.001261, 171828752.000000
MIC60_MOUSE,    0.016632,  0.015149,  0.018114, 9,  14.000000,    0.004216, 8107076096.000000
MIF_MOUSE,    0.009496,  0.008115,  0.010877, 4,   5.000000,    0.002941, 5682332160.000000
MIME_MOUSE,    0.013600,  0.012145,  0.015055, 4,   4.000000,    0.003802, 1998493184.000000
MLRS_MOUSE,    0.007276,  0.006356,  0.008196, 32,  37.000000,    0.001877, 1799950696448.000000
MLRV_MOUSE,    0.020878,  0.018427,  0.023329, 11,  12.000000,    0.004519, 39164239872.000000
MMSA_MOUSE,    0.040225,  0.037668,  0.042781, 8,   8.000000,    0.010795, 2851461376.000000
MOT4_MOUSE,    0.086476,  0.055051,  0.117902, 1,   3.000000,    0.035324, 82245472.000000
MPC1_MOUSE,    1.163399,  1.156676,  1.170122, 1,   2.000000,    0.811217, 915169728.000000
MPC2_MOUSE,    0.005454,  0.000567,  0.010340, 2,   3.000000,    0.014534, 676371520.000000
MPCP_MOUSE,    0.025697,  0.023490,  0.027904, 9,  12.000000,    0.005781, 25108772864.000000
MPI_MOUSE,    0.000162,  0.000000,  0.002741, 0,   3.000000,    0.007740, 314798624.000000
MPPA_MOUSE,    0.066991,  0.060197,  0.073784, 1,   1.000000,    0.000000, 43594932.000000
MSI2H_MOUSE,    0.010217,  0.003515,  0.016918, 1,   1.000000,    0.000000, 25538062.000000
MSTN1_MOUSE,    0.265401,  0.000000,  0.975551, 0,   1.000000,    0.000000, 55438088.000000
MTCH2_MOUSE,    0.021068,  0.019069,  0.023068, 1,   2.000000,    0.014837, 313189856.000000
MUG1_MOUSE,    0.146347,  0.000000,  2.342374, 1,   1.000000,    0.000000, 20895828.000000
MUP1_MOUSE,    0.504029,  0.000000,  1.121840, 1,   1.000000,    0.000000, 26918968.000000
MYBPH_MOUSE,    0.005472,  0.003821,  0.007124, 5,   9.000000,    0.001314, 10150334464.000000
MYG_MOUSE,    0.015809,  0.014649,  0.016968, 31,  32.000000,    0.003117, 184803721216.000000
MYH11_MOUSE,    0.056905,  0.049452,  0.064357, 4,   4.000000,    0.020669, 15890509824.000000
MYH1_MOUSE,    0.019330,  0.017787,  0.020874, 341, 348.000000,    0.005588, 7945650176000.000000
MYH3_MOUSE,    0.016384,  0.014266,  0.018503, 7,  10.000000,    0.002818, 88940068864.000000
MYH4_MOUSE,    0.019789,  0.018252,  0.021325, 114, 119.000000,    0.005581, 3237731631104.000000
MYH6_MOUSE,    0.018097,  0.012617,  0.023578, 35,  44.000000,    0.004882, 117932392448.000000
MYH7B_MOUSE,    0.018717,  0.013329,  0.024106, 1,   2.000000,    0.004274, 178319504.000000
MYH7_MOUSE,    0.016529,  0.013781,  0.019277, 83,  94.000000,    0.004626, 210840731648.000000
MYH8_MOUSE,    0.020665,  0.019314,  0.022015, 6,   7.000000,    0.003222, 149187297280.000000
MYH9_MOUSE,    0.100769,  0.093605,  0.107934, 2,   2.000000,    0.060147, 134746176.000000
MYL1_MOUSE,    0.009896,  0.008814,  0.010977, 28,  36.000000,    0.002784, 1559903862784.000000
MYL3_MOUSE,    0.018294,  0.015891,  0.020697, 12,  14.000000,    0.004332, 78852890624.000000
MYL4_MOUSE,    0.003496,  0.000000,  3.129785, 0,   1.000000,    0.000000, 73998304.000000
MYL6B_MOUSE,    0.048338,  0.043801,  0.052875, 2,   2.000000,    0.032485, 2210134528.000000
MYL6_MOUSE,    0.010850,  0.009672,  0.012027, 2,   2.000000,    0.000521, 70568017920.000000
MYL9_MOUSE,    0.006211,  0.000000,  1.269482, 1,   1.000000,    0.000000, 19153792.000000
MYLK2_MOUSE,    0.100983,  0.090007,  0.111960, 4,   4.000000,    0.017939, 412535872.000000
MYOM1_MOUSE,    0.014559,  0.013220,  0.015899, 96, 105.000000,    0.004124, 181419556864.000000
MYOM3_MOUSE,    0.019711,  0.016730,  0.022691, 8,   9.000000,    0.006847, 6553862656.000000
MYOTI_MOUSE,    0.054080,  0.050605,  0.057554, 17,  20.000000,    0.011338, 22287294464.000000
MYOZ1_MOUSE,    0.026488,  0.024434,  0.028542, 18,  19.000000,    0.004826, 72261050368.000000
MYOZ2_MOUSE,    0.016309,  0.013806,  0.018811, 6,   7.000000,    0.002381, 4476434432.000000
MYOZ3_MOUSE,    0.012341,  0.011190,  0.013493, 7,   8.000000,    0.002508, 4390511104.000000
MYP0_MOUSE,    0.000171,  0.000000,  0.000364, 6,   8.000000,    0.001368, 24220088320.000000
MYPC2_MOUSE,    0.020011,  0.018079,  0.021942, 82,  83.000000,    0.004642, 458468884480.000000
MYPN_MOUSE,    0.046228,  0.016711,  0.075746, 1,   3.000000,    0.023987, 52899180.000000
NACAM_MOUSE,    0.088646,  0.078348,  0.098944, 12,  18.000000,    0.021149, 3852744448.000000
NALCN_MOUSE,   -0.419355,  0.000000,  0.000000, 0,   1.000000,    0.000000,   0.000000
NAMPT_MOUSE,    0.463459,  0.463459,  0.463459, 0,   1.000000,    0.000000, 1569393.750000
NAR3_MOUSE,    0.197004,  0.184583,  0.209426, 1,   2.000000,    0.123395, 112878704.000000
NB5R1_MOUSE,    0.037561,  0.021025,  0.054097, 1,   2.000000,    0.023078, 121708248.000000
NB5R3_MOUSE,    0.044508,  0.034329,  0.054688, 1,   2.000000,    0.017245, 74322448.000000
NDKB_MOUSE,    0.018330,  0.016788,  0.019873, 5,   8.000000,    0.002831, 11563276288.000000
NDRG2_MOUSE,    0.092720,  0.084567,  0.100873, 11,  14.000000,    0.030186, 6430987264.000000
NDUA2_MOUSE,    0.034579,  0.032806,  0.036352, 2,   2.000000,    0.013906, 1588682496.000000
NDUA3_MOUSE,    0.017726,  0.016030,  0.019421, 2,   2.000000,    0.005800, 409176096.000000
NDUA4_MOUSE,    0.023338,  0.020819,  0.025856, 4,   4.000000,    0.008955, 8993346560.000000
NDUA5_MOUSE,    0.022463,  0.019541,  0.025385, 4,   5.000000,    0.005264, 2667559424.000000
NDUA6_MOUSE,    0.070236,  0.060676,  0.079795, 1,   3.000000,    0.029549, 1441692928.000000
NDUA7_MOUSE,    0.044049,  0.041678,  0.046420, 2,   2.000000,    0.005986, 1949625472.000000
NDUA8_MOUSE,    0.019198,  0.017379,  0.021017, 6,   6.000000,    0.004443, 1562987904.000000
NDUA9_MOUSE,    0.022779,  0.021000,  0.024558, 9,  11.000000,    0.005681, 3928650752.000000
NDUAA_MOUSE,    0.022118,  0.020271,  0.023964, 12,  14.000000,    0.004298, 8949840896.000000
NDUAB_MOUSE,    0.034498,  0.032649,  0.036348, 2,   2.000000,    0.007694, 874203200.000000
NDUAC_MOUSE,    0.039469,  0.034131,  0.044807, 3,   3.000000,    0.007630, 624234112.000000
NDUAD_MOUSE,    0.018491,  0.016488,  0.020495, 5,   7.000000,    0.001920, 30563426304.000000
NDUB3_MOUSE,    0.033006,  0.026146,  0.039866, 2,   2.000000,    0.013674, 660306624.000000
NDUB4_MOUSE,    0.020142,  0.017594,  0.022689, 3,   3.000000,    0.007092, 2779219456.000000
NDUB5_MOUSE,    0.018865,  0.016654,  0.021076, 3,   3.000000,    0.004785, 2010277760.000000
NDUB6_MOUSE,    0.020814,  0.019032,  0.022597, 2,   2.000000,    0.003401, 1009615872.000000
NDUB7_MOUSE,    0.056247,  0.051873,  0.060621, 2,   2.000000,    0.027047, 2187527424.000000
NDUB8_MOUSE,    0.017520,  0.015838,  0.019203, 4,   4.000000,    0.002313, 4106531840.000000
NDUB9_MOUSE,    0.013842,  0.011846,  0.015838, 4,   6.000000,    0.002958, 4724985856.000000
NDUBA_MOUSE,    0.013945,  0.012278,  0.015613, 4,   6.000000,    0.003041, 5653064192.000000
NDUBB_MOUSE,    0.513000,  0.509973,  0.516027, 1,   2.000000,    0.350335, 1836406272.000000
NDUC2_MOUSE,    0.021820,  0.019571,  0.024069, 2,   2.000000,    0.005498, 785647744.000000
NDUS1_MOUSE,    0.022370,  0.020332,  0.024408, 20,  25.000000,    0.005582, 25359529984.000000
NDUS2_MOUSE,    0.030967,  0.028603,  0.033330, 7,  12.000000,    0.007305, 9403316224.000000
NDUS3_MOUSE,    0.028511,  0.026940,  0.030082, 9,   9.000000,    0.003710, 9144380416.000000
NDUS4_MOUSE,    0.049334,  0.045930,  0.052738, 2,   3.000000,    0.108840, 2608061184.000000
NDUS5_MOUSE,    0.015303,  0.012938,  0.017669, 4,   5.000000,    0.003427, 2568413952.000000
NDUS6_MOUSE,    0.025489,  0.022874,  0.028105, 4,   4.000000,    0.004985, 2544224000.000000
NDUS7_MOUSE,    0.067788,  0.061609,  0.073967, 4,   4.000000,    0.021391, 986270528.000000
NDUS8_MOUSE,    0.024090,  0.021955,  0.026226, 2,   2.000000,    0.000704, 2418203136.000000
NDUV1_MOUSE,    0.032731,  0.029685,  0.035777, 12,  13.000000,    0.005385, 8553381376.000000
NDUV2_MOUSE,    0.026533,  0.024085,  0.028980, 5,   6.000000,    0.002012, 4235728128.000000
NDUV3_MOUSE,    0.028217,  0.023481,  0.032954, 2,   2.000000,    0.009932, 669931520.000000
NFH_MOUSE,    0.009192,  0.008071,  0.010313, 2,   3.000000,    0.041488, 455811264.000000
NFL_MOUSE,    0.001800,  0.001289,  0.002312, 3,   3.000000,    0.010580, 1129460864.000000
NFM_MOUSE,    0.013319,  0.009634,  0.017004, 0,   2.000000,    0.003068, 162797472.000000
NID1_MOUSE,    0.012184,  0.010591,  0.013778, 5,  10.000000,    0.001940, 4623969280.000000
NID2_MOUSE,    0.016565,  0.016120,  0.017010, 2,   3.000000,    0.023729, 159550784.000000
NIPS2_MOUSE,    0.018864,  0.017240,  0.020487, 12,  15.000000,    0.004357, 13324984320.000000
NIT2_MOUSE,    0.035484,  0.034449,  0.036519, 1,   2.000000,    0.025064, 70240832.000000
NNRE_MOUSE,    0.004736,  0.004146,  0.005327, 1,   2.000000,    0.003304, 131530808.000000
NNTM_MOUSE,    0.018793,  0.016809,  0.020776, 17,  20.000000,    0.004558, 10718374912.000000
NOL3_MOUSE,    0.065773,  0.055203,  0.076343, 1,   2.000000,    0.017739, 125969368.000000
NP1L4_MOUSE,    0.133185,  0.110232,  0.156138, 1,   1.000000,    0.000000, 81988240.000000
NPC2_MOUSE,    0.037877,  0.000000,  0.078244, 0,   2.000000,    0.026770, 24851742.000000
NQO2_MOUSE,    0.025909,  0.017691,  0.034126, 1,   1.000000,    0.000000, 717243200.000000
NSF1C_MOUSE,    0.042270,  0.037568,  0.046971, 2,   2.000000,    0.015309, 223735312.000000
NTF2_MOUSE,    0.018503,  0.012855,  0.024151, 2,   3.000000,    1.154062, 886483776.000000
NU1M_MOUSE,    0.023448,  0.018285,  0.028611, 3,   3.000000,    0.008922, 351024608.000000
NU2M_MOUSE,    0.016633,  0.009636,  0.023631, 1,   1.000000,    0.000000, 99092904.000000
NU3M_MOUSE,    0.020196,  0.017343,  0.023049, 1,   1.000000,    0.000000, 324222144.000000
NU4M_MOUSE,    0.006256,  0.003972,  0.008539, 2,   2.000000,    0.000811, 164659952.000000
NU5M_MOUSE,    0.008992,  0.006910,  0.011075, 3,   3.000000,    0.008087, 257009888.000000
NUCL_MOUSE,    7.080359,  2.923161, 11.237556, 0,   1.000000,    0.000000, 92497520.000000
OAT_MOUSE,    0.110218,  0.085854,  0.134583, 2,   3.000000,    0.077538, 516649888.000000
OBSCN_MOUSE,    0.033945,  0.031107,  0.036783, 43,  60.000000,    0.009811, 46677929984.000000
ODB2_MOUSE,    0.047013,  0.044042,  0.049983, 2,   2.000000,    0.025628, 2587597568.000000
ODO1_MOUSE,    0.038511,  0.035971,  0.041051, 31,  34.000000,    0.010125, 31500716032.000000
ODO2_MOUSE,    0.009900,  0.008795,  0.011006, 8,  10.000000,    0.002470, 9765511168.000000
ODP2_MOUSE,    0.009821,  0.008719,  0.010922, 10,  12.000000,    0.002184, 19235577856.000000
ODPA_MOUSE,    0.020891,  0.019017,  0.022766, 10,  14.000000,    0.004929, 19653599232.000000
ODPB_MOUSE,    0.012523,  0.011292,  0.013754, 10,  17.000000,    0.002909, 47557591040.000000
ODPX_MOUSE,    0.017273,  0.015073,  0.019473, 2,   2.000000,    0.003966, 1879044736.000000
OLA1_MOUSE,    0.001436,  0.000000,  0.003234, 3,   3.000000,    0.008054, 439146336.000000
OPA1_MOUSE,    0.001562,  0.000000,  4.832109, 1,   1.000000,    0.000000, 11964799.000000
OXSR1_MOUSE,    0.007254,  0.004210,  0.010298, 2,   3.000000,    0.015345, 1465274752.000000
P20D2_MOUSE,    0.015515,  0.009212,  0.021817, 1,   1.000000,    0.000000, 94171288.000000
PABP1_MOUSE,    0.463459,  0.463459,  0.463459, 1,   2.000000,    0.314960, 62906272.000000
PACN3_MOUSE,    0.044215,  0.040693,  0.047737, 3,   3.000000,    0.006861, 1114540032.000000
PADI2_MOUSE,    0.016281,  0.014666,  0.017895, 6,   9.000000,    0.001773, 3789745920.000000
PAFA2_MOUSE,   -0.419355,  0.000000,  0.000000, 0,   1.000000,    0.000000,   0.000000
PARK7_MOUSE,    0.016248,  0.014891,  0.017605, 9,  13.000000,    0.002771, 19092658176.000000
PBIP1_MOUSE,    0.040141,  0.035297,  0.044986, 3,   3.000000,    0.002800, 389757056.000000
PCBP1_MOUSE,    0.060613,  0.058677,  0.062550, 2,   3.000000,    0.041227, 265242432.000000
PCBP2_MOUSE,    0.008027,  0.000000,  8.323069, 0,   1.000000,    0.000000, 17123988.000000
PCCA_MOUSE,    0.030045,  0.025893,  0.034197, 4,   4.000000,    0.021659, 389536064.000000
PCCB_MOUSE,    0.014688,  0.013486,  0.015890, 2,   2.000000,    0.009316, 1659846912.000000
PCYOX_MOUSE,    0.007992,  0.007992,  0.007992, 0,   1.000000,    0.000000, 1863107.000000
PDCD5_MOUSE,    0.038893,  0.003360,  0.074426, 1,   1.000000,    0.000000, 8638030848.000000
PDIA1_MOUSE,    0.016677,  0.014938,  0.018415, 10,  13.000000,    0.003826, 9277972480.000000
PDIA3_MOUSE,    0.087169,  0.080014,  0.094324, 2,   2.000000,    0.039457, 334266304.000000
PDIA6_MOUSE,    0.022780,  0.000000,  1.261139, 0,   1.000000,    0.000000, 28646134.000000
PDK2_MOUSE,    0.115195,  0.069355,  0.161035, 1,   2.000000,    0.058617, 196229984.000000
PDK4_MOUSE,    0.229471,  0.163450,  0.295493, 0,   1.000000,    0.000000, 98952200.000000
PDLI1_MOUSE,    0.039959,  0.038542,  0.041375, 0,   7.000000,    0.319092, 944371328.000000
PDLI3_MOUSE,    0.051191,  0.044256,  0.058127, 4,   6.000000,    0.009228, 4935977984.000000
PDLI5_MOUSE,    0.020009,  0.018720,  0.021297, 5,   8.000000,    0.004231, 22687162368.000000
PDLI7_MOUSE,    0.010247,  0.009333,  0.011161, 4,   4.000000,    0.003530, 12593229824.000000
PDP1_MOUSE,    0.033316,  0.026612,  0.040019, 1,   1.000000,    0.000000, 228028048.000000
PDPR_MOUSE,    0.077227,  0.071767,  0.082687, 3,   3.000000,    0.023675, 239619728.000000
PEBP1_MOUSE,    0.015888,  0.014685,  0.017091, 7,   9.000000,    0.003531, 15928330240.000000
PERM_MOUSE,    0.000167,  0.000000,  1.882835, 1,   1.000000,    0.000000, 2686399744.000000
PFKAM_MOUSE,    0.065845,  0.061656,  0.070033, 36,  40.000000,    0.015108, 68305985536.000000
PGAM1_MOUSE,    0.008220,  0.006783,  0.009657, 6,  10.000000,    0.001585, 25446977536.000000
PGAM2_MOUSE,    0.013148,  0.011602,  0.014695, 17,  20.000000,    0.003251, 135527866368.000000
PGBM_MOUSE,    0.014787,  0.012792,  0.016783, 15,  21.000000,    0.003302, 4003693056.000000
PGK1_MOUSE,    0.011278,  0.010130,  0.012426, 24,  32.000000,    0.003041, 106817470464.000000
PGM1_MOUSE,    0.015300,  0.013947,  0.016653, 27,  30.000000,    0.004159, 55904911360.000000
PGP_MOUSE,    0.011742,  0.009463,  0.014020, 4,   4.000000,    0.004792, 617101760.000000
PGS1_MOUSE,    0.019180,  0.016791,  0.021569, 3,   3.000000,    0.006854, 1079308544.000000
PGS2_MOUSE,    0.054904,  0.048966,  0.060842, 4,   5.000000,    0.005055, 4156227072.000000
PHB2_MOUSE,    0.022104,  0.019845,  0.024364, 6,   6.000000,    0.006196, 1389895168.000000
PHB_MOUSE,    0.015074,  0.012864,  0.017283, 4,   5.000000,    0.005806, 1477005824.000000
PHKG1_MOUSE,    0.035767,  0.030460,  0.041075, 4,   5.000000,    0.012766, 704581312.000000
PHP14_MOUSE,    0.033037,  0.022122,  0.043952, 0,   4.000000,    0.064547, 573574976.000000
PIMT_MOUSE,    0.017942,  0.014571,  0.021312, 7,   8.000000,    0.012213, 4733765632.000000
PIPNA_MOUSE,    0.010639,  0.000000,  3.231472, 1,   1.000000,    0.000000, 54153284.000000
PLCC_MOUSE,    0.010558,  0.000000,  3.174531, 1,   1.000000,    0.000000, 62746300.000000
PLEC_MOUSE,    0.027883,  0.025707,  0.030059, 75,  88.000000,    0.008044, 53146955776.000000
PLIN4_MOUSE,    0.056398,  0.054912,  0.057883, 2,   2.000000,    0.029753, 1665922304.000000
PLM_MOUSE,    0.080491,  0.069438,  0.091544, 1,   1.000000,    0.000000, 184738560.000000
PLPHP_MOUSE,    4.761844,  3.032108,  6.491580, 0,   1.000000,    0.000000, 78191056.000000
PLSI_MOUSE,    0.009959,  0.001263,  0.018654, 1,   1.000000,    0.000000, 116866784.000000
PP1A_MOUSE,    0.031230,  0.006893,  0.055568, 3,   3.000000,    0.047214, 484842528.000000
PP1B_MOUSE,    0.038542,  0.021427,  0.055657, 4,   6.000000,    0.020736, 904275392.000000
PP1G_MOUSE,    0.027184,  0.020320,  0.034049, 3,   3.000000,    0.029464, 615472192.000000
PP1R7_MOUSE,    0.123988,  0.067732,  0.180244, 0,   1.000000,    0.000000, 98881536.000000
PP2AA_MOUSE,    0.043850,  0.031761,  0.055939, 1,   1.000000,    0.000000, 503448288.000000
PP2BA_MOUSE,    0.104845,  0.088082,  0.121608, 1,   2.000000,    0.052308, 76723240.000000
PP2BB_MOUSE,    0.081509,  0.050346,  0.112672, 1,   3.000000,    0.568512, 54805976.000000
PPAC_MOUSE,    0.007821,  0.007354,  0.008288, 4,   4.000000,    0.003727, 575550464.000000
PPCE_MOUSE,    0.008324,  0.000000,  5.453817, 1,   1.000000,    0.000000, 17667608.000000
PPIA_MOUSE,    0.025192,  0.023353,  0.027031, 6,   6.000000,    0.006470, 5339070464.000000
PPIB_MOUSE,    0.012866,  0.009966,  0.015766, 3,   3.000000,    0.007370, 236502400.000000
PPP5_MOUSE,    0.048205,  0.031611,  0.064798, 0,   1.000000,    0.000000, 18879080.000000
PPR3A_MOUSE,    0.081290,  0.072089,  0.090491, 4,   5.000000,    0.012994, 335427616.000000
PRAF3_MOUSE,    0.065290,  0.043360,  0.087219, 1,   1.000000,    0.000000, 335955168.000000
PRAX_MOUSE,    0.004150,  0.002165,  0.006135, 2,   2.000000,    0.002761, 346836544.000000
PRDX1_MOUSE,    0.027182,  0.025325,  0.029038, 7,   8.000000,    0.006165, 8893513728.000000
PRDX2_MOUSE,    0.026847,  0.024843,  0.028850, 4,   4.000000,    0.003660, 14764911616.000000
PRDX3_MOUSE,    0.021387,  0.019886,  0.022888, 9,  10.000000,    0.003485, 5840911360.000000
PRDX5_MOUSE,    0.022015,  0.019396,  0.024633, 4,   5.000000,    0.001928, 5892426752.000000
PRDX6_MOUSE,    0.026627,  0.023970,  0.029283, 4,   5.000000,    0.002968, 3793890304.000000
PRELP_MOUSE,    0.009586,  0.007771,  0.011402, 6,   8.000000,    0.002070, 6264771072.000000
PRG2_MOUSE,    0.000064,  0.000000,  1.855016, 0,   1.000000,    0.000000, 21838206.000000
PROF1_MOUSE,    0.036225,  0.033487,  0.038962, 3,   3.000000,    0.013871, 660308864.000000
PROF2_MOUSE,    0.056755,  0.051485,  0.062024, 2,   2.000000,    0.014287, 549909376.000000
PRPS1_MOUSE,    0.000657,  0.000363,  0.000951, 6,   8.000000,    0.000938, 3419377152.000000
PRR33_MOUSE,    0.013599,  0.011521,  0.015677, 0,   2.000000,    0.009496, 211507664.000000
PRS10_MOUSE,    0.087349,  0.000000,  0.191835, 2,   3.000000,    2.016263, 43345684.000000
PRS4_MOUSE,    0.117663,  0.090093,  0.145234, 2,   2.000000,    0.010101, 101869392.000000
PRS6A_MOUSE,    1.749829,  1.748699,  1.750959, 0,   2.000000,    1.237073, 110031616.000000
PRVA_MOUSE,    0.011100,  0.010058,  0.012141, 7,  11.000000,    0.001822, 85767471104.000000
PSA3_MOUSE,    0.293454,  0.277084,  0.309823, 0,   3.000000,    0.235903, 314635808.000000
PSA5_MOUSE,    0.061407,  0.054583,  0.068231, 3,   3.000000,    0.053807, 484588224.000000
PSA6_MOUSE,    0.026387,  0.020390,  0.032385, 1,   2.000000,    0.012521, 220394640.000000
PSA7_MOUSE,    0.036509,  0.028731,  0.044287, 2,   2.000000,    0.008306, 148306240.000000
PSA_MOUSE,    0.021341,  0.017645,  0.025036, 4,   4.000000,    0.013991, 879818496.000000
PSB1_MOUSE,    0.034653,  0.027119,  0.042187, 1,   1.000000,    0.000000, 104386584.000000
PSB2_MOUSE,    0.005136,  0.002522,  0.007750, 1,   1.000000,    0.000000, 978757824.000000
PSB3_MOUSE,    0.054052,  0.050468,  0.057635, 2,   3.000000,    0.079986, 1297146880.000000
PSB4_MOUSE,    0.042207,  0.022145,  0.062268, 3,   3.000000,    0.029355, 71839664.000000
PSB6_MOUSE,    5.766860,  5.759408,  5.774312, 1,   2.000000,    4.052174, 79144944.000000
PSB7_MOUSE,    0.132537,  0.013967,  0.251106, 1,   2.000000,    0.047437, 29985436.000000
PSD13_MOUSE,    0.149843,  0.094108,  0.205578, 0,   2.000000,    0.052174, 25345998.000000
PSMD1_MOUSE,    0.041559,  0.018150,  0.064967, 1,   1.000000,    0.000000, 30327498.000000
PSMD2_MOUSE,    0.107083,  0.094526,  0.119640, 2,   2.000000,    0.065871, 79066096.000000
PSMD3_MOUSE,    0.040889,  0.000000,  3.453134, 1,   1.000000,    0.000000, 13445966.000000
PUR2_MOUSE,    0.055290,  0.021759,  0.088821, 1,   1.000000,    0.000000, 34630716.000000
PUR6_MOUSE,    0.038937,  0.027211,  0.050662, 1,   1.000000,    0.000000, 25993578.000000
PUR8_MOUSE,    0.032560,  0.030182,  0.034938, 4,   4.000000,    0.005685, 1270100352.000000
PUR9_MOUSE,    0.020564,  0.008311,  0.032816, 0,   1.000000,    0.000000, 55088488.000000
PURA1_MOUSE,    0.053959,  0.050436,  0.057481, 7,   9.000000,    0.008685, 5296287744.000000
PYC_MOUSE,    0.058436,  0.051770,  0.065101, 1,   3.000000,    0.049950, 21880710.000000
PYGM_MOUSE,    0.036398,  0.034046,  0.038749, 79,  82.000000,    0.007566, 488206368768.000000
PZP_MOUSE,    0.198227,  0.123476,  0.272977, 3,   3.000000,    0.051392, 178240704.000000
QCR1_MOUSE,    0.017861,  0.016196,  0.019526, 25,  26.000000,    0.004242, 43358298112.000000
QCR2_MOUSE,    0.016667,  0.015217,  0.018117, 15,  17.000000,    0.003853, 31518023680.000000
QCR6_MOUSE,    0.019389,  0.017420,  0.021358, 4,   4.000000,    0.006187, 3529411072.000000
QCR7_MOUSE,    0.028524,  0.025242,  0.031805, 7,  10.000000,    0.006344, 5282105344.000000
QCR8_MOUSE,    0.053827,  0.050698,  0.056955, 2,   2.000000,    0.026957, 2863825408.000000
QCR9_MOUSE,    0.028886,  0.025699,  0.032074, 2,   2.000000,    0.020247, 1134164992.000000
QOR_MOUSE,    0.000087,  0.000000,  4.404083, 0,   1.000000,    0.000000, 34667212.000000
RAB10_MOUSE,    0.093615,  0.088011,  0.099219, 2,   2.000000,    0.028920, 499714816.000000
RAB2A_MOUSE,    0.166130,  0.146784,  0.185476, 1,   2.000000,    0.052923, 137930816.000000
RAB7A_MOUSE,    0.157547,  0.000000,  1.467177, 1,   1.000000,    0.000000, 34476016.000000
RAC1_MOUSE,    0.033317,  0.000000,  0.709964, 1,   1.000000,    0.000000, 10698476.000000
RACK1_MOUSE,    0.075054,  0.068724,  0.081385, 3,   3.000000,    0.056937, 887183872.000000
RADI_MOUSE,    0.048137,  0.041758,  0.054515, 4,   5.000000,    0.023650, 671036672.000000
RAN_MOUSE,    0.063483,  0.050103,  0.076863, 4,   5.000000,    0.014569, 669338752.000000
RAP1A_MOUSE,    0.062765,  0.057512,  0.068018, 1,   2.000000,    0.041452, 231460896.000000
RB11A_MOUSE,    0.103016,  0.061936,  0.144096, 1,   1.000000,    0.000000, 43743480.000000
RBM3_MOUSE,    0.068278,  0.004317,  0.132239, 1,   1.000000,    0.000000, 43101548.000000
RBX2_MOUSE,    0.030811,  0.000000,  1.573314, 1,   1.000000,    0.000000, 94923504.000000
REEP5_MOUSE,    0.035264,  0.033062,  0.037467, 1,   1.000000,    0.000000, 161806688.000000
RHOA_MOUSE,    0.000052,  0.000000,  4.016563, 0,   1.000000,    0.000000, 78323808.000000
RINI_MOUSE,    0.010169,  0.005728,  0.014610, 1,   1.000000,    0.000000, 110718888.000000
RL11_MOUSE,    0.025001,  0.000000,  3.162183, 1,   1.000000,    0.000000, 62937996.000000
RL12_MOUSE,    0.040452,  0.031236,  0.049668, 2,   3.000000,    0.866492, 149748448.000000
RL13_MOUSE,    0.030301,  0.025369,  0.035233, 2,   3.000000,    0.021156, 586935936.000000
RL14_MOUSE,    0.045626,  0.040279,  0.050972, 3,   3.000000,    0.017006, 422137440.000000
RL15_MOUSE,    0.038485,  0.029496,  0.047474, 1,   3.000000,    0.018730, 373189888.000000
RL18A_MOUSE,    0.008974,  0.000000,  0.712902, 0,   1.000000,    0.000000, 33614212.000000
RL18_MOUSE,    0.038609,  0.035250,  0.041968, 4,   4.000000,    0.011802, 821810816.000000
RL22_MOUSE,    0.035674,  0.030209,  0.041139, 2,   2.000000,    0.005958, 266265264.000000
RL23_MOUSE,    0.506407,  0.464375,  0.548440, 1,   2.000000,    0.337208, 310318752.000000
RL26_MOUSE,    0.021966,  0.013566,  0.030367, 1,   1.000000,    0.000000, 1293149440.000000
RL27A_MOUSE,    0.023290,  0.017622,  0.028958, 1,   2.000000,    0.013413, 147056496.000000
RL27_MOUSE,    0.040138,  0.011906,  0.068369, 1,   1.000000,    0.000000, 74060264.000000
RL30_MOUSE,    0.033080,  0.024415,  0.041745, 1,   2.000000,    0.005826, 96484256.000000
RL31_MOUSE,    0.037152,  0.020345,  0.053959, 1,   1.000000,    0.000000, 186067744.000000
RL37A_MOUSE,    0.035269,  0.014119,  0.056419, 1,   1.000000,    0.000000, 31158938.000000
RL38_MOUSE,    0.148174,  0.000000,  1.735133, 1,   1.000000,    0.000000, 23870790.000000
RL4_MOUSE,    0.027894,  0.023060,  0.032728, 3,   3.000000,    0.011737, 551744448.000000
RL5_MOUSE,    0.091225,  0.000000,  3.314679, 1,   1.000000,    0.000000, 18792418.000000
RL6_MOUSE,    0.068741,  0.064975,  0.072507, 2,   2.000000,    0.027498, 280090208.000000
RL7A_MOUSE,    0.015009,  0.009218,  0.020801, 0,   2.000000,    0.010035, 147142960.000000
RL7_MOUSE,    0.034617,  0.030671,  0.038564, 3,   3.000000,    0.016220, 27795398656.000000
RL8_MOUSE,    0.038058,  0.024810,  0.051307, 0,   2.000000,    0.007528, 84327960.000000
RL9_MOUSE,    0.049827,  0.012812,  0.086842, 1,   1.000000,    0.000000, 116434640.000000
RLA0_MOUSE,    0.037589,  0.031880,  0.043299, 2,   2.000000,    0.003378, 194097248.000000
RLA1_MOUSE,    0.090933,  0.070487,  0.111380, 1,   1.000000,    0.000000, 427013824.000000
RLA2_MOUSE,    0.097255,  0.090349,  0.104161, 2,   3.000000,    0.081733, 153762320.000000
ROA1_MOUSE,    0.243188,  0.241857,  0.244519, 2,   3.000000,    0.173460, 340230144.000000
ROA2_MOUSE,    0.129383,  0.114590,  0.144176, 3,   3.000000,    0.099511, 2318966528.000000
ROA3_MOUSE,    0.101958,  0.068642,  0.135275, 2,   3.000000,    0.683748, 211778192.000000
RPIA_MOUSE,    1.570965,  0.300181,  2.841748, 0,   1.000000,    0.000000, 198578560.000000
RS10_MOUSE,    0.053299,  0.025493,  0.081105, 1,   1.000000,    0.000000, 159513808.000000
RS13_MOUSE,    0.038116,  0.034206,  0.042026, 2,   2.000000,    0.012422, 432712800.000000
RS14_MOUSE,    0.043559,  0.024373,  0.062745, 1,   1.000000,    0.000000, 85391008.000000
RS15A_MOUSE,    0.100782,  0.097333,  0.104232, 1,   2.000000,    0.060402, 84397304.000000
RS16_MOUSE,    0.025593,  0.015567,  0.035618, 0,   1.000000,    0.000000, 212216848.000000
RS18_MOUSE,    0.034824,  0.025542,  0.044106, 3,   3.000000,    0.004874, 200372880.000000
RS19_MOUSE,    0.030357,  0.000000,  3.223992, 0,   1.000000,    0.000000, 18274750.000000
RS20_MOUSE,    0.031912,  0.011497,  0.052327, 1,   1.000000,    0.000000, 102614840.000000
RS21_MOUSE,    0.038030,  0.024538,  0.051521, 1,   2.000000,    0.004697, 87835952.000000
RS23_MOUSE,    0.049020,  0.046389,  0.051651, 1,   2.000000,    0.034573, 178111568.000000
RS24_MOUSE,    0.059796,  0.059618,  0.059974, 0,   2.000000,    0.042163, 267967920.000000
RS25_MOUSE,    0.072849,  0.047900,  0.097798, 1,   1.000000,    0.000000, 154942080.000000
RS27A_MOUSE,    0.321198,  0.280741,  0.361654, 3,   3.000000,    0.456265, 4479210496.000000
RS28_MOUSE,    0.048665,  0.042750,  0.054580, 2,   2.000000,    0.017801, 203145488.000000
RS2_MOUSE,    0.061167,  0.057177,  0.065156, 2,   2.000000,    0.032271, 513416480.000000
RS30_MOUSE,    0.036189,  0.018087,  0.054290, 1,   1.000000,    0.000000, 221072672.000000
RS3A_MOUSE,    0.091408,  0.070765,  0.112051, 1,   2.000000,    0.050775, 124814664.000000
RS3_MOUSE,    0.032762,  0.029903,  0.035621, 2,   3.000000,    0.028238, 250582464.000000
RS4X_MOUSE,    0.020877,  0.020573,  0.021182, 1,   2.000000,    0.014751, 486501824.000000
RS6_MOUSE,    0.050387,  0.049229,  0.051545, 2,   3.000000,    0.055872, 349806560.000000
RS7_MOUSE,   10.821956, 10.797413, 10.846498, 1,   2.000000,    7.623826, 392736608.000000
RS8_MOUSE,    0.021745,  0.017870,  0.025620, 3,   3.000000,    0.014267, 549435520.000000
RS9_MOUSE,    0.032664,  0.016568,  0.048760, 1,   1.000000,    0.000000, 106255504.000000
RSSA_MOUSE,    0.036507,  0.031363,  0.041651, 2,   2.000000,    0.004359, 565973824.000000
RT36_MOUSE,    0.001970,  0.001114,  0.002825, 1,   1.000000,    0.000000, 79429744.000000
RTN2_MOUSE,    0.025404,  0.023708,  0.027100, 9,  10.000000,    0.005093, 28303710208.000000
RTN4_MOUSE,    0.022809,  0.021088,  0.024529, 6,   6.000000,    0.006013, 11823697920.000000
RTRAF_MOUSE,    0.052911,  0.033602,  0.072219, 1,   1.000000,    0.000000, 21332564.000000
RYR1_MOUSE,    0.030806,  0.027996,  0.033615, 90,  99.000000,    0.008557, 50992701440.000000
S10A1_MOUSE,    0.046366,  0.005555,  0.087178, 1,   1.000000,    0.000000, 87244432.000000
S10A6_MOUSE,    5.798677,  2.829600,  8.767755, 0,   1.000000,    0.000000, 4469394432.000000
S10AB_MOUSE,    0.097194,  0.070451,  0.123937, 1,   1.000000,    0.000000, 37284144.000000
SAC1_MOUSE,    0.003123,  0.000649,  0.005597, 1,   2.000000,    0.002164, 28696084.000000
SAHH_MOUSE,    0.006636,  0.005198,  0.008074, 2,   2.000000,    0.000994, 1540683392.000000
SAM50_MOUSE,    0.018500,  0.015761,  0.021240, 6,   7.000000,    0.010069, 1996317312.000000
SAP_MOUSE,    0.147536,  0.111344,  0.183729, 3,   3.000000,    0.033241, 155118464.000000
SBP1_MOUSE,    0.026615,  0.023990,  0.029240, 4,   4.000000,    0.011284, 1105421440.000000
SCOT1_MOUSE,    0.037275,  0.034050,  0.040499, 11,  13.000000,    0.007465, 4032653568.000000
SCRN2_MOUSE,    0.000406,  0.000000,  2.592057, 0,   1.000000,    0.000000, 4444118.500000
SCRN3_MOUSE,    0.012880,  0.010346,  0.015414, 2,   3.000000,    0.007209, 268913792.000000
SDHA_MOUSE,    0.032500,  0.028980,  0.036020, 26,  27.000000,    0.007819, 20850386944.000000
SDHB_MOUSE,    0.044329,  0.041555,  0.047102, 7,   9.000000,    0.010582, 10659567616.000000
SGCA_MOUSE,    0.028640,  0.024241,  0.033039, 1,   3.000000,    0.837604, 2159980800.000000
SGCB_MOUSE,    0.033030,  0.000000,  1.376831, 1,   1.000000,    0.000000, 22737590.000000
SGCD_MOUSE,    0.000288,  0.000000,  0.000649, 0,   3.000000,    0.003440, 117609776.000000
SGCG_MOUSE,    0.028401,  0.027221,  0.029582, 2,   3.000000,    0.035567, 233089040.000000
SH3BG_MOUSE,    0.045581,  0.041558,  0.049605, 4,   4.000000,    0.004419, 71715463168.000000
SIR2_MOUSE,    0.119936,  0.094687,  0.145185, 1,   2.000000,    0.052624, 28622426.000000
SLMAP_MOUSE,    0.012766,  0.000000,  2.003947, 0,   1.000000,    0.000000, 47011420.000000
SMPX_MOUSE,    0.074416,  0.065697,  0.083136, 2,   3.000000,    0.167726, 517613952.000000
SMTL2_MOUSE,    0.114683,  0.077062,  0.152304, 2,   2.000000,    0.023557, 255036704.000000
SMYD1_MOUSE,    0.008302,  0.006776,  0.009828, 11,  12.000000,    0.003780, 7786999296.000000
SNTA1_MOUSE,    0.051063,  0.045160,  0.056966, 3,   3.000000,    0.015557, 1314715904.000000
SODC_MOUSE,    0.013052,  0.011711,  0.014394, 4,   6.000000,    0.002587, 8507928064.000000
SODM_MOUSE,    0.019304,  0.017891,  0.020716, 4,   4.000000,    0.002900, 6011422208.000000
SPA3K_MOUSE,    0.311336,  0.270748,  0.351924, 6,   7.000000,    0.021599, 1316535168.000000
spALDOA_RABIT,    3.198658,  3.196583,  3.200732, 0,   2.000000,    2.261781, 48031688.000000
SPB6_MOUSE,    0.013708,  0.012222,  0.015195, 7,   9.000000,    0.002560, 5713953280.000000
spCASB_BOVIN,    0.000125,  0.000000, 25.425369, 0,   1.000000,    0.000000, 13461891.000000
spDHE3_BOVIN,    0.100435,  0.094104,  0.106766, 2,   2.000000,    0.047859, 643911808.000000
SPEG_MOUSE,    0.017485,  0.016657,  0.018313, 0,   4.000000,    0.109167, 237213776.000000
spK1C10_HUMAN,    0.000168,  0.000000,  0.000404, 4,   6.000000,    0.000090, 3964168960.000000
spK1C9_HUMAN,    0.000108,  0.000000,  0.000427, 6,   8.000000,    0.000217, 5562082304.000000
spK22E_HUMAN,    0.000275,  0.000025,  0.000525, 4,   4.000000,    0.003795, 3280730880.000000
spK2C1_HUMAN,    0.000040,  0.000000,  0.000410, 4,   8.000000,    0.000012, 16345743360.000000
SPRE_MOUSE,    0.012646,  0.006810,  0.018481, 1,   3.000000,    0.008658, 268006736.000000
spSYH_HUMAN,    0.064335,  0.052324,  0.076346, 2,   2.000000,    0.045491, 41119092.000000
SPSY_MOUSE,    0.026212,  0.023376,  0.029048, 4,   4.000000,    0.009380, 335710368.000000
SPTB1_MOUSE,    0.038081,  0.029733,  0.046428, 5,   5.000000,    0.024566, 164580464.000000
SPTB2_MOUSE,    0.067793,  0.065933,  0.069653, 2,   3.000000,    0.068910, 46777032.000000
SPTN1_MOUSE,    0.022050,  0.012943,  0.031156, 2,   3.000000,    0.011232, 330147520.000000
spTRYP_PIG,    0.000442,  0.000152,  0.000732, 8,  10.000000,    0.002231, 92056272896.000000
SRCA_MOUSE,    0.008359,  0.007356,  0.009362, 26,  37.000000,    0.002015, 107164205056.000000
SSRA_MOUSE,    0.004088,  0.000000,  2.962724, 1,   1.000000,    0.000000, 11475469.000000
STAC3_MOUSE,    0.032808,  0.028385,  0.037231, 4,   4.000000,    0.003960, 621741824.000000
STAR9_MOUSE,    0.020791,  0.014257,  0.027325, 1,   1.000000,    0.000000, 860031744.000000
STIM1_MOUSE,    0.022190,  0.016612,  0.027768, 0,   2.000000,    0.001230, 48802620.000000
STIP1_MOUSE,    0.033779,  0.020471,  0.047088, 3,   3.000000,    0.021523, 195498880.000000
STML2_MOUSE,    0.026751,  0.000000,  3.053653, 1,   1.000000,    0.000000, 22264946.000000
SUCA_MOUSE,    0.015452,  0.013757,  0.017147, 8,   9.000000,    0.002388, 5624522240.000000
SUCB1_MOUSE,    0.026755,  0.024485,  0.029024, 16,  17.000000,    0.005599, 16383518720.000000
SUCB2_MOUSE,    0.040910,  0.030303,  0.051517, 1,   3.000000,    0.002754, 192444400.000000
SURF4_MOUSE,    0.028198,  0.012665,  0.043730, 1,   1.000000,    0.000000, 110184504.000000
SVS3A_MOUSE,    0.044912,  0.009005,  0.080819, 0,   4.000000,    0.041764, 4056033024.000000
SYDC_MOUSE,    0.000905,  0.000000,  0.002358, 2,   2.000000,    0.000134, 392698912.000000
SYEP_MOUSE,    0.075144,  0.064332,  0.085957, 2,   2.000000,    0.011066, 180098736.000000
SYHM_MOUSE,    0.002647,  0.000000,  4.104212, 1,   1.000000,    0.000000, 53168404.000000
SYNEM_MOUSE,    0.073027,  0.064917,  0.081137, 4,   4.000000,    0.023204, 1398147584.000000
SYNP2_MOUSE,    0.039085,  0.035800,  0.042370, 11,  13.000000,    0.009322, 6643333632.000000
SYNPO_MOUSE,    0.060597,  0.059567,  0.061626, 2,   2.000000,    0.042803, 744388416.000000
SYP2L_MOUSE,    0.021375,  0.017802,  0.024948, 5,   5.000000,    0.011620, 521782368.000000
SYPL1_MOUSE,    0.022878,  0.000000,  3.490985, 0,   1.000000,    0.000000, 147336608.000000
SYPL2_MOUSE,    0.005840,  0.004915,  0.006765, 4,   5.000000,    0.002716, 5772554240.000000
SYRC_MOUSE,    0.009894,  0.006489,  0.013300, 1,   1.000000,    0.000000, 22929314.000000
TACO1_MOUSE,    0.025780,  0.014479,  0.037081, 1,   1.000000,    0.000000, 13580473.000000
TAGL2_MOUSE,    0.048200,  0.004053,  0.092348, 1,   1.000000,    0.000000, 32665742.000000
TAGL_MOUSE,    0.047532,  0.038673,  0.056390, 1,   2.000000,    0.009244, 228076672.000000
TBA1A_MOUSE,    0.030325,  0.024324,  0.036327, 13,  16.000000,    0.006515, 3865994496.000000
TBA1B_MOUSE,    0.034881,  0.029981,  0.039781, 15,  16.000000,    0.006073, 11370735616.000000
TBA1C_MOUSE,    0.032447,  0.017841,  0.047052, 1,   2.000000,    0.001080, 156848496.000000
TBA4A_MOUSE,    0.036038,  0.033092,  0.038984, 4,   4.000000,    0.004009, 2768898304.000000
TBA8_MOUSE,    0.044811,  0.032819,  0.056803, 2,   3.000000,    0.572327, 320185120.000000
TBB4B_MOUSE,    0.016632,  0.014745,  0.018519, 17,  23.000000,    0.004450, 21514289152.000000
TCPB_MOUSE,    0.104093,  0.099534,  0.108651, 2,   2.000000,    0.071750, 46679144.000000
TCPG_MOUSE,    0.053495,  0.000000,  4.420134, 0,   1.000000,    0.000000, 20897186.000000
TCPQ_MOUSE,    0.065366,  0.000000,  1.804654, 1,   1.000000,    0.000000, 15690574.000000
TCTP_MOUSE,    0.056858,  0.050874,  0.062843, 5,   7.000000,    0.013520, 1811269632.000000
TEBP_MOUSE,    0.409507,  0.000000,  1.778799, 1,   1.000000,    0.000000, 39614636.000000
TECR_MOUSE,    0.011914,  0.009142,  0.014687, 3,   3.000000,    0.004200, 2251782144.000000
TELT_MOUSE,    0.264619,  0.242399,  0.286839, 5,   5.000000,    0.189832, 2300768512.000000
TERA_MOUSE,    0.068636,  0.062629,  0.074643, 9,  15.000000,    0.016510, 7119275008.000000
TF2H1_MOUSE,    0.002999,  0.002501,  0.003497, 1,   1.000000,    0.000000, 424700544.000000
TF7L1_MOUSE,    0.005153,  0.000000,  0.723651, 0,   1.000000,    0.000000, 21503488.000000
TGM2_MOUSE,    0.027558,  0.023657,  0.031459, 5,   6.000000,    0.006803, 664370496.000000
THIL_MOUSE,    0.020383,  0.018607,  0.022158, 15,  18.000000,    0.004980, 41665511424.000000
THIM_MOUSE,    0.020079,  0.018255,  0.021903, 19,  20.000000,    0.005037, 14596964352.000000
THIOM_MOUSE,    0.061510,  0.060660,  0.062361, 1,   2.000000,    0.043419, 355323968.000000
THIO_MOUSE,    0.010387,  0.007280,  0.013495, 2,   2.000000,    0.000749, 475445824.000000
THTM_MOUSE,    0.046979,  0.040933,  0.053025, 2,   2.000000,    0.010373, 250320192.000000
THTR_MOUSE,    0.304754,  0.000000,  0.909882, 1,   1.000000,    0.000000, 105656024.000000
TI8AB_MOUSE,    0.027560,  0.011764,  0.043357, 0,   1.000000,    0.000000, 58458456.000000
TIGAR_MOUSE,    0.049720,  0.048704,  0.050735, 1,   2.000000,    0.035141, 111706616.000000
TIM44_MOUSE,    0.046440,  0.027291,  0.065590, 0,   1.000000,    0.000000, 8670071.000000
TITIN_MOUSE,    0.015043,  0.013679,  0.016408, 1474, 1655.000000,    0.004500, 3238873530368.000000
TM109_MOUSE,    0.015905,  0.013156,  0.018654, 1,   1.000000,    0.000000, 1366907904.000000
TM38A_MOUSE,    0.025398,  0.023981,  0.026814, 6,   7.000000,    0.006826, 4329076224.000000
TMEDA_MOUSE,    0.042046,  0.000000,  0.086010, 2,   3.000000,    0.008106, 61405192.000000
TMOD1_MOUSE,    0.051827,  0.046775,  0.056880, 4,   4.000000,    0.014931, 1596398976.000000
TMOD4_MOUSE,    0.027917,  0.025404,  0.030430, 7,   7.000000,    0.006477, 3000404736.000000
TNNC1_MOUSE,    0.033071,  0.025449,  0.040693, 5,   7.000000,    0.005739, 2267015424.000000
TNNC2_MOUSE,    0.034954,  0.032671,  0.037238, 12,  13.000000,    0.004974, 205432291328.000000
TNNI1_MOUSE,    0.028500,  0.022319,  0.034681, 4,   5.000000,    0.002192, 3777607936.000000
TNNI2_MOUSE,    0.025234,  0.023026,  0.027442, 14,  17.000000,    0.005142, 151571120128.000000
TNNT1_MOUSE,    0.037151,  0.030574,  0.043729, 7,   8.000000,    0.003066, 39537590272.000000
TNNT3_MOUSE,    0.031056,  0.028955,  0.033157, 29,  30.000000,    0.006942, 368848371712.000000
TOPZ1_MOUSE,    0.023610,  0.017191,  0.030030, 1,   1.000000,    0.000000, 536876992.000000
TPIS_MOUSE,    0.013895,  0.012801,  0.014990, 22,  24.000000,    0.002126, 221129539584.000000
TPM1_MOUSE,    0.016832,  0.015626,  0.018037, 38,  39.000000,    0.004188, 675204366336.000000
TPM2_MOUSE,    0.012623,  0.011472,  0.013775, 12,  14.000000,    0.002637, 241991958528.000000
TPM3_MOUSE,    0.024217,  0.018079,  0.030356, 4,   4.000000,    0.017075, 4596411392.000000
TPPP3_MOUSE,    0.021642,  0.013548,  0.029736, 1,   1.000000,    0.000000, 92340112.000000
TRDN_MOUSE,    0.032267,  0.030146,  0.034387, 2,   2.000000,    0.011471, 1384606080.000000
TRFE_MOUSE,    0.197899,  0.179143,  0.216655, 20,  25.000000,    0.054830, 11300125696.000000
TRI72_MOUSE,    0.044798,  0.041568,  0.048028, 10,  12.000000,    0.010950, 6445076992.000000
TRXR1_MOUSE,    0.018068,  0.014429,  0.021707, 2,   3.000000,    0.044991, 517771264.000000
TSP4_MOUSE,    0.058833,  0.004605,  0.113060, 1,   2.000000,    0.011037, 43536036.000000
TTHY_MOUSE,    0.622994,  0.315176,  0.930812, 1,   1.000000,    0.000000, 141133776.000000
U2D2B_MOUSE,    0.012203,  0.000000,  2.210129, 1,   1.000000,    0.000000, 82492296.000000
UB2D1_MOUSE,    0.051811,  0.000000,  2.301997, 1,   1.000000,    0.000000, 18255990.000000
UB2L3_MOUSE,    0.041057,  0.034273,  0.047840, 1,   2.000000,    0.010598, 232196128.000000
UB2V1_MOUSE,    0.038708,  0.034079,  0.043337, 2,   2.000000,    0.004061, 341865536.000000
UB2V2_MOUSE,    0.019798,  0.015039,  0.024557, 3,   3.000000,    0.003217, 554736832.000000
UBA1_MOUSE,    0.032125,  0.028877,  0.035372, 6,   9.000000,    0.007954, 3885724928.000000
UBE2K_MOUSE,    0.000149,  0.000000,  3.013365, 0,   1.000000,    0.000000, 54908396.000000
UBE2N_MOUSE,    0.014765,  0.012859,  0.016672, 3,   3.000000,    0.003273, 1535431168.000000
UBP14_MOUSE,    0.035433,  0.030284,  0.040583, 2,   2.000000,    0.008583, 384822144.000000
UBP5_MOUSE,    0.031479,  0.024716,  0.038241, 2,   2.000000,    0.001392, 158405744.000000
UBXN1_MOUSE,    0.013318,  0.000000,  2.528417, 0,   1.000000,    0.000000, 124276568.000000
UCHL1_MOUSE,    0.000190,  0.000000,  0.798573, 1,   1.000000,    0.000000, 18223112.000000
UCHL3_MOUSE,    0.029933,  0.029602,  0.030264, 1,   3.000000,    0.019649, 527402368.000000
UCP2_MOUSE,    0.000315,  0.000000, 19.808407, 0,   1.000000,    0.000000, 1128432.500000
UCRI_MOUSE,    0.019361,  0.017514,  0.021208, 11,  12.000000,    0.004342, 11893318656.000000
UGGG1_MOUSE,    0.018513,  0.012408,  0.024619, 0,   3.000000,    0.027356, 118441488.000000
UGPA_MOUSE,    0.048804,  0.045833,  0.051775, 9,  11.000000,    0.011180, 12631767040.000000
VAPA_MOUSE,    0.032089,  0.024245,  0.039933, 1,   2.000000,    0.001088, 3073157120.000000
VAPB_MOUSE,    0.015928,  0.012069,  0.019786, 1,   3.000000,    0.007216, 480202752.000000
VDAC1_MOUSE,    0.023384,  0.021760,  0.025008, 19,  21.000000,    0.004163, 67668832256.000000
VDAC2_MOUSE,    0.021460,  0.019574,  0.023346, 8,   9.000000,    0.002476, 11872209920.000000
VDAC3_MOUSE,    0.024338,  0.022101,  0.026576, 7,   8.000000,    0.004085, 26037796864.000000
VIME_MOUSE,    0.063077,  0.059271,  0.066883, 8,   8.000000,    0.016555, 4433489920.000000
VINC_MOUSE,    0.026791,  0.024646,  0.028936, 4,   5.000000,    0.002866, 886337152.000000
WDR1_MOUSE,    0.028109,  0.024953,  0.031266, 4,   4.000000,    0.017548, 1631539456.000000
YBOX3_MOUSE,    0.027782,  0.000000,  0.072724, 1,   2.000000,    0.006260, 56204436.000000
