sp|TRYP_PIG|
sp|TRYP_PIG|
, , , , , , , , , , , ,220min_OT60it_26Aug21_RSL_01, , , , , , , , , , , , , , , ,DO2_mouseliver_wr_28feb2022_274, , , , , , , , , , , , , , , ,220min_OT60it_26Aug21_RSL_05, , , , , , , , , , , , , , , ,220min_OT60it_26Aug21_RSL_14, , , , , , , , , , , , , , , ,220min_OT60it_26Aug21_RSL_13, , , , , , , , , , , , , , , ,220min_OT60it_26Aug21_RSL_19, , , , , , , , , , , , , , , ,220min_OT60it_26Aug21_RSL_08, , , , , , , , , , , , , , , ,220min_OT60it_26Aug21_RSL_18, , , , , , , , , , , , , , , ,220min_OT60it_26Aug21_RSL_04, , , , , , , , , , , , , , , ,220min_OT60it_26Aug21_RSL_06, , , , , , , , , , , , , , , ,220min_OT60it_26Aug21_RSL_02, , , , , , , , , , , , , , , ,220min_OT60it_26Aug21_RSL_07, , , , , , , , , , , , , , , ,220min_OT60it_26Aug21_RSL_12, , , , , , , , , , , , , , , ,220min_OT60it_26Aug21_RSL_16, , , , , , , , , , , , , , , ,220min_OT60it_16Sept21_RSL_20, , , , , , , , , , , , , , , ,220min_OT60it_26Aug21_RSL_09, , , , , , , , , , , , , , , ,220min_OT60it_26Aug21_RSL_15, , , , , , , , , , , , , , , ,220min_OT60it_26Aug21_RSL_17, , , , , , , , , , , , , , , , 
Peptide, UniqueToProtein, Exchangeable Hydrogens, Charge, m/z(Sequence), M0, M1, M2, M3, M4, M5, Total Labeling, m/z(Precursor), IonScore, Expectn, Error(ppm), Scan, I0, I1, I2, I3, I4, I5, Start Elution (min), End Elution (min), I0 Peak Width, Total Labeling, Net Labeling,m/z(Precursor), IonScore, Expectn, Error(ppm), Scan, I0, I1, I2, I3, I4, I5, Start Elution (min), End Elution (min), I0 Peak Width, Total Labeling, Net Labeling,m/z(Precursor), IonScore, Expectn, Error(ppm), Scan, I0, I1, I2, I3, I4, I5, Start Elution (min), End Elution (min), I0 Peak Width, Total Labeling, Net Labeling,m/z(Precursor), IonScore, Expectn, Error(ppm), Scan, I0, I1, I2, I3, I4, I5, Start Elution (min), End Elution (min), I0 Peak Width, Total Labeling, Net Labeling,m/z(Precursor), IonScore, Expectn, Error(ppm), Scan, I0, I1, I2, I3, I4, I5, Start Elution (min), End Elution (min), I0 Peak Width, Total Labeling, Net Labeling,m/z(Precursor), IonScore, Expectn, Error(ppm), Scan, I0, I1, I2, I3, I4, I5, Start Elution (min), End Elution (min), I0 Peak Width, Total Labeling, Net Labeling,m/z(Precursor), IonScore, Expectn, Error(ppm), Scan, I0, I1, I2, I3, I4, I5, Start Elution (min), End Elution (min), I0 Peak Width, Total Labeling, Net Labeling,m/z(Precursor), IonScore, Expectn, Error(ppm), Scan, I0, I1, I2, I3, I4, I5, Start Elution (min), End Elution (min), I0 Peak Width, Total Labeling, Net Labeling,m/z(Precursor), IonScore, Expectn, Error(ppm), Scan, I0, I1, I2, I3, I4, I5, Start Elution (min), End Elution (min), I0 Peak Width, Total Labeling, Net Labeling,m/z(Precursor), IonScore, Expectn, Error(ppm), Scan, I0, I1, I2, I3, I4, I5, Start Elution (min), End Elution (min), I0 Peak Width, Total Labeling, Net Labeling,m/z(Precursor), IonScore, Expectn, Error(ppm), Scan, I0, I1, I2, I3, I4, I5, Start Elution (min), End Elution (min), I0 Peak Width, Total Labeling, Net Labeling,m/z(Precursor), IonScore, Expectn, Error(ppm), Scan, I0, I1, I2, I3, I4, I5, Start Elution (min), End Elution (min), I0 Peak Width, Total Labeling, Net Labeling,m/z(Precursor), IonScore, Expectn, Error(ppm), Scan, I0, I1, I2, I3, I4, I5, Start Elution (min), End Elution (min), I0 Peak Width, Total Labeling, Net Labeling,m/z(Precursor), IonScore, Expectn, Error(ppm), Scan, I0, I1, I2, I3, I4, I5, Start Elution (min), End Elution (min), I0 Peak Width, Total Labeling, Net Labeling,m/z(Precursor), IonScore, Expectn, Error(ppm), Scan, I0, I1, I2, I3, I4, I5, Start Elution (min), End Elution (min), I0 Peak Width, Total Labeling, Net Labeling,m/z(Precursor), IonScore, Expectn, Error(ppm), Scan, I0, I1, I2, I3, I4, I5, Start Elution (min), End Elution (min), I0 Peak Width, Total Labeling, Net Labeling,m/z(Precursor), IonScore, Expectn, Error(ppm), Scan, I0, I1, I2, I3, I4, I5, Start Elution (min), End Elution (min), I0 Peak Width, Total Labeling, Net Labeling,m/z(Precursor), IonScore, Expectn, Error(ppm), Scan, I0, I1, I2, I3, I4, I5, Start Elution (min), End Elution (min), I0 Peak Width, Total Labeling, Net Labeling
VATVSLPR,Yes, 14, 2,  421.75835,61.303,28.794,7.967,1.625,0.268,0.037,50.863, 421.75836,   47.88000, 6.000000e-04, -0.0, 38329,1.286868e+11,5.765012e+10,1.562391e+10,3.035588e+09,4.797838e+08,1.039734e+08,34.032188, 35.676197,0.000100,0.309386,0.000204, 421.75745,   48.68000, 4.800000e-04,  2.1, 83530,1.330200e+11,6.104305e+10,1.641887e+10,3.290712e+09,5.325208e+08,1.078620e+08,49.775566, 50.873520,0.000100,0.314553,0.000203, 421.75836,   52.68000, 2.000000e-04, -0.0, 43245,1.151138e+11,5.116701e+10,1.380182e+10,2.658421e+09,4.225259e+08,0.000000e+00,32.052063, 33.261913,0.000100,0.307715,-0.000000, 421.75812,   43.98000, 1.500000e-03,  0.6, 34217,4.178634e+10,1.843022e+10,4.880921e+09,8.785910e+08,1.360479e+08,0.000000e+00,31.840662, 32.709976,0.000100,0.306066,-0.000000, 421.75848,   43.57000, 1.600000e-03, -0.3, 30356,2.406213e+08,1.032405e+08,2.683787e+07,5.794531e+06,6.665380e+05,0.000000e+00,29.405474, 29.900726,0.000100,0.300238,0.000000, 421.75870,   45.35000, 1.100000e-03, -0.8, 30945,2.653572e+08,1.112986e+08,2.837566e+07,3.415485e+06,0.000000e+00,0.000000e+00,31.791105, 32.190372,0.000100,0.295491,-0.000000, 421.75848,   48.35000, 5.400000e-04, -0.3, 37023,7.961551e+10,3.505991e+10,9.426575e+09,1.836375e+09,2.983096e+08,0.000000e+00,33.232025, 34.894428,0.000100,0.305732,-0.000000, 421.75851,   40.11000, 3.600000e-03, -0.4, 31571,5.288774e+09,2.444881e+09,6.434784e+08,1.208677e+08,2.147279e+07,0.000000e+00,31.541393, 32.191246,0.000100,0.316135,-0.000000, 421.75842,   52.33000, 2.100000e-04, -0.2, 44641,8.614205e+10,3.873716e+10,1.035760e+10,1.984446e+09,3.242741e+08,0.000000e+00,32.041878, 33.786526,0.000100,0.310197,-0.000000, 421.75870,   53.69000, 1.600000e-04, -0.8, 48940,9.527809e+10,4.648856e+10,1.259345e+10,2.927181e+09,6.950607e+08,0.000000e+00,33.103989, 34.334084,0.000100,0.327923,0.018322, 421.75830,   46.48000, 8.300000e-04,  0.1, 36036,6.388603e+10,2.859607e+10,7.620949e+09,1.480185e+09,2.503870e+08,0.000000e+00,32.351665, 33.919815,0.000100,0.309207,-0.000000, 421.75842,   53.62000, 1.600000e-04, -0.2, 46846,7.435141e+10,3.287023e+10,8.674055e+09,1.669085e+09,2.733261e+08,0.000000e+00,32.090427, 33.727612,0.000100,0.306563,0.000000, 421.75851,   55.44000, 1.000000e-04, -0.4, 33034,6.517912e+09,3.055563e+09,7.907731e+08,1.548941e+08,2.437091e+07,0.000000e+00,30.144344, 30.792509,0.000100,0.319170,0.000000, 421.75861,   42.59000, 2.000000e-03, -0.6, 33045,2.316039e+10,1.052032e+10,2.739559e+09,5.218607e+08,8.257967e+07,0.000000e+00,31.831728, 32.672913,0.000100,0.312355,0.000000, 421.75925,   41.74000, 2.100000e-03, -2.1, 27658,2.271185e+09,1.022335e+09,2.681900e+08,5.178540e+07,6.744782e+06,1.290866e+06,32.839272, 33.589394,0.000100,0.310408,-0.000000, 421.75818,   48.57000, 5.100000e-04,  0.4, 45644,6.214105e+10,2.741117e+10,7.278627e+09,1.417195e+09,2.148599e+08,5.318396e+07,32.159336, 33.767372,0.000100,0.306091,0.000255, 421.75839,   43.84000, 1.500000e-03, -0.1, 35686,3.832959e+10,1.699505e+10,4.488050e+09,8.472124e+08,1.318933e+08,0.000000e+00,32.550835, 33.393711,0.000100,0.307188,0.000000, 421.75916,    43.54000, 1.400000e-03, -1.9, 31574, 7.413625e+08,3.197590e+08,8.634827e+07,1.718276e+07,5.955020e+05,0.000000e+00,31.446445, 31.946028,0.000100,0.301341,0.000000,
LSSPATLNSR,Yes, 21, 2,  523.28545,55.962,30.848,10.141,2.466,0.487,0.082,60.885, 523.28522,   36.23000, 1.200000e-03,  0.4, 16886,3.586935e+09,1.903696e+09,5.898487e+08,1.437778e+08,3.847926e+07,0.000000e+00,24.269293, 24.863899,0.000100,0.346717,0.001028, 523.28583,   57.51000, 3.400000e-05, -0.7, 48131,4.771744e+10,2.540529e+10,7.759559e+09,1.936708e+09,2.929514e+08,0.000000e+00,33.506332, 34.813343,0.000100,0.347434,0.000000, 523.28509,   36.15000, 9.900000e-04,  0.7, 15877,3.326714e+09,1.785998e+09,5.605869e+08,1.300178e+08,2.566334e+07,2.273696e+06,22.458273, 23.009356,0.000100,0.349325,-0.000000, 523.28522,    0.00000, 0.000000e+00,  0.4, 16886,1.507370e+06,9.303950e+05,4.751967e+06,1.807921e+06,4.884830e+05,0.000000e+00,26.175867, 26.175867,0.000100,0.381659,0.737979, 523.28522,    0.00000, 0.000000e+00,  0.4, 16886,1.372868e+07,5.766137e+06,9.283132e+06,1.117273e+06,3.724024e+05,1.302746e+05,23.972807, 24.722700,0.000100,0.295778,0.293052, 523.28522,    0.00000, 0.000000e+00,  0.4, 16886,0.000000e+00,0.000000e+00,0.000000e+00,0.000000e+00,0.000000e+00,0.000000e+00,1459.357178, 1459.357178,0.000000,0.000000,0.000000, 523.28516,   34.64000, 7.100000e-04,  0.6, 15350,1.343122e+09,7.240181e+08,2.249809e+08,6.013622e+07,1.074868e+07,1.156257e+06,23.599375, 24.148930,0.000100,0.350251,0.000414, 523.28522,    0.00000, 0.000000e+00,  0.4, 16886,4.421235e+06,2.252984e+06,1.466560e+07,6.262771e+06,2.050942e+06,7.030026e+05,24.621843, 25.673809,0.000100,0.337565,0.750923, 523.28516,   33.08000, 2.500000e-03,  0.6, 16374,2.801241e+09,1.488361e+09,4.556059e+08,1.216728e+08,3.973149e+07,3.717549e+06,22.469229, 22.969746,0.000100,0.346969,0.004326, 523.28638,   47.31000, 3.400000e-04, -1.8, 15794,1.071422e+10,5.927341e+09,1.972562e+09,4.029727e+08,8.804555e+07,1.333921e+07,23.372408, 24.088831,0.000100,0.356177,0.001708, 523.28204,   38.80000, 8.400000e-04,  6.5, 14492,1.210313e+09,6.614615e+08,2.009278e+08,5.673270e+07,8.427666e+06,4.541930e+05,22.882542, 23.380989,0.000100,0.353387,0.001386, 523.28558,   37.11000, 2.300000e-03, -0.3, 14534,1.874800e+08,8.992704e+07,2.630258e+07,6.880112e+06,0.000000e+00,0.000000e+00,22.794399, 23.143429,0.000100,0.324170,-0.000000, 523.28522,    0.00000, 0.000000e+00,  0.4, 16886,6.485661e+06,1.809046e+06,1.411096e+06,0.000000e+00,0.000000e+00,0.000000e+00,25.564667, 25.564667,0.000100,0.218096,0.027627, 523.28522,    0.00000, 0.000000e+00,  0.4, 16886,0.000000e+00,0.000000e+00,0.000000e+00,0.000000e+00,0.000000e+00,0.000000e+00,1514.478638, 1514.478638,0.000000,0.000000,0.000000, 523.28522,    0.00000, 0.000000e+00,  0.4, 16886,0.000000e+00,0.000000e+00,0.000000e+00,0.000000e+00,0.000000e+00,0.000000e+00,1573.564819, 1573.564819,0.000000,0.000000,0.000000, 523.28442,   49.01000, 5.300000e-05,  2.0, 15174,7.594147e+07,3.915889e+07,9.796591e+06,2.462816e+06,7.071110e+05,0.000000e+00,23.053801, 23.353939,0.000100,0.340215,0.000014, 523.28540,   37.39000, 1.500000e-03,  0.1, 14564,3.196936e+07,1.510446e+07,3.751075e+06,1.471343e+06,0.000000e+00,0.000000e+00,23.325235, 23.424763,0.000100,0.320868,0.000000, 523.28522,     0.00000, 0.000000e+00,  0.4, 16886, 7.734690e+05,5.149490e+05,9.582420e+05,4.651700e+05,1.713746e+05,6.739837e+04,25.998310, 25.998310,0.000100,0.399675,0.536769,
LGEHNIDVLEGNEQFINAAK,Yes, 42, 2, 1106.05564,28.076,33.981,22.255,10.341,3.796,1.166,130.530,1106.05090,  112.98000, 1.100000e-10,  4.3, 174082,6.539401e+09,7.814554e+09,4.953702e+09,2.406347e+09,8.889742e+08,2.582483e+08,103.671356, 104.598625,0.000100,0.544418,0.002365,1106.05383,   62.75000, 4.600000e-06,  1.6, 252857,3.248439e+09,3.803922e+09,2.461927e+09,1.175384e+09,4.054267e+08,1.290286e+08,130.321457, 130.765091,0.000100,0.539383,0.000000,1106.05310,  101.12000, 8.000000e-10,  2.3, 172389,6.603319e+09,7.760018e+09,4.837653e+09,2.295030e+09,8.346877e+08,2.451184e+08,102.523239, 103.515289,0.000100,0.540266,0.000000,1106.05676,   81.07000, 1.700000e-07, -1.0, 179173,6.996883e+09,8.423545e+09,5.292478e+09,2.482788e+09,8.963893e+08,2.697445e+08,101.112518, 102.117897,0.000100,0.546259,0.000000,1106.05750,  110.98000, 5.100000e-10, -1.7, 176186,5.640272e+09,6.830241e+09,4.228206e+09,1.949778e+09,7.301216e+08,2.222083e+08,98.120628, 99.585724,0.000100,0.547711,-0.000000,1106.05591,   97.51000, 6.300000e-09, -0.2, 171994,6.386134e+09,7.681301e+09,4.789993e+09,2.318222e+09,8.471812e+08,2.455854e+08,100.003342, 101.344528,0.000100,0.546034,-0.000000,1106.05542,  121.85000, 1.400000e-11,  0.2, 174533,6.511704e+09,7.665642e+09,4.817668e+09,2.327099e+09,8.594073e+08,2.492125e+08,102.595573, 103.588875,0.000100,0.540697,-0.000000,1106.05566,  101.57000, 2.400000e-09, -0.0, 170550,6.323139e+09,7.545231e+09,4.707520e+09,2.209006e+09,8.131616e+08,2.342893e+08,100.528999, 101.764511,0.000100,0.544060,-0.000000,1106.05798,   91.31000, 1.200000e-08, -2.1, 174945,7.084151e+09,8.437672e+09,5.204039e+09,2.546839e+09,9.212920e+08,2.747709e+08,102.261047, 103.310974,0.000100,0.543601,0.000000,1106.05847,  109.26000, 1.800000e-10, -2.6, 174180,5.346593e+09,6.432040e+09,4.052123e+09,1.897081e+09,7.089440e+08,2.072279e+08,104.923492, 106.077339,0.000100,0.546077,-0.000000,1106.05603,   82.75000, 1.200000e-07, -0.4, 178003,6.700560e+09,7.929669e+09,4.900623e+09,2.386591e+09,8.696274e+08,2.460803e+08,103.092064, 104.077110,0.000100,0.542006,0.000000,1106.05725,   92.32000, 9.800000e-09, -1.5, 178701,6.698237e+09,8.032757e+09,4.929913e+09,2.412433e+09,8.614440e+08,2.461492e+08,101.981667, 103.028893,0.000100,0.545296,-0.000000,1106.05701,   99.93000, 2.200000e-09, -1.2, 179664,6.380340e+09,7.691897e+09,4.715035e+09,2.276107e+09,8.174126e+08,2.755748e+08,99.307083, 100.688751,0.000100,0.546601,0.002384,1106.05774,   92.21000, 4.100000e-09, -1.9, 176966,7.307922e+09,8.766062e+09,5.500338e+09,2.622856e+09,9.709142e+08,2.728756e+08,101.411293, 102.657425,0.000100,0.545357,0.000000,1106.55237,   97.86000, 3.200000e-09, -449.3, 157798,8.359040e+08,9.878173e+08,6.347813e+08,3.039451e+08,1.080792e+08,3.661733e+07,101.658707, 102.721268,0.000100,0.541649,0.003144,1106.05603,   91.55000, 2.200000e-08, -0.4, 180173,7.016664e+09,8.585200e+09,5.501135e+09,2.738416e+09,1.009675e+09,3.020844e+08,101.359596, 102.555473,0.000100,0.550268,0.010024,1106.05566,   99.93000, 3.400000e-09, -0.0, 176139,7.356142e+09,8.753235e+09,5.437583e+09,2.606598e+09,9.728697e+08,2.808668e+08,101.698189, 102.947960,0.000100,0.543363,0.000000,1106.05750,    73.83000, 9.700000e-07, -1.7, 174548, 6.394872e+09,7.604678e+09,4.710318e+09,2.244610e+09,8.412876e+08,2.507672e+08,100.048424, 101.295967,0.000100,0.543209,-0.000000,
LGEHNIDVLEGNEQFINAAK,Yes, 42, 3,  737.70618,28.076,33.981,22.255,10.341,3.796,1.166,130.530, 737.70660,   77.50000, 1.200000e-06, -0.6, 175720,2.111211e+09,2.818759e+09,1.952095e+09,9.815006e+08,3.723834e+08,1.220941e+08,104.554955, 105.053307,0.000100,0.571760,0.102457, 737.70703,   50.29000, 6.500000e-05, -1.1, 252728,1.677673e+10,1.938078e+10,1.254054e+10,5.256042e+09,1.824613e+09,6.433936e+08,130.321457, 130.765091,0.000100,0.536010,-0.000000, 737.70727,   75.70000, 2.200000e-07, -1.5, 179148,2.471732e+10,2.929641e+10,1.793939e+10,7.996581e+09,2.892095e+09,8.562988e+08,102.523239, 103.515289,0.000100,0.542388,-0.000000, 737.70679,   74.87000, 3.500000e-07, -0.8, 174604,2.228168e+10,2.638443e+10,1.668336e+10,7.287678e+09,2.636220e+09,8.210510e+08,101.162491, 102.166931,0.000100,0.542152,-0.000000, 737.70667,   96.20000, 1.400000e-08, -0.7, 174159,1.558933e+10,1.855898e+10,1.188549e+10,5.387957e+09,1.952040e+09,5.674938e+08,98.170418, 99.635773,0.000100,0.543482,-0.000000, 737.70624,   82.49000, 8.700000e-08, -0.1, 174118,1.861514e+10,2.234805e+10,1.433972e+10,6.349524e+09,2.305513e+09,7.393249e+08,100.097855, 101.395096,0.000100,0.545564,-0.000000, 737.70709,   67.97000, 1.800000e-06, -1.2, 175009,1.462709e+10,1.732291e+10,1.056193e+10,4.834163e+09,1.749706e+09,5.084119e+08,102.997055, 103.588875,0.000100,0.542188,0.000000, 737.70270,   75.26000, 3.900000e-07,  4.7, 170467,2.089311e+10,2.509816e+10,1.577223e+10,6.962747e+09,2.489183e+09,7.842770e+08,100.528999, 101.764511,0.000100,0.545716,0.000000, 737.70642,   86.12000, 1.100000e-07, -0.3, 176573,2.704022e+10,3.285016e+10,2.053962e+10,9.545007e+09,3.509616e+09,1.136128e+09,102.261047, 103.310974,0.000100,0.548505,0.000844, 737.70795,   81.09000, 2.000000e-07, -2.4, 168279,2.726143e+10,3.285905e+10,2.054862e+10,9.521070e+09,3.343402e+09,1.077740e+09,105.023773, 106.127457,0.000100,0.546553,0.000000, 737.70758,   76.98000, 3.700000e-07, -1.9, 178579,2.383118e+10,2.860994e+10,1.767901e+10,8.024148e+09,2.869461e+09,8.683153e+08,103.092064, 104.126976,0.000100,0.545563,-0.000000, 737.70618,   62.57000, 7.300000e-06,  0.0, 177758,2.338625e+10,2.819112e+10,1.736344e+10,7.815708e+09,2.834998e+09,8.626804e+08,101.981667, 103.028893,0.000100,0.546579,-0.000000, 737.70642,   99.02000, 3.100000e-09, -0.3, 177600,1.713420e+10,2.042690e+10,1.283018e+10,5.827744e+09,2.110180e+09,6.841328e+08,99.406898, 100.729744,0.000100,0.543831,0.000000, 737.70691,   86.49000, 3.600000e-08, -1.0, 178531,8.647162e+09,1.088034e+10,7.310562e+09,3.395955e+09,1.242884e+09,4.813909e+08,102.111053, 102.707733,0.000100,0.557180,0.044742, 737.70782,   69.14000, 1.500000e-06, -2.2, 157821,7.561104e+09,8.775495e+09,5.503907e+09,2.465929e+09,9.035993e+08,2.789410e+08,101.608803, 102.771866,0.000100,0.537168,-0.000000, 737.70667,   88.57000, 5.600000e-08, -0.7, 178017,2.329413e+10,2.861923e+10,1.792972e+10,8.290789e+09,3.035146e+09,9.818966e+08,101.359596, 102.555473,0.000100,0.551288,0.000643, 737.70624,   80.22000, 1.600000e-07, -0.1, 176111,2.301435e+10,2.768239e+10,1.739799e+10,7.723666e+09,2.783612e+09,8.855322e+08,101.748253, 102.947960,0.000100,0.546039,-0.000000, 737.70648,    81.42000, 1.300000e-07, -0.4, 177833, 7.347816e+09,8.597526e+09,5.415386e+09,2.430849e+09,8.772900e+08,2.807429e+08,100.697296, 101.445450,0.000100,0.539187,-0.000000,
IITHPNFNGNTLDNDIMLIK,Yes, 26, 3,  761.73157,25.329,32.283,23.115,11.969,4.940,1.711,142.738, 761.73151,   73.73000, 5.900000e-07,  0.1, 229954,1.181626e+10,1.414838e+10,9.749081e+09,5.013424e+09,1.968737e+09,8.047166e+08,132.965149, 133.802933,0.000100,0.544910,0.004524, 761.72736,   43.70000, 3.000000e-04,  5.5, 297484,1.179628e+10,1.461386e+10,1.023257e+10,4.971342e+09,2.031338e+09,6.947835e+08,153.386658, 153.941711,0.000100,0.553343,-0.000000, 761.73236,   72.93000, 1.600000e-06, -1.0, 229477,1.496479e+10,1.827138e+10,1.261112e+10,6.507909e+09,2.592366e+09,9.500272e+08,130.944672, 131.894791,0.000100,0.549744,0.000000, 761.73047,   59.97000, 2.700000e-05,  1.4, 226642,1.281386e+10,1.552891e+10,1.051828e+10,5.385170e+09,2.181714e+09,9.793027e+08,129.233688, 130.079849,0.000100,0.547897,0.012880, 761.73242,   75.80000, 4.200000e-07, -1.1, 231147,9.779877e+09,1.197141e+10,8.246529e+09,4.152691e+09,1.639250e+09,1.287794e+09,126.532158, 127.520073,0.000100,0.550377,0.065303, 761.73297,   53.13000, 4.300000e-05, -1.8, 226446,8.174371e+09,9.929985e+09,6.733885e+09,3.452606e+09,1.406547e+09,1.109675e+09,127.504501, 128.203461,0.000100,0.548486,0.070037, 761.73212,   67.98000, 9.400000e-07, -0.7, 230688,1.451029e+10,1.798568e+10,1.249708e+10,6.474703e+09,2.684669e+09,1.140405e+09,131.174988, 132.126328,0.000100,0.553474,0.013157, 761.73267,   65.29000, 5.500000e-06, -1.4, 223823,1.229042e+10,1.515176e+10,1.029537e+10,5.320254e+09,2.098976e+09,9.878378e+08,128.428818, 129.329391,0.000100,0.552134,0.015818, 761.73181,   56.77000, 3.300000e-05, -0.3, 232871,1.555932e+10,1.903642e+10,1.327919e+10,6.826457e+09,2.718180e+09,9.830145e+08,130.937119, 131.887604,0.000100,0.550253,0.000000, 761.73248,   66.04000, 3.900000e-06, -1.2, 219393,1.431105e+10,1.830149e+10,1.257148e+10,6.520810e+09,2.566901e+09,8.948590e+08,133.957764, 135.110168,0.000100,0.561179,0.000000, 761.73175,   85.77000, 2.600000e-08, -0.2, 234984,1.412200e+10,1.718929e+10,1.217130e+10,6.224806e+09,2.553205e+09,1.077542e+09,131.460617, 132.411270,0.000100,0.548981,0.011526, 761.73212,   65.56000, 3.600000e-06, -0.7, 230838,1.469230e+10,1.775255e+10,1.217863e+10,6.240182e+09,2.506650e+09,1.010639e+09,130.695114, 131.545486,0.000100,0.547161,0.004865, 761.73175,   61.83000, 1.300000e-05, -0.2, 231118,1.163420e+10,1.405412e+10,9.586905e+09,4.865995e+09,1.968321e+09,9.863115e+08,127.393242, 128.291443,0.000100,0.547102,0.021468, 761.73242,   69.59000, 3.700000e-06, -1.1, 230870,1.548712e+10,1.941216e+10,1.327382e+10,6.812825e+09,2.756577e+09,1.253842e+09,129.228653, 130.177002,0.000100,0.556234,0.015311, 761.73315,   53.40000, 2.400000e-05, -2.1, 207880,4.580073e+09,5.645665e+09,3.977873e+09,2.056590e+09,8.323514e+08,3.036847e+08,130.080338, 131.031647,0.000100,0.552103,0.000711, 761.73279,   65.57000, 6.200000e-06, -1.6, 232392,1.540453e+10,1.898271e+10,1.361454e+10,7.024285e+09,2.910780e+09,1.288779e+09,129.679810, 130.628769,0.000100,0.552028,0.017830, 761.73224,   64.81000, 1.300000e-05, -0.9, 230202,1.309973e+10,1.599970e+10,1.065632e+10,5.433345e+09,2.173674e+09,1.077963e+09,129.441437, 130.292892,0.000100,0.549829,0.018824, 761.73236,    62.58000, 1.200000e-05, -1.0, 229745, 1.130012e+10,1.378753e+10,9.521991e+09,4.902359e+09,1.965823e+09,1.604191e+09,127.881798, 128.831680,0.000100,0.549574,0.074587,
IITHPNFNGNTLDNDIMLIK,Yes, 26, 2, 1142.09372,25.329,32.283,23.115,11.969,4.940,1.711,142.738,1142.09448,   65.89000, 1.300000e-06, -0.7, 230054,1.319968e+09,1.605606e+09,1.096432e+09,5.728726e+08,2.185552e+08,6.588307e+07,132.965149, 133.802933,0.000100,0.548817,-0.000000,1142.09570,   44.99000, 3.700000e-04, -1.7, 297603,1.699741e+09,2.109033e+09,1.468970e+09,7.027402e+08,2.755777e+08,1.318260e+08,153.386658, 153.941711,0.000100,0.553730,0.012455,1142.09399,   90.13000, 1.600000e-08, -0.2, 225636,1.736175e+09,2.127006e+09,1.429477e+09,7.583746e+08,2.856734e+08,9.692949e+07,130.994675, 131.844879,0.000100,0.550584,-0.000000,1142.09509,  100.94000, 2.900000e-09, -1.2, 226745,1.669876e+09,1.916005e+09,1.418838e+09,7.351676e+08,3.104314e+08,1.042699e+08,129.383591, 130.129730,0.000100,0.534319,0.000907,1142.09497,   65.87000, 1.800000e-06, -1.1, 231154,1.437335e+09,1.634664e+09,1.263152e+09,6.571379e+08,2.833967e+08,1.100386e+08,123.885803, 127.569984,0.000100,0.532117,0.023279,1142.09583,   70.85000, 2.100000e-06, -1.8, 226532,1.143620e+09,1.409989e+09,9.817827e+08,5.003163e+08,1.944989e+08,5.448036e+07,127.454330, 128.203461,0.000100,0.552156,-0.000000,1142.09338,   73.30000, 3.000000e-07,  0.3, 230777,1.656744e+09,2.030164e+09,1.393059e+09,7.336857e+08,2.967225e+08,9.748111e+07,131.325119, 132.076248,0.000100,0.550641,0.000000,1142.09534,   78.64000, 1.500000e-07, -1.4, 223851,1.703503e+09,1.985948e+09,1.424586e+09,7.473624e+08,3.245389e+08,1.299326e+08,128.428818, 129.279434,0.000100,0.538277,0.011378,1142.09522,   75.55000, 4.500000e-07, -1.3, 228876,1.807802e+09,2.223293e+09,1.480821e+09,7.794203e+08,2.988724e+08,9.645351e+07,131.037598, 131.887604,0.000100,0.551536,0.000000,1142.09607,   52.28000, 3.100000e-05, -2.1, 221290,1.126619e+09,1.374178e+09,9.531484e+08,4.849774e+08,1.970249e+08,6.079247e+07,134.007889, 135.060333,0.000100,0.549496,0.000000,1142.09558,   88.62000, 2.300000e-08, -1.6, 232964,1.649260e+09,2.049246e+09,1.385577e+09,7.071165e+08,2.792841e+08,9.114049e+07,131.610062, 132.411270,0.000100,0.554074,0.000000,1142.09448,   93.18000, 8.300000e-09, -0.7, 230924,1.748399e+09,2.112574e+09,1.438163e+09,7.623710e+08,3.054733e+08,8.817938e+07,130.695114, 131.545486,0.000100,0.547161,-0.000000,1142.09436,   87.62000, 3.600000e-08, -0.6, 231210,1.696101e+09,1.988418e+09,1.446908e+09,7.440144e+08,3.219420e+08,1.103021e+08,127.343330, 128.241653,0.000100,0.539668,0.002745,1142.09522,   94.40000, 7.500000e-09, -1.3, 228924,1.992304e+09,2.352345e+09,1.690839e+09,8.571366e+08,3.731083e+08,1.362198e+08,129.178741, 130.127243,0.000100,0.541435,0.003891,1142.09424,   70.39000, 2.300000e-06, -0.5, 207835,1.833026e+08,2.251736e+08,1.510594e+08,7.883164e+07,3.069590e+07,7.746091e+06,130.180679, 131.031647,0.000100,0.551253,0.000000,1142.09509,  101.42000, 1.300000e-09, -1.2, 232219,1.897445e+09,2.325622e+09,1.542796e+09,8.159340e+08,3.385153e+08,1.040344e+08,127.381439, 130.628769,0.000100,0.550695,-0.000000,1142.09546,   54.00000, 1.800000e-05, -1.5, 230289,1.781878e+09,2.087721e+09,1.501001e+09,7.547995e+08,3.233317e+08,1.285039e+08,127.041122, 130.292892,0.000100,0.539519,0.009028,1142.09485,    91.26000, 2.000000e-08, -1.0, 229806, 1.469831e+09,1.763811e+09,1.263387e+09,6.043611e+08,2.611554e+08,6.602727e+07,127.981842, 128.881577,0.000100,0.545456,-0.000000,
IITHPNFNGNTLDNDIMLIK,Yes, 26, 4,  571.55050,25.329,32.283,23.115,11.969,4.940,1.711,142.738, 571.55109,   38.26000, 8.900000e-04, -1.0, 230202,5.174351e+07,6.450558e+07,5.031447e+07,2.239130e+07,5.845256e+06,3.862757e+06,133.014404, 133.752914,0.000100,0.554891,0.007352, 571.55109,    0.00000, 0.000000e+00, -1.0, 230202,0.000000e+00,0.000000e+00,0.000000e+00,0.000000e+00,0.000000e+00,0.000000e+00,8064.431641, 8064.431641,0.000000,0.000000,0.000000, 571.55127,   40.08000, 3.900000e-04, -1.4, 225670,7.333955e+07,7.904081e+07,6.155593e+07,2.642666e+07,1.233319e+07,1.573198e+06,130.994675, 132.044678,0.000100,0.518707,0.000000, 571.55157,   37.89000, 7.000000e-04, -1.9, 226844,5.682286e+07,5.462206e+07,4.984916e+07,1.537428e+07,1.152976e+07,6.069330e+05,129.333649, 130.229904,0.000100,0.490126,0.000000, 571.55109,    0.00000, 0.000000e+00, -1.0, 230202,0.000000e+00,0.000000e+00,0.000000e+00,0.000000e+00,0.000000e+00,0.000000e+00,8020.368164, 8020.368164,0.000000,0.000000,0.000000, 571.55109,    0.00000, 0.000000e+00, -1.0, 230202,0.000000e+00,0.000000e+00,0.000000e+00,0.000000e+00,0.000000e+00,0.000000e+00,8020.368164, 8020.368164,0.000000,0.000000,0.000000, 571.55115,   44.37000, 2.800000e-04, -1.1, 228801,6.173523e+07,6.885530e+07,5.003894e+07,2.518099e+07,7.349024e+06,6.184135e+06,131.275269, 132.169876,0.000100,0.527261,0.040984, 571.55170,   36.60000, 2.100000e-03, -2.1, 224042,6.008175e+07,6.416968e+07,5.030630e+07,1.338890e+07,7.805367e+06,1.898153e+06,128.478836, 129.379761,0.000100,0.516450,-0.000000, 571.55133,   34.50000, 1.000000e-03, -1.5, 229002,7.816534e+07,8.704324e+07,6.346975e+07,2.703148e+07,8.931367e+06,2.225664e+06,131.037598, 131.987732,0.000100,0.526869,0.000000, 571.55231,   45.70000, 1.600000e-04, -3.2, 219591,5.264954e+07,6.890499e+07,4.489787e+07,2.315688e+07,6.774710e+06,2.160902e+06,134.007889, 135.060333,0.000100,0.566865,-0.000000, 571.55109,   40.18000, 3.600000e-04, -1.0, 233019,7.647550e+07,8.555879e+07,5.963530e+07,2.634853e+07,9.717934e+06,2.829894e+06,131.560089, 132.461029,0.000100,0.528029,0.000000, 571.55145,   47.05000, 9.700000e-05, -1.7, 231006,5.810514e+07,7.407753e+07,5.264165e+07,2.512121e+07,1.185562e+07,1.015258e+07,130.745453, 131.545486,0.000100,0.560418,0.095428, 571.55109,    0.00000, 0.000000e+00, -1.0, 230202,0.000000e+00,0.000000e+00,0.000000e+00,0.000000e+00,0.000000e+00,0.000000e+00,7928.447754, 7928.447754,0.000000,0.000000,0.000000, 571.55133,   35.01000, 1.900000e-03, -1.5, 229032,7.825721e+07,7.602012e+07,6.802246e+07,2.729579e+07,1.498663e+07,1.267169e+06,129.228653, 130.177002,0.000100,0.492750,0.000000, 571.55109,    0.00000, 0.000000e+00, -1.0, 230202,0.000000e+00,0.000000e+00,0.000000e+00,0.000000e+00,0.000000e+00,0.000000e+00,7958.075684, 7958.075684,0.000000,0.000000,0.000000, 571.55139,   46.86000, 8.300000e-05, -1.6, 232424,7.769053e+07,7.738544e+07,6.303554e+07,2.958296e+07,9.465437e+06,3.805465e+06,129.729523, 130.729431,0.000100,0.499016,0.000000, 571.55109,    0.00000, 0.000000e+00, -1.0, 230202,0.000000e+00,0.000000e+00,0.000000e+00,0.000000e+00,0.000000e+00,0.000000e+00,8000.448242, 8000.448242,0.000000,0.000000,0.000000, 571.55109,     0.00000, 0.000000e+00, -1.0, 230202, 0.000000e+00,0.000000e+00,0.000000e+00,0.000000e+00,0.000000e+00,0.000000e+00,8000.448242, 8000.448242,0.000000,0.000000,0.000000,
IITHPNFNGNTLDNDImLIK,Yes, 26, 2, 1150.09118,25.329,32.283,23.115,11.969,4.940,1.711,142.738,1150.09277,   49.07000, 2.500000e-05, -1.4, 208370,1.014166e+08,1.330193e+08,8.968523e+07,3.557524e+07,9.627098e+06,8.070230e+05,121.618225, 123.810295,0.000100,0.567402,-0.000000,1150.09228,   48.17000, 3.000000e-05, -1.0, 279726,1.493980e+07,2.036647e+07,1.590652e+07,2.258232e+06,0.000000e+00,0.000000e+00,144.524979, 144.970352,0.000100,0.576851,0.000000,1150.09131,   70.23000, 3.600000e-07, -0.1, 211040,1.133280e+08,1.504085e+08,9.905549e+07,5.667433e+07,1.386888e+07,0.000000e+00,119.875381, 120.525124,0.000100,0.570298,-0.000000,1150.09497,   81.45000, 2.700000e-08, -3.3, 205882,1.136727e+08,1.600504e+08,8.367989e+07,4.841583e+07,5.431662e+06,9.426460e+05,118.430550, 120.180611,0.000100,0.584716,-0.000000,1150.09497,   60.86000, 2.400000e-06, -3.3, 208832,9.694567e+07,1.213280e+08,8.122069e+07,4.071415e+07,5.141112e+06,0.000000e+00,115.213135, 116.465515,0.000100,0.555853,-0.000000,1150.09583,   85.40000, 3.200000e-08, -4.0, 205126,8.830449e+07,1.234976e+08,7.448869e+07,4.721976e+07,1.266527e+07,0.000000e+00,116.643959, 118.343376,0.000100,0.583080,0.000000,1150.09583,   81.96000, 2.100000e-08, -4.0, 207398,9.635418e+07,1.534305e+08,7.408914e+07,6.637785e+07,1.002352e+07,6.749265e+06,119.985100, 120.734047,0.000100,0.614251,0.007497,1150.09460,   77.86000, 1.800000e-07, -3.0, 203159,9.446640e+07,1.400850e+08,8.137947e+07,4.136920e+07,1.187277e+07,1.063129e+07,117.544693, 125.780380,0.000100,0.597247,0.038029,1150.09216,   59.67000, 2.700000e-06, -0.9, 207559,1.352592e+08,1.773047e+08,1.110672e+08,7.210604e+07,1.765136e+07,4.826231e+06,119.697701, 120.347374,0.000100,0.567259,0.000000,1150.09314,   71.13000, 3.000000e-07, -1.7, 201887,1.533324e+08,2.134552e+08,1.245787e+08,8.015976e+07,1.978172e+07,5.963882e+06,122.857353, 123.357033,0.000100,0.581959,-0.000000,1150.09277,   56.84000, 1.100000e-05, -1.4, 211117,1.572756e+08,3.073268e+08,1.383623e+08,1.347844e+08,1.545471e+07,1.768556e+07,120.238045, 124.088707,0.000100,0.661483,0.093992,1150.09265,   63.95000, 1.000000e-06, -1.3, 209309,1.548869e+08,2.375245e+08,1.292774e+08,1.024945e+08,1.950860e+07,1.147283e+07,119.403809, 120.005341,0.000100,0.605294,0.023213,1150.09228,   56.94000, 2.200000e-05, -1.0, 209593,1.511378e+08,2.477641e+08,1.273039e+08,1.036414e+08,6.957862e+06,5.037272e+06,116.462074, 118.511330,0.000100,0.621115,0.011273,1150.09155,   65.01000, 1.600000e-06, -0.3, 207971,1.746777e+08,3.117173e+08,1.519340e+08,1.283561e+08,1.106098e+07,9.484166e+06,118.342659, 120.443848,0.000100,0.640873,0.039813,1150.09155,   54.48000, 1.300000e-05, -0.3, 188500,2.649103e+07,3.186334e+07,2.237731e+07,1.201196e+07,3.198046e+06,5.205080e+05,118.924324, 120.024612,0.000100,0.546032,-0.000000,1150.09155,   52.06000, 1.700000e-05, -0.3, 215557,1.471997e+08,3.147438e+08,1.207848e+08,1.075132e+08,1.554611e+07,1.506152e+07,118.939941, 119.539131,0.000100,0.681347,0.033873,1150.09399,   64.13000, 1.700000e-06, -2.5, 209886,1.392112e+08,3.502226e+08,1.171730e+08,1.984304e+08,7.721742e+06,6.526614e+06,118.949516, 120.898033,0.000100,0.715567,0.189805,1150.59216,    60.18000, 2.900000e-06, -435.8, 208516, 1.099384e+08,2.628839e+08,8.817503e+07,7.300824e+07,5.751082e+06,5.032964e+06,117.142334, 124.036537,0.000100,0.705119,-0.000000,
IITHPNFNGNTLDNDImLIK,Yes, 26, 3,  767.06321,25.329,32.283,23.115,11.969,4.940,1.711,142.738, 767.06457,   72.99000, 5.000000e-07, -1.8, 210659,2.752639e+09,5.249452e+09,3.342848e+09,1.912617e+09,7.894755e+08,3.657571e+08,121.762733, 122.290497,0.000100,0.656010,0.174389, 767.06384,   37.50000, 1.000000e-03, -0.8, 279642,7.769409e+08,1.110595e+09,6.967865e+08,3.280426e+08,1.354070e+08,2.630206e+07,144.524979, 145.176025,0.000100,0.588384,-0.000000, 767.06335,   71.79000, 9.400000e-07, -0.2, 210266,2.357592e+09,4.598413e+09,3.182055e+09,1.883053e+09,2.722157e+09,3.583873e+08,120.674759, 124.500114,0.000100,0.661071,0.368150, 767.06439,   59.57000, 8.700000e-06, -1.5, 207841,2.574233e+09,4.866110e+09,2.666979e+09,1.470708e+09,7.953346e+08,2.307234e+08,118.380402, 121.330109,0.000100,0.654017,0.088612, 767.06433,   56.12000, 1.500000e-05, -1.5, 210779,1.382164e+09,1.956150e+09,1.201014e+09,6.251106e+08,1.831733e+09,4.546468e+07,115.213135, 117.654327,0.000100,0.585970,0.298631, 767.06439,   55.93000, 9.300000e-06, -1.5, 207093,1.542794e+09,1.966497e+09,1.349553e+09,6.904705e+08,4.044152e+08,7.520088e+07,116.594124, 118.443428,0.000100,0.560369,0.018115, 767.06555,   65.94000, 1.800000e-06, -3.1, 210069,2.244162e+09,3.514183e+09,2.443992e+09,1.372917e+09,2.105162e+09,2.388699e+08,120.384888, 124.432861,0.000100,0.610277,0.270766, 767.06445,   62.24000, 6.500000e-06, -1.6, 209157,1.936791e+09,3.478277e+09,1.912797e+09,1.025330e+09,2.614898e+09,1.617065e+08,117.494339, 121.046646,0.000100,0.642333,0.292823, 767.06470,   71.34000, 4.200000e-07, -1.9, 209667,3.164659e+09,4.726027e+09,3.264365e+09,1.787826e+09,2.201788e+09,3.004890e+08,119.747665, 122.395683,0.000100,0.598937,0.202855, 767.06500,   71.63000, 1.900000e-06, -2.3, 200562,3.731882e+09,5.313084e+09,3.941303e+09,2.135783e+09,1.184002e+09,3.680768e+08,122.757813, 123.357033,0.000100,0.587408,0.123695, 767.06384,   65.06000, 2.100000e-06, -0.8, 215117,2.998685e+09,4.481526e+09,3.072123e+09,1.649018e+09,2.407762e+09,2.842766e+08,120.137932, 122.987129,0.000100,0.599118,0.222063, 767.06500,   71.72000, 1.600000e-06, -2.3, 211294,3.156013e+09,4.890550e+09,3.307826e+09,1.825436e+09,2.682466e+09,2.919540e+08,119.403809, 121.205093,0.000100,0.607781,0.237757, 767.06299,   73.51000, 5.500000e-07,  0.3, 211593,2.374896e+09,4.212902e+09,2.528465e+09,1.363306e+09,7.604180e+08,2.097145e+08,116.411911, 118.561386,0.000100,0.639501,0.105780, 767.06470,   64.73000, 2.700000e-06, -1.9, 212569,2.350348e+09,3.692082e+09,2.350014e+09,1.305378e+09,2.662471e+09,1.816793e+08,118.591911, 120.944122,0.000100,0.611026,0.269230, 767.06537,   77.51000, 1.500000e-07, -2.8, 190338,1.149914e+09,1.672136e+09,1.218329e+09,6.499577e+08,4.465636e+08,9.888138e+07,119.024330, 119.375519,0.000100,0.592525,0.138298, 767.06348,   75.35000, 3.500000e-07, -0.3, 215524,2.990231e+09,4.413078e+09,3.203961e+09,1.750017e+09,1.189664e+09,3.177796e+08,118.939941, 119.489380,0.000100,0.596095,0.153469, 767.06482,   63.42000, 4.600000e-06, -2.1, 214047,2.303410e+09,3.680043e+09,2.339060e+09,1.277547e+09,2.766412e+09,1.966616e+08,118.949516, 122.097672,0.000100,0.615037,0.285875, 767.06421,    62.62000, 1.300000e-06, -1.3, 214801, 1.897462e+09,3.330509e+09,1.958793e+09,1.092970e+09,3.063021e+09,1.661923e+08,117.092606, 119.142403,0.000100,0.637056,0.344702,
IITHPNFNGNTLDNDIMLIKLSSPATLNSR,Yes, 47, 3, 1103.91350,14.373,25.977,25.491,17.705,9.682,4.412,190.862,1103.91235,   59.42000, 9.300000e-06,  1.0, 274492,1.726388e+08,1.556171e+08,1.288210e+08,6.055449e+07,2.287893e+07,3.214003e+06,156.080475, 156.769806,0.000100,0.474073,0.000000,1103.91235,    0.00000, 0.000000e+00,  1.0, 274492,0.000000e+00,0.000000e+00,0.000000e+00,0.000000e+00,0.000000e+00,0.000000e+00,9360.887695, 9360.887695,0.000000,0.000000,0.000000,1103.90796,   35.60000, 1.400000e-03,  5.0, 271886,2.096492e+08,2.468305e+08,1.987956e+08,1.262928e+08,7.087279e+07,5.040212e+06,155.739075, 156.089691,0.000100,0.540726,-0.000000,1103.91577,   51.01000, 2.300000e-05, -2.1, 273486,1.393441e+08,1.595963e+08,1.356079e+08,9.440324e+07,5.652991e+07,1.644923e+07,154.046814, 154.847168,0.000100,0.533873,0.000000,1103.91345,   42.38000, 2.200000e-04,  0.0, 283158,5.598694e+06,8.136733e+06,1.097374e+07,2.849942e+06,0.000000e+00,0.000000e+00,152.881134, 153.131119,0.000100,0.592390,-0.000000,1103.91699,   39.24000, 2.100000e-04, -3.2, 274813,1.017636e+07,1.359542e+07,1.730053e+07,6.077404e+06,0.000000e+00,0.000000e+00,152.222610, 152.472748,0.000100,0.571914,-0.000000,1103.91235,    0.00000, 0.000000e+00,  1.0, 274492,0.000000e+00,0.000000e+00,0.000000e+00,0.000000e+00,0.000000e+00,0.000000e+00,9435.545898, 9435.545898,0.000000,0.000000,0.000000,1104.24707,   53.12000, 3.000000e-05, -302.4, 271898,5.890169e+07,7.939723e+07,8.979596e+07,7.961927e+07,6.487254e+07,5.297092e+07,155.018250, 155.068192,0.000100,0.574099,0.355220,1103.91296,   55.67000, 1.900000e-05,  0.5, 276326,1.013717e+08,1.494277e+08,1.554819e+08,1.294029e+08,1.003629e+08,4.747774e+07,155.886795, 156.286484,0.000100,0.595806,0.178693,1103.91614,   63.43000, 3.000000e-06, -2.4, 262338,1.016756e+07,1.880654e+07,1.701579e+07,1.177801e+07,5.535258e+06,0.000000e+00,158.620346, 158.920746,0.000100,0.649081,0.000000,1103.91138,   52.63000, 2.300000e-05,  1.9, 279355,1.073044e+08,1.517036e+08,1.729354e+08,1.383984e+08,1.113079e+08,6.380193e+07,155.555786, 156.004700,0.000100,0.585710,0.223471,1103.91235,    0.00000, 0.000000e+00,  1.0, 274492,0.000000e+00,0.000000e+00,0.000000e+00,0.000000e+00,0.000000e+00,0.000000e+00,9456.330078, 9456.330078,0.000000,0.000000,0.000000,1103.91248,   28.20000, 2.300000e-03,  0.9, 281043,9.534199e+06,1.628043e+07,1.698672e+07,7.725485e+06,1.072685e+06,1.852046e+06,152.990875, 153.140503,0.000100,0.630667,-0.000000,1103.90601,   57.33000, 1.300000e-05,  6.8, 276032,6.656844e+07,1.052215e+08,1.442638e+08,1.190050e+08,1.122445e+08,7.160195e+07,154.076920, 154.625931,0.000100,0.612501,0.398770,1103.91894,   34.75000, 2.100000e-03, -4.9, 252809,2.168876e+07,5.555393e+07,7.996340e+07,9.775019e+07,1.049782e+08,7.731349e+07,155.693375, 156.044250,0.000100,0.719213,0.715191,1104.23401,   49.50000, 1.800000e-04, -290.5, 281555,3.066072e+07,5.694811e+07,8.683986e+07,8.349668e+07,7.689428e+07,2.176531e+07,155.419785, 155.869400,0.000100,0.650027,0.503553,1103.91589,   48.73000, 8.700000e-05, -2.2, 277035,1.905080e+07,4.431702e+07,4.836865e+07,3.328590e+07,2.627549e+07,1.362684e+07,153.631409, 154.430923,0.000100,0.699362,0.294812,1103.91553,    61.47000, 2.200000e-06, -1.8, 278420, 6.369305e+06,1.618335e+07,1.478976e+07,7.900972e+06,4.607620e+06,0.000000e+00,152.877747, 153.077316,0.000100,0.717581,-0.000000,
LGEHNIDVLEGNEQFINAAKIITHPNFNGNTLDNDIMLIK,Yes, 69, 4, 1119.57204,7.798,17.928,23.183,21.033,14.877,8.704,230.423,1119.57275,   34.74000, 7.700000e-04, -0.6, 326494,4.453479e+07,4.842778e+07,5.691681e+07,6.681187e+07,2.373820e+07,3.082190e+07,184.926178, 185.276321,0.000100,0.520938,0.254566,1119.57275,    0.00000, 0.000000e+00, -0.6, 326494,0.000000e+00,0.000000e+00,0.000000e+00,0.000000e+00,0.000000e+00,0.000000e+00,11121.000000, 11121.000000,0.000000,0.000000,0.000000,1119.57275,    0.00000, 0.000000e+00, -0.6, 326494,5.875710e+07,8.210506e+07,1.263818e+08,1.057244e+08,8.445835e+07,4.504191e+07,184.499283, 185.248810,0.000100,0.582875,0.020686,1119.82507,   44.24000, 1.800000e-04, -226.2, 326977,1.292078e+08,1.305728e+08,1.865185e+08,1.463983e+08,1.610875e+08,6.866392e+07,182.404419, 183.498917,0.000100,0.502627,0.065057,1119.57361,   40.80000, 5.200000e-04, -1.4, 340931,1.008980e+08,8.360684e+07,1.264205e+08,9.656453e+07,1.184778e+08,4.953358e+07,182.628738, 183.726730,0.000100,0.453142,0.103302,1119.57483,   46.65000, 1.300000e-04, -2.5, 331301,1.207826e+08,9.617065e+07,1.535815e+08,1.146247e+08,1.689056e+08,5.419563e+07,181.903000, 182.950394,0.000100,0.443278,0.145180,1119.57349,   41.64000, 2.900000e-04, -1.3, 327670,8.031854e+07,7.399152e+07,1.021675e+08,9.353278e+07,8.265568e+07,4.302776e+07,184.616150, 185.515488,0.000100,0.479499,0.059592,1119.57727,   38.12000, 9.200000e-04, -4.7, 325126,1.100880e+08,1.469129e+07,2.733157e+07,2.829103e+07,3.399848e+07,1.164620e+07,182.695892, 183.344894,0.000100,0.117738,0.000000,1119.57373,   29.10000, 2.400000e-03, -1.5, 329220,1.001974e+08,1.161288e+08,1.579426e+08,1.350876e+08,1.388089e+08,5.717717e+07,184.575562, 185.475586,0.000100,0.536823,0.063005,1119.57275,    0.00000, 0.000000e+00, -0.6, 326494,0.000000e+00,0.000000e+00,0.000000e+00,0.000000e+00,0.000000e+00,0.000000e+00,11083.536133, 11083.536133,0.000000,0.000000,0.000000,1119.82190,   43.21000, 2.300000e-04, -223.3, 333253,1.249191e+08,9.439564e+07,1.428255e+08,1.216422e+08,1.203063e+08,4.480502e+07,184.571289, 185.320831,0.000100,0.430412,0.013331,1119.57190,   43.71000, 2.800000e-04,  0.1, 332247,5.812311e+07,6.912718e+07,9.771228e+07,9.443529e+07,7.499999e+07,3.922149e+07,184.987030, 185.987091,0.000100,0.543238,0.058962,1119.57275,    0.00000, 0.000000e+00, -0.6, 326494,1.165924e+07,5.896458e+06,1.886728e+07,2.280042e+07,2.487276e+07,9.057156e+06,183.931396, 184.079819,0.000100,0.335871,0.418875,1119.57446,   35.41000, 7.700000e-04, -2.2, 329791,1.306854e+08,1.892139e+07,3.883691e+07,3.247463e+07,4.176879e+07,1.724998e+07,183.119263, 183.766724,0.000100,0.126474,0.033565,1119.57275,    0.00000, 0.000000e+00, -0.6, 326494,2.157620e+07,3.086086e+07,4.030446e+07,3.557737e+07,3.000670e+07,1.376075e+07,184.405823, 185.255295,0.000100,0.588531,0.001645,1119.57153,   37.58000, 1.000000e-03,  0.5, 336994,8.057150e+07,6.800375e+07,1.074562e+08,8.939002e+07,1.000927e+08,3.456792e+07,184.819595, 186.270767,0.000100,0.457706,0.076436,1119.57568,   55.76000, 1.200000e-05, -3.3, 331055,1.708965e+08,1.950365e+07,5.099114e+07,4.097731e+07,5.375291e+07,2.367672e+07,182.629776, 183.330536,0.000100,0.102435,0.066406,1119.57422,    49.30000, 2.900000e-05, -1.9, 334766, 1.359711e+08,1.803290e+07,3.540838e+07,2.078643e+07,2.815815e+07,1.169252e+07,182.675446, 183.325073,0.000100,0.117094,0.000000,
LGEHNIDVLEGNEQFINAAKIITHPNFNGNTLDNDImLIK,Yes, 69, 5,  899.05807,7.798,17.928,23.183,21.033,14.877,8.704,230.423, 899.05780,   55.97000, 3.500000e-05,  0.3, 322633,1.295500e+07,2.791483e+07,4.001244e+07,3.345469e+07,1.994042e+07,1.023925e+07,182.843399, 183.091064,0.000100,0.683018,0.000000, 899.05780,    0.00000, 0.000000e+00,  0.3, 322633,0.000000e+00,0.000000e+00,0.000000e+00,0.000000e+00,0.000000e+00,0.000000e+00,10958.562500, 10958.562500,0.000000,0.000000,0.000000, 899.05780,    0.00000, 0.000000e+00,  0.3, 322633,2.298954e+06,6.435290e+06,3.335543e+07,7.198567e+06,7.142110e+05,1.404252e+06,182.267822, 183.906509,0.000100,0.736788,0.000000, 899.05780,    0.00000, 0.000000e+00,  0.3, 322633,3.931840e+07,3.481959e+07,4.357950e+07,1.128719e+07,3.888460e+06,9.522230e+05,182.354538, 183.746445,0.000100,0.469659,-0.000000, 899.05780,    0.00000, 0.000000e+00,  0.3, 322633,0.000000e+00,0.000000e+00,0.000000e+00,0.000000e+00,0.000000e+00,0.000000e+00,10905.377930, 10905.377930,0.000000,0.000000,0.000000, 899.05780,    0.00000, 0.000000e+00,  0.3, 322633,3.138281e+07,3.060908e+07,4.206973e+07,1.684087e+07,6.384329e+06,1.785941e+06,181.853119, 182.501480,0.000100,0.493759,0.000000, 899.05780,    0.00000, 0.000000e+00,  0.3, 322633,8.388471e+06,2.189844e+07,3.439855e+07,2.705037e+07,1.597806e+07,8.232777e+06,182.514862, 182.715240,0.000100,0.723033,0.000000, 899.05780,    0.00000, 0.000000e+00,  0.3, 322633,4.597080e+07,4.108293e+07,4.830266e+07,1.584791e+07,3.631149e+06,0.000000e+00,182.246399, 182.795410,0.000100,0.471926,0.000000, 899.05279,   33.93000, 1.400000e-03,  5.9, 325197,6.081853e+06,1.150032e+07,2.463121e+07,1.716454e+07,8.471169e+06,5.823265e+06,182.676315, 182.925720,0.000100,0.654090,0.000000, 899.25793,   36.72000, 6.700000e-04, -222.5, 307663,2.616423e+07,6.759524e+07,9.844139e+07,9.143743e+07,6.386434e+07,4.087750e+07,183.866409, 184.712662,0.000100,0.720943,0.150757, 899.05926,   36.18000, 1.400000e-03, -1.3, 329262,1.251341e+07,2.081502e+07,4.154784e+07,1.963996e+07,1.532679e+07,1.174634e+07,182.478607, 182.728149,0.000100,0.624542,0.032172, 899.05939,   28.96000, 1.900000e-03, -1.5, 327764,1.044914e+07,2.371926e+07,3.385718e+07,2.972740e+07,1.714012e+07,8.041474e+06,182.637054, 182.988144,0.000100,0.694187,0.000000, 899.05780,    0.00000, 0.000000e+00,  0.3, 322633,4.260943e+07,3.384821e+07,3.949566e+07,1.890552e+07,5.697663e+06,2.056715e+06,182.785934, 183.583527,0.000100,0.442705,0.000000, 899.05780,    0.00000, 0.000000e+00,  0.3, 322633,4.096536e+07,3.932440e+07,4.072132e+07,1.365169e+07,6.670760e+06,6.333070e+05,182.674133, 183.268265,0.000100,0.489781,0.000000, 899.06891,   37.03000, 5.700000e-04, -12.1, 297344,1.596881e+07,1.331692e+07,4.551330e+07,1.535903e+07,9.582256e+06,9.047906e+06,182.306335, 182.506073,0.000100,0.454724,0.000000, 899.05780,    0.00000, 0.000000e+00,  0.3, 322633,5.519443e+06,1.393111e+07,1.342957e+07,1.561889e+07,9.118861e+06,4.069720e+06,183.019180, 183.169220,0.000100,0.716232,0.000000, 899.05780,    0.00000, 0.000000e+00,  0.3, 322633,4.804413e+07,4.104122e+07,3.678611e+07,1.566836e+07,6.568894e+06,4.665407e+06,182.179108, 182.880966,0.000100,0.460696,-0.000000, 899.05780,     0.00000, 0.000000e+00,  0.3, 322633, 4.915898e+07,4.630618e+07,4.427389e+07,1.613183e+07,4.191721e+06,0.000000e+00,182.175110, 182.975342,0.000100,0.485058,0.000000,
LGEHNIDVLEGNEQFINAAKIITHPNFNGNTLDNDImLIK,Yes, 69, 4, 1123.57077,7.798,17.928,23.183,21.033,14.877,8.704,230.423,1123.82361,   26.90000, 3.000000e-03, -225.2, 322843,2.215581e+06,5.335486e+06,4.350660e+06,1.956039e+06,1.287920e+06,0.000000e+00,182.942780, 183.091064,0.000100,0.706587,-0.000000,1123.82361,    0.00000, 0.000000e+00, -225.2, 322843,0.000000e+00,0.000000e+00,0.000000e+00,0.000000e+00,0.000000e+00,0.000000e+00,10971.390625, 10971.390625,0.000000,0.000000,0.000000,1123.82361,    0.00000, 0.000000e+00, -225.2, 322843,8.022891e+06,9.341280e+06,1.142236e+07,2.779187e+06,3.931337e+06,0.000000e+00,182.313141, 182.860519,0.000100,0.537963,0.000000,1123.82361,    0.00000, 0.000000e+00, -225.2, 322843,2.271729e+07,1.168963e+07,1.426222e+07,5.030102e+06,7.365512e+06,0.000000e+00,182.454544, 182.801926,0.000100,0.339746,-0.000000,1123.82361,    0.00000, 0.000000e+00, -225.2, 322843,3.924338e+06,2.391769e+06,1.880745e+06,0.000000e+00,0.000000e+00,0.000000e+00,182.928864, 182.928864,0.000100,0.378678,0.000000,1123.82361,    0.00000, 0.000000e+00, -225.2, 322843,9.517469e+06,6.094049e+06,6.115232e+06,2.021870e+06,2.484138e+06,0.000000e+00,182.102539, 182.152527,0.000100,0.390356,-0.000000,1123.82361,    0.00000, 0.000000e+00, -225.2, 322843,7.458904e+06,8.402761e+06,1.156727e+07,5.498158e+06,2.313307e+06,0.000000e+00,182.615753, 182.715240,0.000100,0.529753,0.000000,1123.82361,    0.00000, 0.000000e+00, -225.2, 322843,1.010518e+07,4.168068e+06,4.182232e+06,3.969779e+06,2.485927e+06,0.000000e+00,182.545944, 182.596161,0.000100,0.292020,0.000000,1123.82361,    0.00000, 0.000000e+00, -225.2, 322843,1.084913e+07,9.198453e+06,1.220654e+07,1.363708e+06,0.000000e+00,0.000000e+00,182.525848, 182.775772,0.000100,0.458831,0.000000,1123.82361,    0.00000, 0.000000e+00, -225.2, 322843,1.540797e+07,2.147347e+07,3.280700e+07,2.612730e+07,2.539944e+07,1.186409e+07,183.965836, 184.364777,0.000100,0.582230,0.064944,1123.57227,   33.23000, 8.300000e-04, -1.3, 329275,1.492316e+06,2.200388e+06,2.298609e+06,9.355210e+05,1.203265e+06,0.000000e+00,182.478607, 182.478607,0.000100,0.595874,0.000000,1123.57227,   44.85000, 6.200000e-05, -1.3, 327977,7.775303e+06,8.033230e+06,1.188064e+07,9.319481e+06,5.428538e+06,0.000000e+00,182.787750, 182.888931,0.000100,0.508158,-0.000000,1123.82361,    0.00000, 0.000000e+00, -225.2, 322843,4.620143e+07,1.249219e+07,8.404856e+06,2.500903e+06,2.822110e+06,0.000000e+00,183.134384, 183.532898,0.000100,0.212837,0.000000,1123.82361,    0.00000, 0.000000e+00, -225.2, 322843,1.715718e+07,7.121244e+06,7.741111e+06,2.851390e+06,3.667451e+06,0.000000e+00,182.770325, 183.069351,0.000100,0.293316,-0.000000,1123.82227,   55.60000, 6.100000e-06, -224.0, 297476,2.678504e+06,4.252287e+06,5.310057e+06,4.292424e+06,6.040904e+06,1.363626e+06,182.406647, 182.506073,0.000100,0.613536,0.103027,1123.82361,    0.00000, 0.000000e+00, -225.2, 322843,3.280466e+06,2.362784e+06,5.027037e+06,4.730207e+06,6.006041e+06,7.576720e+05,183.019180, 183.068954,0.000100,0.418692,0.191187,1123.82361,    0.00000, 0.000000e+00, -225.2, 322843,2.274485e+07,1.114951e+07,1.264917e+07,2.027855e+06,2.660085e+06,0.000000e+00,182.329849, 182.629776,0.000100,0.328949,0.000000,1123.57202,    39.87000, 1.800000e-04, -1.1, 330454, 5.433207e+06,6.015752e+06,1.249505e+07,7.273273e+06,8.220232e+06,1.693985e+06,180.125656, 180.225845,0.000100,0.525441,0.000000,
IITHPNFNGNTLDNDIMLIKLSSPATLNSR,Yes, 47, 4,  828.18694,14.373,25.977,25.491,17.705,9.682,4.412,190.862, 828.18817,    0.00000, 0.000000e+00, -1.5, 343409,0.000000e+00,0.000000e+00,0.000000e+00,0.000000e+00,0.000000e+00,0.000000e+00,10672.038086, 10672.038086,0.000000,0.000000,0.000000, 828.18817,   41.82000, 2.000000e-04, -1.5, 343409,3.380713e+07,5.841828e+07,4.477352e+07,2.026216e+07,9.467479e+06,7.051422e+06,176.137497, 176.538879,0.000100,0.633429,0.000000, 828.18280,   65.66000, 1.900000e-06,  5.0, 271859,9.349627e+07,1.768144e+08,1.600323e+08,1.164576e+08,5.926193e+07,2.464142e+07,155.989166, 156.489410,0.000100,0.654115,0.000000, 828.18799,   56.62000, 1.900000e-05, -1.3, 273339,7.908520e+07,1.398285e+08,1.212042e+08,9.088508e+07,4.214067e+07,1.766665e+07,153.846359, 154.397369,0.000100,0.638738,0.000000, 828.18823,   43.29000, 1.200000e-04, -1.6, 283028,6.487062e+07,1.240252e+08,1.108243e+08,8.235184e+07,2.948751e+07,2.001176e+07,152.781342, 153.675949,0.000100,0.656580,0.002405, 828.18970,   42.15000, 2.700000e-04, -3.3, 274652,4.392030e+07,9.079066e+07,7.187004e+07,5.411717e+07,2.607272e+07,9.339247e+06,152.172791, 152.772858,0.000100,0.673966,0.000000, 828.18817,    0.00000, 0.000000e+00, -1.5, 343409,3.027153e+06,1.921606e+06,1.513283e+06,0.000000e+00,0.000000e+00,0.000000e+00,176.716095, 176.816238,0.000100,0.388301,-0.000000, 828.18835,   40.15000, 5.900000e-04, -1.7, 271766,7.434571e+07,1.998095e+08,1.302855e+08,1.358490e+08,4.810468e+07,4.171647e+07,153.921249, 154.619431,0.000100,0.728819,0.126530, 828.18939,   58.60000, 3.300000e-05, -3.0, 276227,1.286041e+08,2.540154e+08,2.218175e+08,1.784590e+08,8.266448e+07,4.027435e+07,156.236801, 156.636261,0.000100,0.663885,-0.000000, 828.18903,   52.52000, 8.900000e-05, -2.5, 262220,8.755762e+07,1.593140e+08,1.431108e+08,1.054638e+08,5.312915e+07,2.658772e+07,158.570541, 159.020264,0.000100,0.645331,0.006764, 828.18536,   65.69000, 1.900000e-06,  1.9, 279330,8.118253e+07,1.839341e+08,1.373406e+08,1.005661e+08,5.331559e+07,3.161745e+07,155.805237, 156.205078,0.000100,0.693786,0.053150, 828.17950,   52.15000, 5.300000e-05,  9.0, 276323,7.449311e+07,1.856217e+08,1.338496e+08,1.193833e+08,4.919034e+07,3.242849e+07,154.687378, 155.037262,0.000100,0.713614,0.057219, 828.18622,   55.17000, 1.700000e-05,  0.9, 281020,5.802372e+07,2.214853e+08,1.014927e+08,1.353192e+08,3.663283e+07,4.716875e+07,152.840439, 153.390503,0.000100,0.792408,0.184637, 828.18127,   57.06000, 1.000000e-05,  6.9, 276009,7.136644e+07,1.897965e+08,1.309850e+08,1.186253e+08,4.518887e+07,3.834828e+07,153.926346, 154.326675,0.000100,0.726736,0.115106, 828.19019,   57.45000, 9.700000e-06, -3.9, 252703,1.530401e+07,3.108773e+07,2.924665e+07,2.037295e+07,1.016021e+07,5.706736e+06,156.444763, 156.795303,0.000100,0.670113,0.036426, 828.18817,    0.00000, 0.000000e+00, -1.5, 343409,0.000000e+00,0.000000e+00,0.000000e+00,0.000000e+00,0.000000e+00,0.000000e+00,10635.486328, 10635.486328,0.000000,0.000000,0.000000, 828.18811,   52.49000, 2.200000e-05, -1.4, 276911,7.102426e+07,2.017773e+08,1.214085e+08,8.644731e+07,4.233952e+07,1.299624e+07,153.531540, 154.080505,0.000100,0.739649,0.000000, 828.18768,    46.36000, 7.600000e-05, -0.9, 278212, 6.830937e+07,1.585933e+08,1.167827e+08,9.090895e+07,4.748658e+07,2.077634e+07,152.627640, 153.477005,0.000100,0.698949,0.000000,
LGEHNIDVLEGNEQFINAAKIITHPNFNGNTLDNDIMLIK,Yes, 69, 5,  895.85909,7.798,17.928,23.183,21.033,14.877,8.704,230.423, 895.85907,    0.00000, 0.000000e+00,  0.0, 323550,1.737652e+07,3.133438e+07,3.396418e+07,4.447066e+07,2.538204e+07,1.338912e+07,184.926178, 185.026398,0.000100,0.643272,0.021676, 895.85907,    0.00000, 0.000000e+00,  0.0, 323550,0.000000e+00,0.000000e+00,0.000000e+00,0.000000e+00,0.000000e+00,0.000000e+00,11043.624023, 11043.624023,0.000000,0.000000,0.000000, 895.85907,   43.71000, 8.800000e-05,  0.0, 323550,1.125955e+08,2.688595e+08,3.656562e+08,3.770201e+08,2.329819e+08,1.398341e+08,184.306442, 184.748291,0.000100,0.704826,0.094251, 895.86047,   40.74000, 8.600000e-04, -1.6, 327045,9.892585e+07,1.961293e+08,3.027959e+08,2.532857e+08,1.957663e+08,1.077745e+08,182.404419, 182.851761,0.000100,0.664721,0.066748, 895.85907,    0.00000, 0.000000e+00,  0.0, 323550,0.000000e+00,0.000000e+00,0.000000e+00,0.000000e+00,0.000000e+00,0.000000e+00,11083.332031, 11083.332031,0.000000,0.000000,0.000000, 895.86127,   43.90000, 1.600000e-03, -2.4, 331295,5.832836e+07,1.476459e+08,2.023732e+08,1.898230e+08,1.275123e+08,7.074249e+07,181.903000, 182.152527,0.000100,0.716817,0.051384, 895.86224,   31.63000, 1.200000e-03, -3.5, 327396,6.524700e+07,1.397680e+08,2.247546e+08,2.071867e+08,1.332858e+08,7.875093e+07,184.616150, 185.166718,0.000100,0.681745,0.103216, 895.86188,   32.03000, 2.600000e-03, -3.1, 325049,1.007965e+08,2.134411e+08,2.931320e+08,2.593042e+08,1.892165e+08,1.094061e+08,182.246399, 183.194656,0.000100,0.679235,0.014911, 895.85938,   35.16000, 2.900000e-03, -0.3, 329109,9.201923e+07,2.329685e+08,3.014129e+08,3.054605e+08,1.949939e+08,1.146482e+08,184.575562, 184.975494,0.000100,0.716853,0.066804, 895.85907,    0.00000, 0.000000e+00,  0.0, 323550,1.829789e+06,3.243960e+06,3.433612e+06,2.401114e+07,4.590610e+05,0.000000e+00,184.712662, 184.813766,0.000100,0.639362,0.546264, 895.85907,    0.00000, 0.000000e+00,  0.0, 323550,8.242868e+07,2.182715e+08,2.880570e+08,2.832889e+08,1.889136e+08,9.745443e+07,184.521530, 184.971375,0.000100,0.725877,0.058980, 895.85907,    0.00000, 0.000000e+00,  0.0, 323550,6.856780e+07,1.297856e+08,2.018679e+08,1.532969e+08,1.276564e+08,7.481812e+07,184.987030, 185.437576,0.000100,0.654315,0.054026, 895.86060,   30.21000, 4.800000e-03, -1.7, 338427,8.048910e+07,1.797336e+08,2.599764e+08,2.725167e+08,1.555017e+08,8.745869e+07,182.984985, 183.781830,0.000100,0.690692,0.078050, 895.86237,   34.83000, 5.500000e-04, -3.7, 329736,9.892478e+07,2.132399e+08,3.043281e+08,2.813928e+08,2.040472e+08,1.048825e+08,182.674133, 183.119263,0.000100,0.683101,0.069614, 895.86121,   39.09000, 1.100000e-03, -2.4, 301269,2.256474e+07,5.301117e+07,7.598080e+07,1.333244e+08,4.441263e+07,2.613944e+07,184.405823, 184.705338,0.000100,0.701429,0.287559, 895.85907,    0.00000, 0.000000e+00,  0.0, 323550,5.009544e+07,9.069537e+07,1.545500e+08,6.227341e+07,8.289622e+07,5.512774e+07,185.069962, 185.470001,0.000100,0.644185,0.113913, 895.86200,   40.01000, 1.100000e-03, -3.3, 331050,9.684250e+07,1.976426e+08,2.984763e+08,2.594649e+08,1.847534e+08,1.136374e+08,182.279587, 182.629776,0.000100,0.671146,0.073423, 895.86084,    32.41000, 2.200000e-03, -2.0, 334741, 8.614042e+07,1.933857e+08,2.461710e+08,2.361444e+08,1.693816e+08,9.648380e+07,182.325500, 183.025360,0.000100,0.691834,0.030027,
